symbol,strategy,interval,indicator_params,exit_mode,exit_params,n_trades,win_rate_pct,total_return_pct,max_drawdown_pct,sharpe,profit_factor,avg_win_pct,avg_loss_pct
BTCUSDC,RSI,1m,"{""window"": 10, ""buy_threshold"": 20, ""sell_threshold"": 70}",flat,"{""sl_pct"": 2.0, ""tp_pct"": 4.0}",45,31.11,-21.74,-32.41,-2.665,0.639,3.449,-2.294
BTCUSDC,RSI,1m,"{""window"": 10, ""buy_threshold"": 20, ""sell_threshold"": 70}",flat,"{""sl_pct"": 1.0, ""tp_pct"": 2.0}",134,29.1,-45.0,-48.36,-7.124,0.518,1.66,-1.297
BTCUSDC,RSI,1m,"{""window"": 10, ""buy_threshold"": 20, ""sell_threshold"": 70}",flat,"{""sl_pct"": 3.0, ""tp_pct"": 6.0}",23,30.43,-18.16,-30.32,-2.181,0.605,4.918,-3.291
BTCUSDC,RSI,1m,"{""window"": 10, ""buy_threshold"": 20, ""sell_threshold"": 70}",atr,"{""atr_window"": 14, ""sl_mult"": 1.0, ""tp_mult"": 2.0}",899,2.45,-92.67,-92.69,-36.227,0.006,0.099,-0.3
BTCUSDC,RSI,1m,"{""window"": 10, ""buy_threshold"": 20, ""sell_threshold"": 70}",atr,"{""atr_window"": 14, ""sl_mult"": 1.5, ""tp_mult"": 3.0}",823,6.56,-90.95,-90.99,-37.905,0.027,0.137,-0.321
BTCUSDC,RSI,1m,"{""window"": 10, ""buy_threshold"": 20, ""sell_threshold"": 70}",atr,"{""atr_window"": 14, ""sl_mult"": 2.0, ""tp_mult"": 4.0}",753,10.62,-89.51,-89.56,-35.578,0.055,0.171,-0.355
BTCUSDC,RSI,1m,"{""window"": 10, ""buy_threshold"": 20, ""sell_threshold"": 80}",flat,"{""sl_pct"": 2.0, ""tp_pct"": 4.0}",45,31.11,-21.74,-32.41,-2.665,0.639,3.449,-2.294
BTCUSDC,RSI,1m,"{""window"": 10, ""buy_threshold"": 20, ""sell_threshold"": 80}",flat,"{""sl_pct"": 1.0, ""tp_pct"": 2.0}",134,29.1,-45.0,-48.36,-7.124,0.518,1.66,-1.297
BTCUSDC,RSI,1m,"{""window"": 10, ""buy_threshold"": 20, ""sell_threshold"": 80}",flat,"{""sl_pct"": 3.0, ""tp_pct"": 6.0}",23,30.43,-18.16,-30.32,-2.181,0.605,4.918,-3.291
BTCUSDC,RSI,1m,"{""window"": 10, ""buy_threshold"": 20, ""sell_threshold"": 80}",atr,"{""atr_window"": 14, ""sl_mult"": 1.0, ""tp_mult"": 2.0}",899,2.45,-92.67,-92.69,-36.227,0.006,0.099,-0.3
BTCUSDC,RSI,1m,"{""window"": 10, ""buy_threshold"": 20, ""sell_threshold"": 80}",atr,"{""atr_window"": 14, ""sl_mult"": 1.5, ""tp_mult"": 3.0}",823,6.56,-90.95,-90.99,-37.905,0.027,0.137,-0.321
BTCUSDC,RSI,1m,"{""window"": 10, ""buy_threshold"": 20, ""sell_threshold"": 80}",atr,"{""atr_window"": 14, ""sl_mult"": 2.0, ""tp_mult"": 4.0}",753,10.62,-89.51,-89.56,-35.578,0.055,0.171,-0.355
BTCUSDC,RSI,1m,"{""window"": 10, ""buy_threshold"": 30, ""sell_threshold"": 70}",flat,"{""sl_pct"": 2.0, ""tp_pct"": 4.0}",42,23.81,-30.82,-37.5,-4.091,0.474,3.688,-2.257
BTCUSDC,RSI,1m,"{""window"": 10, ""buy_threshold"": 30, ""sell_threshold"": 70}",flat,"{""sl_pct"": 1.0, ""tp_pct"": 2.0}",175,28.0,-56.63,-58.16,-7.881,0.474,1.665,-1.297
BTCUSDC,RSI,1m,"{""window"": 10, ""buy_threshold"": 30, ""sell_threshold"": 70}",flat,"{""sl_pct"": 3.0, ""tp_pct"": 6.0}",21,23.81,-21.77,-33.39,-2.618,0.507,5.682,-3.209
BTCUSDC,RSI,1m,"{""window"": 10, ""buy_threshold"": 30, ""sell_threshold"": 70}",atr,"{""atr_window"": 14, ""sl_mult"": 1.0, ""tp_mult"": 2.0}",3859,1.66,-100.0,-100.0,-70.13,0.001,0.083,-0.302
BTCUSDC,RSI,1m,"{""window"": 10, ""buy_threshold"": 30, ""sell_threshold"": 70}",atr,"{""atr_window"": 14, ""sl_mult"": 1.5, ""tp_mult"": 3.0}",3211,5.08,-99.99,-99.99,-69.637,0.008,0.129,-0.318
BTCUSDC,RSI,1m,"{""window"": 10, ""buy_threshold"": 30, ""sell_threshold"": 70}",atr,"{""atr_window"": 14, ""sl_mult"": 2.0, ""tp_mult"": 4.0}",2693,8.39,-99.97,-99.97,-62.255,0.026,0.171,-0.34
BTCUSDC,RSI,1m,"{""window"": 10, ""buy_threshold"": 30, ""sell_threshold"": 80}",flat,"{""sl_pct"": 2.0, ""tp_pct"": 4.0}",42,23.81,-30.82,-37.5,-4.091,0.474,3.688,-2.257
BTCUSDC,RSI,1m,"{""window"": 10, ""buy_threshold"": 30, ""sell_threshold"": 80}",flat,"{""sl_pct"": 1.0, ""tp_pct"": 2.0}",175,28.0,-56.63,-58.16,-7.881,0.474,1.665,-1.297
BTCUSDC,RSI,1m,"{""window"": 10, ""buy_threshold"": 30, ""sell_threshold"": 80}",flat,"{""sl_pct"": 3.0, ""tp_pct"": 6.0}",21,23.81,-21.77,-33.39,-2.618,0.507,5.682,-3.209
BTCUSDC,RSI,1m,"{""window"": 10, ""buy_threshold"": 30, ""sell_threshold"": 80}",atr,"{""atr_window"": 14, ""sl_mult"": 1.0, ""tp_mult"": 2.0}",3859,1.66,-100.0,-100.0,-70.13,0.001,0.083,-0.302
BTCUSDC,RSI,1m,"{""window"": 10, ""buy_threshold"": 30, ""sell_threshold"": 80}",atr,"{""atr_window"": 14, ""sl_mult"": 1.5, ""tp_mult"": 3.0}",3211,5.08,-99.99,-99.99,-69.637,0.008,0.129,-0.318
BTCUSDC,RSI,1m,"{""window"": 10, ""buy_threshold"": 30, ""sell_threshold"": 80}",atr,"{""atr_window"": 14, ""sl_mult"": 2.0, ""tp_mult"": 4.0}",2693,8.39,-99.97,-99.97,-62.255,0.026,0.171,-0.34
BTCUSDC,RSI,1m,"{""window"": 14, ""buy_threshold"": 20, ""sell_threshold"": 70}",flat,"{""sl_pct"": 2.0, ""tp_pct"": 4.0}",42,30.95,-21.03,-29.03,-2.375,0.639,3.421,-2.294
BTCUSDC,RSI,1m,"{""window"": 14, ""buy_threshold"": 20, ""sell_threshold"": 70}",flat,"{""sl_pct"": 1.0, ""tp_pct"": 2.0}",85,31.76,-27.24,-30.75,-3.967,0.579,1.639,-1.297
BTCUSDC,RSI,1m,"{""window"": 14, ""buy_threshold"": 20, ""sell_threshold"": 70}",flat,"{""sl_pct"": 3.0, ""tp_pct"": 6.0}",21,28.57,-19.96,-31.36,-2.365,0.539,4.783,-3.291
BTCUSDC,RSI,1m,"{""window"": 14, ""buy_threshold"": 20, ""sell_threshold"": 70}",atr,"{""atr_window"": 14, ""sl_mult"": 1.0, ""tp_mult"": 2.0}",340,2.06,-63.43,-63.44,-21.212,0.007,0.121,-0.304
BTCUSDC,RSI,1m,"{""window"": 14, ""buy_threshold"": 20, ""sell_threshold"": 70}",atr,"{""atr_window"": 14, ""sl_mult"": 1.5, ""tp_mult"": 3.0}",309,8.09,-58.22,-58.23,-19.809,0.04,0.146,-0.32
BTCUSDC,RSI,1m,"{""window"": 14, ""buy_threshold"": 20, ""sell_threshold"": 70}",atr,"{""atr_window"": 14, ""sl_mult"": 2.0, ""tp_mult"": 4.0}",289,14.53,-55.21,-55.22,-19.421,0.098,0.199,-0.358
BTCUSDC,RSI,1m,"{""window"": 14, ""buy_threshold"": 20, ""sell_threshold"": 80}",flat,"{""sl_pct"": 2.0, ""tp_pct"": 4.0}",42,30.95,-21.03,-29.03,-2.375,0.639,3.421,-2.294
BTCUSDC,RSI,1m,"{""window"": 14, ""buy_threshold"": 20, ""sell_threshold"": 80}",flat,"{""sl_pct"": 1.0, ""tp_pct"": 2.0}",85,31.76,-27.24,-30.75,-3.967,0.579,1.639,-1.297
BTCUSDC,RSI,1m,"{""window"": 14, ""buy_threshold"": 20, ""sell_threshold"": 80}",flat,"{""sl_pct"": 3.0, ""tp_pct"": 6.0}",21,28.57,-19.96,-31.36,-2.365,0.539,4.783,-3.291
BTCUSDC,RSI,1m,"{""window"": 14, ""buy_threshold"": 20, ""sell_threshold"": 80}",atr,"{""atr_window"": 14, ""sl_mult"": 1.0, ""tp_mult"": 2.0}",340,2.06,-63.43,-63.44,-21.212,0.007,0.121,-0.304
BTCUSDC,RSI,1m,"{""window"": 14, ""buy_threshold"": 20, ""sell_threshold"": 80}",atr,"{""atr_window"": 14, ""sl_mult"": 1.5, ""tp_mult"": 3.0}",309,8.09,-58.22,-58.23,-19.809,0.04,0.146,-0.32
BTCUSDC,RSI,1m,"{""window"": 14, ""buy_threshold"": 20, ""sell_threshold"": 80}",atr,"{""atr_window"": 14, ""sl_mult"": 2.0, ""tp_mult"": 4.0}",289,14.53,-55.21,-55.22,-19.421,0.098,0.199,-0.358
BTCUSDC,RSI,1m,"{""window"": 14, ""buy_threshold"": 30, ""sell_threshold"": 70}",flat,"{""sl_pct"": 2.0, ""tp_pct"": 4.0}",39,28.21,-24.74,-36.02,-2.943,0.538,3.383,-2.294
BTCUSDC,RSI,1m,"{""window"": 14, ""buy_threshold"": 30, ""sell_threshold"": 70}",flat,"{""sl_pct"": 1.0, ""tp_pct"": 2.0}",160,31.25,-45.61,-47.97,-6.52,0.566,1.667,-1.297
BTCUSDC,RSI,1m,"{""window"": 14, ""buy_threshold"": 30, ""sell_threshold"": 70}",flat,"{""sl_pct"": 3.0, ""tp_pct"": 6.0}",21,28.57,-20.01,-32.68,-2.406,0.533,4.774,-3.291
BTCUSDC,RSI,1m,"{""window"": 14, ""buy_threshold"": 30, ""sell_threshold"": 70}",atr,"{""atr_window"": 14, ""sl_mult"": 1.0, ""tp_mult"": 2.0}",2203,1.82,-99.86,-99.86,-51.58,0.002,0.084,-0.303
BTCUSDC,RSI,1m,"{""window"": 14, ""buy_threshold"": 30, ""sell_threshold"": 70}",atr,"{""atr_window"": 14, ""sl_mult"": 1.5, ""tp_mult"": 3.0}",1868,6.53,-99.59,-99.59,-52.147,0.014,0.128,-0.323
BTCUSDC,RSI,1m,"{""window"": 14, ""buy_threshold"": 30, ""sell_threshold"": 70}",atr,"{""atr_window"": 14, ""sl_mult"": 2.0, ""tp_mult"": 4.0}",1617,10.76,-99.15,-99.15,-47.849,0.044,0.172,-0.35
BTCUSDC,RSI,1m,"{""window"": 14, ""buy_threshold"": 30, ""sell_threshold"": 80}",flat,"{""sl_pct"": 2.0, ""tp_pct"": 4.0}",39,28.21,-24.74,-36.02,-2.943,0.538,3.383,-2.294
BTCUSDC,RSI,1m,"{""window"": 14, ""buy_threshold"": 30, ""sell_threshold"": 80}",flat,"{""sl_pct"": 1.0, ""tp_pct"": 2.0}",160,31.25,-45.61,-47.97,-6.52,0.566,1.667,-1.297
BTCUSDC,RSI,1m,"{""window"": 14, ""buy_threshold"": 30, ""sell_threshold"": 80}",flat,"{""sl_pct"": 3.0, ""tp_pct"": 6.0}",21,28.57,-20.01,-32.68,-2.406,0.533,4.774,-3.291
BTCUSDC,RSI,1m,"{""window"": 14, ""buy_threshold"": 30, ""sell_threshold"": 80}",atr,"{""atr_window"": 14, ""sl_mult"": 1.0, ""tp_mult"": 2.0}",2203,1.82,-99.86,-99.86,-51.58,0.002,0.084,-0.303
BTCUSDC,RSI,1m,"{""window"": 14, ""buy_threshold"": 30, ""sell_threshold"": 80}",atr,"{""atr_window"": 14, ""sl_mult"": 1.5, ""tp_mult"": 3.0}",1868,6.53,-99.59,-99.59,-52.147,0.014,0.128,-0.323
BTCUSDC,RSI,1m,"{""window"": 14, ""buy_threshold"": 30, ""sell_threshold"": 80}",atr,"{""atr_window"": 14, ""sl_mult"": 2.0, ""tp_mult"": 4.0}",1617,10.76,-99.15,-99.15,-47.849,0.044,0.172,-0.35
BTCUSDC,EMA,1m,"{""short_span"": 5, ""long_span"": 20}",flat,"{""sl_pct"": 2.0, ""tp_pct"": 4.0}",58,29.31,-30.75,-38.8,-3.698,0.586,3.497,-2.294
BTCUSDC,EMA,1m,"{""short_span"": 5, ""long_span"": 20}",flat,"{""sl_pct"": 1.0, ""tp_pct"": 2.0}",171,29.82,-51.4,-52.36,-6.832,0.515,1.67,-1.297
BTCUSDC,EMA,1m,"{""short_span"": 5, ""long_span"": 20}",flat,"{""sl_pct"": 3.0, ""tp_pct"": 6.0}",22,22.73,-23.07,-33.67,-2.791,0.491,5.682,-3.116
BTCUSDC,EMA,1m,"{""short_span"": 5, ""long_span"": 20}",atr,"{""atr_window"": 14, ""sl_mult"": 1.0, ""tp_mult"": 2.0}",4044,0.96,-100.0,-100.0,-148.712,0.0,0.094,-0.302
BTCUSDC,EMA,1m,"{""short_span"": 5, ""long_span"": 20}",atr,"{""atr_window"": 14, ""sl_mult"": 1.5, ""tp_mult"": 3.0}",3578,3.66,-100.0,-100.0,-140.312,0.003,0.138,-0.316
BTCUSDC,EMA,1m,"{""short_span"": 5, ""long_span"": 20}",atr,"{""atr_window"": 14, ""sl_mult"": 2.0, ""tp_mult"": 4.0}",2958,6.73,-99.99,-99.99,-123.763,0.015,0.174,-0.335
BTCUSDC,EMA,1m,"{""short_span"": 9, ""long_span"": 21}",flat,"{""sl_pct"": 2.0, ""tp_pct"": 4.0}",59,28.81,-32.29,-41.01,-3.54,0.568,3.501,-2.294
BTCUSDC,EMA,1m,"{""short_span"": 9, ""long_span"": 21}",flat,"{""sl_pct"": 1.0, ""tp_pct"": 2.0}",167,29.94,-50.27,-51.36,-6.871,0.521,1.671,-1.297
BTCUSDC,EMA,1m,"{""short_span"": 9, ""long_span"": 21}",flat,"{""sl_pct"": 3.0, ""tp_pct"": 6.0}",23,26.09,-24.69,-34.34,-2.973,0.48,4.884,-3.291
BTCUSDC,EMA,1m,"{""short_span"": 9, ""long_span"": 21}",atr,"{""atr_window"": 14, ""sl_mult"": 1.0, ""tp_mult"": 2.0}",3002,1.1,-99.99,-99.99,-132.083,0.0,0.084,-0.303
BTCUSDC,EMA,1m,"{""short_span"": 9, ""long_span"": 21}",atr,"{""atr_window"": 14, ""sl_mult"": 1.5, ""tp_mult"": 3.0}",2795,3.76,-99.98,-99.98,-138.676,0.005,0.137,-0.316
BTCUSDC,EMA,1m,"{""short_span"": 9, ""long_span"": 21}",atr,"{""atr_window"": 14, ""sl_mult"": 2.0, ""tp_mult"": 4.0}",2450,6.65,-99.94,-99.94,-108.064,0.016,0.167,-0.338
BTCUSDC,EMA,1m,"{""short_span"": 12, ""long_span"": 26}",flat,"{""sl_pct"": 2.0, ""tp_pct"": 4.0}",54,29.63,-28.39,-38.25,-3.137,0.593,3.486,-2.294
BTCUSDC,EMA,1m,"{""short_span"": 12, ""long_span"": 26}",flat,"{""sl_pct"": 1.0, ""tp_pct"": 2.0}",158,30.38,-47.34,-49.77,-6.249,0.527,1.668,-1.297
BTCUSDC,EMA,1m,"{""short_span"": 12, ""long_span"": 26}",flat,"{""sl_pct"": 3.0, ""tp_pct"": 6.0}",22,22.73,-23.51,-33.69,-2.832,0.486,5.682,-3.15
BTCUSDC,EMA,1m,"{""short_span"": 12, ""long_span"": 26}",atr,"{""atr_window"": 14, ""sl_mult"": 1.0, ""tp_mult"": 2.0}",2323,0.99,-99.91,-99.91,-125.852,0.001,0.108,-0.303
BTCUSDC,EMA,1m,"{""short_span"": 12, ""long_span"": 26}",atr,"{""atr_window"": 14, ""sl_mult"": 1.5, ""tp_mult"": 3.0}",2242,3.61,-99.88,-99.88,-119.357,0.006,0.148,-0.316
BTCUSDC,EMA,1m,"{""short_span"": 12, ""long_span"": 26}",atr,"{""atr_window"": 14, ""sl_mult"": 2.0, ""tp_mult"": 4.0}",2043,6.41,-99.8,-99.8,-99.867,0.017,0.177,-0.336
BTCUSDC,EMA,1m,"{""short_span"": 5, ""long_span"": 13}",flat,"{""sl_pct"": 2.0, ""tp_pct"": 4.0}",58,25.86,-38.43,-43.17,-4.671,0.488,3.48,-2.294
BTCUSDC,EMA,1m,"{""short_span"": 5, ""long_span"": 13}",flat,"{""sl_pct"": 1.0, ""tp_pct"": 2.0}",179,30.17,-52.06,-53.06,-6.904,0.525,1.673,-1.297
BTCUSDC,EMA,1m,"{""short_span"": 5, ""long_span"": 13}",flat,"{""sl_pct"": 3.0, ""tp_pct"": 6.0}",22,22.73,-23.06,-33.29,-2.892,0.491,5.682,-3.115
BTCUSDC,EMA,1m,"{""short_span"": 5, ""long_span"": 13}",atr,"{""atr_window"": 14, ""sl_mult"": 1.0, ""tp_mult"": 2.0}",4930,0.99,-100.0,-100.0,-183.767,0.0,0.095,-0.305
BTCUSDC,EMA,1m,"{""short_span"": 5, ""long_span"": 13}",atr,"{""atr_window"": 14, ""sl_mult"": 1.5, ""tp_mult"": 3.0}",4243,3.54,-100.0,-100.0,-179.972,0.003,0.131,-0.318
BTCUSDC,EMA,1m,"{""short_span"": 5, ""long_span"": 13}",atr,"{""atr_window"": 14, ""sl_mult"": 2.0, ""tp_mult"": 4.0}",3437,6.81,-100.0,-100.0,-143.196,0.016,0.178,-0.339
BTCUSDC,MACD,1m,"{""fast"": 12, ""slow"": 26, ""signal"": 9}",flat,"{""sl_pct"": 2.0, ""tp_pct"": 4.0}",53,28.3,-31.17,-37.69,-3.761,0.547,3.449,-2.294
BTCUSDC,MACD,1m,"{""fast"": 12, ""slow"": 26, ""signal"": 9}",flat,"{""sl_pct"": 1.0, ""tp_pct"": 2.0}",173,29.48,-52.59,-54.25,-6.867,0.511,1.672,-1.297
BTCUSDC,MACD,1m,"{""fast"": 12, ""slow"": 26, ""signal"": 9}",flat,"{""sl_pct"": 3.0, ""tp_pct"": 6.0}",20,20.0,-24.82,-34.45,-3.002,0.418,5.682,-3.113
BTCUSDC,MACD,1m,"{""fast"": 12, ""slow"": 26, ""signal"": 9}",atr,"{""atr_window"": 14, ""sl_mult"": 1.0, ""tp_mult"": 2.0}",5158,1.24,-100.0,-100.0,-217.959,0.0,0.093,-0.303
BTCUSDC,MACD,1m,"{""fast"": 12, ""slow"": 26, ""signal"": 9}",atr,"{""atr_window"": 14, ""sl_mult"": 1.5, ""tp_mult"": 3.0}",4584,4.1,-100.0,-100.0,-194.315,0.004,0.132,-0.319
BTCUSDC,MACD,1m,"{""fast"": 12, ""slow"": 26, ""signal"": 9}",atr,"{""atr_window"": 14, ""sl_mult"": 2.0, ""tp_mult"": 4.0}",3821,7.25,-100.0,-100.0,-139.848,0.016,0.178,-0.342
BTCUSDC,MACD,1m,"{""fast"": 5, ""slow"": 35, ""signal"": 5}",flat,"{""sl_pct"": 2.0, ""tp_pct"": 4.0}",59,28.81,-32.51,-39.55,-3.92,0.569,3.482,-2.294
BTCUSDC,MACD,1m,"{""fast"": 5, ""slow"": 35, ""signal"": 5}",flat,"{""sl_pct"": 1.0, ""tp_pct"": 2.0}",191,30.37,-53.75,-54.49,-7.22,0.531,1.677,-1.297
BTCUSDC,MACD,1m,"{""fast"": 5, ""slow"": 35, ""signal"": 5}",flat,"{""sl_pct"": 3.0, ""tp_pct"": 6.0}",22,27.27,-22.68,-33.4,-2.634,0.497,4.766,-3.291
BTCUSDC,MACD,1m,"{""fast"": 5, ""slow"": 35, ""signal"": 5}",atr,"{""atr_window"": 14, ""sl_mult"": 1.0, ""tp_mult"": 2.0}",8159,1.19,-100.0,-100.0,-265.235,0.0,0.088,-0.303
BTCUSDC,MACD,1m,"{""fast"": 5, ""slow"": 35, ""signal"": 5}",atr,"{""atr_window"": 14, ""sl_mult"": 1.5, ""tp_mult"": 3.0}",6475,3.91,-100.0,-100.0,-210.651,0.005,0.135,-0.318
BTCUSDC,MACD,1m,"{""fast"": 5, ""slow"": 35, ""signal"": 5}",atr,"{""atr_window"": 14, ""sl_mult"": 2.0, ""tp_mult"": 4.0}",4734,7.33,-100.0,-100.0,-121.627,0.02,0.175,-0.34
BTCUSDC,MACD,1m,"{""fast"": 8, ""slow"": 21, ""signal"": 5}",flat,"{""sl_pct"": 2.0, ""tp_pct"": 4.0}",60,26.67,-34.8,-40.94,-4.197,0.547,3.688,-2.263
BTCUSDC,MACD,1m,"{""fast"": 8, ""slow"": 21, ""signal"": 5}",flat,"{""sl_pct"": 1.0, ""tp_pct"": 2.0}",181,30.39,-51.82,-52.59,-6.971,0.532,1.676,-1.297
BTCUSDC,MACD,1m,"{""fast"": 8, ""slow"": 21, ""signal"": 5}",flat,"{""sl_pct"": 3.0, ""tp_pct"": 6.0}",22,22.73,-24.3,-34.15,-2.924,0.475,5.682,-3.21
BTCUSDC,MACD,1m,"{""fast"": 8, ""slow"": 21, ""signal"": 5}",atr,"{""atr_window"": 14, ""sl_mult"": 1.0, ""tp_mult"": 2.0}",7443,1.13,-100.0,-100.0,-253.57,0.0,0.087,-0.303
BTCUSDC,MACD,1m,"{""fast"": 8, ""slow"": 21, ""signal"": 5}",atr,"{""atr_window"": 14, ""sl_mult"": 1.5, ""tp_mult"": 3.0}",6077,3.83,-100.0,-100.0,-219.927,0.004,0.135,-0.317
BTCUSDC,MACD,1m,"{""fast"": 8, ""slow"": 21, ""signal"": 5}",atr,"{""atr_window"": 14, ""sl_mult"": 2.0, ""tp_mult"": 4.0}",4626,7.31,-100.0,-100.0,-135.166,0.02,0.17,-0.341
BTCUSDC,MACD,1m,"{""fast"": 12, ""slow"": 26, ""signal"": 5}",flat,"{""sl_pct"": 2.0, ""tp_pct"": 4.0}",56,26.79,-32.58,-39.16,-3.886,0.556,3.688,-2.261
BTCUSDC,MACD,1m,"{""fast"": 12, ""slow"": 26, ""signal"": 5}",flat,"{""sl_pct"": 1.0, ""tp_pct"": 2.0}",183,30.05,-53.33,-54.86,-7.113,0.52,1.666,-1.297
BTCUSDC,MACD,1m,"{""fast"": 12, ""slow"": 26, ""signal"": 5}",flat,"{""sl_pct"": 3.0, ""tp_pct"": 6.0}",22,22.73,-24.3,-33.91,-2.938,0.475,5.682,-3.21
BTCUSDC,MACD,1m,"{""fast"": 12, ""slow"": 26, ""signal"": 5}",atr,"{""atr_window"": 14, ""sl_mult"": 1.0, ""tp_mult"": 2.0}",6408,1.22,-100.0,-100.0,-215.566,0.0,0.103,-0.303
BTCUSDC,MACD,1m,"{""fast"": 12, ""slow"": 26, ""signal"": 5}",atr,"{""atr_window"": 14, ""sl_mult"": 1.5, ""tp_mult"": 3.0}",5366,4.03,-100.0,-100.0,-184.633,0.004,0.138,-0.318
BTCUSDC,MACD,1m,"{""fast"": 12, ""slow"": 26, ""signal"": 5}",atr,"{""atr_window"": 14, ""sl_mult"": 2.0, ""tp_mult"": 4.0}",4290,7.09,-100.0,-100.0,-139.228,0.016,0.175,-0.341
BTCUSDC,BOLL,1m,"{""window"": 14, ""window_dev"": 1.5}",flat,"{""sl_pct"": 2.0, ""tp_pct"": 4.0}",47,29.79,-25.36,-34.05,-3.038,0.595,3.442,-2.294
BTCUSDC,BOLL,1m,"{""window"": 14, ""window_dev"": 1.5}",flat,"{""sl_pct"": 1.0, ""tp_pct"": 2.0}",175,30.86,-49.76,-51.54,-6.612,0.545,1.663,-1.297
BTCUSDC,BOLL,1m,"{""window"": 14, ""window_dev"": 1.5}",flat,"{""sl_pct"": 3.0, ""tp_pct"": 6.0}",20,25.0,-23.96,-34.55,-2.811,0.434,4.684,-3.291
BTCUSDC,BOLL,1m,"{""window"": 14, ""window_dev"": 1.5}",atr,"{""atr_window"": 14, ""sl_mult"": 1.0, ""tp_mult"": 2.0}",7908,1.11,-100.0,-100.0,-147.673,0.0,0.087,-0.301
BTCUSDC,BOLL,1m,"{""window"": 14, ""window_dev"": 1.5}",atr,"{""atr_window"": 14, ""sl_mult"": 1.5, ""tp_mult"": 3.0}",6099,4.56,-100.0,-100.0,-123.196,0.005,0.119,-0.316
BTCUSDC,BOLL,1m,"{""window"": 14, ""window_dev"": 1.5}",atr,"{""atr_window"": 14, ""sl_mult"": 2.0, ""tp_mult"": 4.0}",4595,7.62,-100.0,-100.0,-91.991,0.021,0.164,-0.337
BTCUSDC,BOLL,1m,"{""window"": 14, ""window_dev"": 2}",flat,"{""sl_pct"": 2.0, ""tp_pct"": 4.0}",50,28.0,-30.45,-37.87,-3.631,0.54,3.434,-2.294
BTCUSDC,BOLL,1m,"{""window"": 14, ""window_dev"": 2}",flat,"{""sl_pct"": 1.0, ""tp_pct"": 2.0}",165,31.52,-45.74,-48.73,-6.318,0.563,1.674,-1.297
BTCUSDC,BOLL,1m,"{""window"": 14, ""window_dev"": 2}",flat,"{""sl_pct"": 3.0, ""tp_pct"": 6.0}",19,26.32,-21.81,-32.98,-2.631,0.457,4.572,-3.291
BTCUSDC,BOLL,1m,"{""window"": 14, ""window_dev"": 2}",atr,"{""atr_window"": 14, ""sl_mult"": 1.0, ""tp_mult"": 2.0}",4250,1.27,-100.0,-100.0,-125.952,0.001,0.084,-0.301
BTCUSDC,BOLL,1m,"{""window"": 14, ""window_dev"": 2}",atr,"{""atr_window"": 14, ""sl_mult"": 1.5, ""tp_mult"": 3.0}",3663,4.91,-100.0,-100.0,-108.578,0.008,0.118,-0.312
BTCUSDC,BOLL,1m,"{""window"": 14, ""window_dev"": 2}",atr,"{""atr_window"": 14, ""sl_mult"": 2.0, ""tp_mult"": 4.0}",3078,8.28,-99.99,-99.99,-96.354,0.022,0.156,-0.336
BTCUSDC,BOLL,1m,"{""window"": 14, ""window_dev"": 2.5}",flat,"{""sl_pct"": 2.0, ""tp_pct"": 4.0}",46,26.09,-31.82,-37.64,-3.874,0.499,3.443,-2.294
BTCUSDC,BOLL,1m,"{""window"": 14, ""window_dev"": 2.5}",flat,"{""sl_pct"": 1.0, ""tp_pct"": 2.0}",138,31.88,-39.15,-43.33,-5.325,0.581,1.673,-1.297
BTCUSDC,BOLL,1m,"{""window"": 14, ""window_dev"": 2.5}",flat,"{""sl_pct"": 3.0, ""tp_pct"": 6.0}",20,25.0,-23.92,-35.15,-2.799,0.435,4.695,-3.291
BTCUSDC,BOLL,1m,"{""window"": 14, ""window_dev"": 2.5}",atr,"{""atr_window"": 14, ""sl_mult"": 1.0, ""tp_mult"": 2.0}",1452,0.9,-98.6,-98.6,-73.217,0.001,0.047,-0.296
BTCUSDC,BOLL,1m,"{""window"": 14, ""window_dev"": 2.5}",atr,"{""atr_window"": 14, ""sl_mult"": 1.5, ""tp_mult"": 3.0}",1380,4.13,-98.13,-98.13,-65.593,0.011,0.117,-0.305
BTCUSDC,BOLL,1m,"{""window"": 14, ""window_dev"": 2.5}",atr,"{""atr_window"": 14, ""sl_mult"": 2.0, ""tp_mult"": 4.0}",1301,8.15,-97.6,-97.6,-56.045,0.034,0.153,-0.325
BTCUSDC,BOLL,1m,"{""window"": 20, ""window_dev"": 1.5}",flat,"{""sl_pct"": 2.0, ""tp_pct"": 4.0}",48,29.17,-23.48,-33.19,-2.814,0.633,3.688,-2.252
BTCUSDC,BOLL,1m,"{""window"": 20, ""window_dev"": 1.5}",flat,"{""sl_pct"": 1.0, ""tp_pct"": 2.0}",177,31.64,-47.93,-49.88,-6.609,0.563,1.668,-1.297
BTCUSDC,BOLL,1m,"{""window"": 20, ""window_dev"": 1.5}",flat,"{""sl_pct"": 3.0, ""tp_pct"": 6.0}",20,25.0,-23.45,-34.42,-2.745,0.446,4.82,-3.291
BTCUSDC,BOLL,1m,"{""window"": 20, ""window_dev"": 1.5}",atr,"{""atr_window"": 14, ""sl_mult"": 1.0, ""tp_mult"": 2.0}",7418,1.29,-100.0,-100.0,-124.738,0.0,0.073,-0.302
BTCUSDC,BOLL,1m,"{""window"": 20, ""window_dev"": 1.5}",atr,"{""atr_window"": 14, ""sl_mult"": 1.5, ""tp_mult"": 3.0}",5674,4.35,-100.0,-100.0,-109.15,0.006,0.122,-0.316
BTCUSDC,BOLL,1m,"{""window"": 20, ""window_dev"": 1.5}",atr,"{""atr_window"": 14, ""sl_mult"": 2.0, ""tp_mult"": 4.0}",4366,8.61,-100.0,-100.0,-87.073,0.02,0.159,-0.339
BTCUSDC,BOLL,1m,"{""window"": 20, ""window_dev"": 2}",flat,"{""sl_pct"": 2.0, ""tp_pct"": 4.0}",54,29.63,-28.62,-36.23,-3.45,0.595,3.466,-2.294
BTCUSDC,BOLL,1m,"{""window"": 20, ""window_dev"": 2}",flat,"{""sl_pct"": 1.0, ""tp_pct"": 2.0}",172,31.4,-47.59,-49.31,-6.344,0.557,1.669,-1.297
BTCUSDC,BOLL,1m,"{""window"": 20, ""window_dev"": 2}",flat,"{""sl_pct"": 3.0, ""tp_pct"": 6.0}",21,28.57,-20.18,-31.37,-2.371,0.531,4.738,-3.291
BTCUSDC,BOLL,1m,"{""window"": 20, ""window_dev"": 2}",atr,"{""atr_window"": 14, ""sl_mult"": 1.0, ""tp_mult"": 2.0}",4230,1.3,-100.0,-100.0,-105.076,0.0,0.078,-0.301
BTCUSDC,BOLL,1m,"{""window"": 20, ""window_dev"": 2}",atr,"{""atr_window"": 14, ""sl_mult"": 1.5, ""tp_mult"": 3.0}",3586,4.57,-100.0,-100.0,-95.06,0.006,0.114,-0.316
BTCUSDC,BOLL,1m,"{""window"": 20, ""window_dev"": 2}",atr,"{""atr_window"": 14, ""sl_mult"": 2.0, ""tp_mult"": 4.0}",3016,8.19,-99.99,-99.99,-80.609,0.029,0.166,-0.339
BTCUSDC,BOLL,1m,"{""window"": 20, ""window_dev"": 2.5}",flat,"{""sl_pct"": 2.0, ""tp_pct"": 4.0}",46,26.09,-28.82,-34.67,-3.498,0.544,3.688,-2.252
BTCUSDC,BOLL,1m,"{""window"": 20, ""window_dev"": 2.5}",flat,"{""sl_pct"": 1.0, ""tp_pct"": 2.0}",139,31.65,-39.94,-43.37,-5.448,0.569,1.673,-1.297
BTCUSDC,BOLL,1m,"{""window"": 20, ""window_dev"": 2.5}",flat,"{""sl_pct"": 3.0, ""tp_pct"": 6.0}",23,26.09,-25.26,-35.82,-2.985,0.463,4.757,-3.291
BTCUSDC,BOLL,1m,"{""window"": 20, ""window_dev"": 2.5}",atr,"{""atr_window"": 14, ""sl_mult"": 1.0, ""tp_mult"": 2.0}",1671,1.32,-99.26,-99.26,-74.175,0.002,0.075,-0.298
BTCUSDC,BOLL,1m,"{""window"": 20, ""window_dev"": 2.5}",atr,"{""atr_window"": 14, ""sl_mult"": 1.5, ""tp_mult"": 3.0}",1576,4.31,-98.95,-98.95,-68.657,0.01,0.131,-0.308
BTCUSDC,BOLL,1m,"{""window"": 20, ""window_dev"": 2.5}",atr,"{""atr_window"": 14, ""sl_mult"": 2.0, ""tp_mult"": 4.0}",1431,8.25,-98.42,-98.42,-59.55,0.031,0.167,-0.33
BTCUSDC,MOM,1m,"{""window"": 5, ""buy_threshold"": 2, ""sell_threshold"": -2}",flat,"{""sl_pct"": 2.0, ""tp_pct"": 4.0}",1,0.0,-2.29,-3.23,-2.862,0.0,,-2.294
BTCUSDC,MOM,1m,"{""window"": 5, ""buy_threshold"": 2, ""sell_threshold"": -2}",flat,"{""sl_pct"": 1.0, ""tp_pct"": 2.0}",1,0.0,-1.3,-1.37,-2.014,0.0,,-1.297
BTCUSDC,MOM,1m,"{""window"": 5, ""buy_threshold"": 2, ""sell_threshold"": -2}",flat,"{""sl_pct"": 3.0, ""tp_pct"": 6.0}",1,0.0,-3.29,-4.22,-2.572,0.0,,-3.291
BTCUSDC,MOM,1m,"{""window"": 5, ""buy_threshold"": 2, ""sell_threshold"": -2}",atr,"{""atr_window"": 14, ""sl_mult"": 1.0, ""tp_mult"": 2.0}",2,50.0,-0.36,-0.65,-2.014,0.436,0.282,-0.645
BTCUSDC,MOM,1m,"{""window"": 5, ""buy_threshold"": 2, ""sell_threshold"": -2}",atr,"{""atr_window"": 14, ""sl_mult"": 1.5, ""tp_mult"": 3.0}",2,50.0,-0.25,-0.82,-2.014,0.696,0.573,-0.818
BTCUSDC,MOM,1m,"{""window"": 5, ""buy_threshold"": 2, ""sell_threshold"": -2}",atr,"{""atr_window"": 14, ""sl_mult"": 2.0, ""tp_mult"": 4.0}",1,0.0,-0.88,-0.96,-2.014,0.0,,-0.881
BTCUSDC,MOM,1m,"{""window"": 5, ""buy_threshold"": 3, ""sell_threshold"": -3}",flat,"{""sl_pct"": 2.0, ""tp_pct"": 4.0}",0,,0.0,0.0,,,,
BTCUSDC,MOM,1m,"{""window"": 5, ""buy_threshold"": 3, ""sell_threshold"": -3}",flat,"{""sl_pct"": 1.0, ""tp_pct"": 2.0}",0,,0.0,0.0,,,,
BTCUSDC,MOM,1m,"{""window"": 5, ""buy_threshold"": 3, ""sell_threshold"": -3}",flat,"{""sl_pct"": 3.0, ""tp_pct"": 6.0}",0,,0.0,0.0,,,,
BTCUSDC,MOM,1m,"{""window"": 5, ""buy_threshold"": 3, ""sell_threshold"": -3}",atr,"{""atr_window"": 14, ""sl_mult"": 1.0, ""tp_mult"": 2.0}",0,,0.0,0.0,,,,
BTCUSDC,MOM,1m,"{""window"": 5, ""buy_threshold"": 3, ""sell_threshold"": -3}",atr,"{""atr_window"": 14, ""sl_mult"": 1.5, ""tp_mult"": 3.0}",0,,0.0,0.0,,,,
BTCUSDC,MOM,1m,"{""window"": 5, ""buy_threshold"": 3, ""sell_threshold"": -3}",atr,"{""atr_window"": 14, ""sl_mult"": 2.0, ""tp_mult"": 4.0}",0,,0.0,0.0,,,,
BTCUSDC,MOM,1m,"{""window"": 5, ""buy_threshold"": 5, ""sell_threshold"": -5}",flat,"{""sl_pct"": 2.0, ""tp_pct"": 4.0}",0,,0.0,0.0,,,,
BTCUSDC,MOM,1m,"{""window"": 5, ""buy_threshold"": 5, ""sell_threshold"": -5}",flat,"{""sl_pct"": 1.0, ""tp_pct"": 2.0}",0,,0.0,0.0,,,,
BTCUSDC,MOM,1m,"{""window"": 5, ""buy_threshold"": 5, ""sell_threshold"": -5}",flat,"{""sl_pct"": 3.0, ""tp_pct"": 6.0}",0,,0.0,0.0,,,,
BTCUSDC,MOM,1m,"{""window"": 5, ""buy_threshold"": 5, ""sell_threshold"": -5}",atr,"{""atr_window"": 14, ""sl_mult"": 1.0, ""tp_mult"": 2.0}",0,,0.0,0.0,,,,
BTCUSDC,MOM,1m,"{""window"": 5, ""buy_threshold"": 5, ""sell_threshold"": -5}",atr,"{""atr_window"": 14, ""sl_mult"": 1.5, ""tp_mult"": 3.0}",0,,0.0,0.0,,,,
BTCUSDC,MOM,1m,"{""window"": 5, ""buy_threshold"": 5, ""sell_threshold"": -5}",atr,"{""atr_window"": 14, ""sl_mult"": 2.0, ""tp_mult"": 4.0}",0,,0.0,0.0,,,,
BTCUSDC,MOM,1m,"{""window"": 10, ""buy_threshold"": 2, ""sell_threshold"": -2}",flat,"{""sl_pct"": 2.0, ""tp_pct"": 4.0}",3,0.0,-6.72,-6.74,-2.882,0.0,,-2.294
BTCUSDC,MOM,1m,"{""window"": 10, ""buy_threshold"": 2, ""sell_threshold"": -2}",flat,"{""sl_pct"": 1.0, ""tp_pct"": 2.0}",3,0.0,-3.84,-3.84,-3.528,0.0,,-1.297
BTCUSDC,MOM,1m,"{""window"": 10, ""buy_threshold"": 2, ""sell_threshold"": -2}",flat,"{""sl_pct"": 3.0, ""tp_pct"": 6.0}",3,33.33,-1.16,-8.98,-0.291,0.821,5.682,-3.291
BTCUSDC,MOM,1m,"{""window"": 10, ""buy_threshold"": 2, ""sell_threshold"": -2}",atr,"{""atr_window"": 14, ""sl_mult"": 1.0, ""tp_mult"": 2.0}",4,25.0,-1.78,-1.78,-3.397,0.136,0.282,-0.691
BTCUSDC,MOM,1m,"{""window"": 10, ""buy_threshold"": 2, ""sell_threshold"": -2}",atr,"{""atr_window"": 14, ""sl_mult"": 1.5, ""tp_mult"": 3.0}",4,25.0,-2.08,-2.08,-3.202,0.215,0.573,-0.886
BTCUSDC,MOM,1m,"{""window"": 10, ""buy_threshold"": 2, ""sell_threshold"": -2}",atr,"{""atr_window"": 14, ""sl_mult"": 2.0, ""tp_mult"": 4.0}",3,0.0,-3.1,-3.1,-3.505,0.0,,-1.045
BTCUSDC,MOM,1m,"{""window"": 10, ""buy_threshold"": 3, ""sell_threshold"": -3}",flat,"{""sl_pct"": 2.0, ""tp_pct"": 4.0}",0,,0.0,0.0,,,,
BTCUSDC,MOM,1m,"{""window"": 10, ""buy_threshold"": 3, ""sell_threshold"": -3}",flat,"{""sl_pct"": 1.0, ""tp_pct"": 2.0}",0,,0.0,0.0,,,,
BTCUSDC,MOM,1m,"{""window"": 10, ""buy_threshold"": 3, ""sell_threshold"": -3}",flat,"{""sl_pct"": 3.0, ""tp_pct"": 6.0}",0,,0.0,0.0,,,,
BTCUSDC,MOM,1m,"{""window"": 10, ""buy_threshold"": 3, ""sell_threshold"": -3}",atr,"{""atr_window"": 14, ""sl_mult"": 1.0, ""tp_mult"": 2.0}",0,,0.0,0.0,,,,
BTCUSDC,MOM,1m,"{""window"": 10, ""buy_threshold"": 3, ""sell_threshold"": -3}",atr,"{""atr_window"": 14, ""sl_mult"": 1.5, ""tp_mult"": 3.0}",0,,0.0,0.0,,,,
BTCUSDC,MOM,1m,"{""window"": 10, ""buy_threshold"": 3, ""sell_threshold"": -3}",atr,"{""atr_window"": 14, ""sl_mult"": 2.0, ""tp_mult"": 4.0}",0,,0.0,0.0,,,,
BTCUSDC,MOM,1m,"{""window"": 10, ""buy_threshold"": 5, ""sell_threshold"": -5}",flat,"{""sl_pct"": 2.0, ""tp_pct"": 4.0}",0,,0.0,0.0,,,,
BTCUSDC,MOM,1m,"{""window"": 10, ""buy_threshold"": 5, ""sell_threshold"": -5}",flat,"{""sl_pct"": 1.0, ""tp_pct"": 2.0}",0,,0.0,0.0,,,,
BTCUSDC,MOM,1m,"{""window"": 10, ""buy_threshold"": 5, ""sell_threshold"": -5}",flat,"{""sl_pct"": 3.0, ""tp_pct"": 6.0}",0,,0.0,0.0,,,,
BTCUSDC,MOM,1m,"{""window"": 10, ""buy_threshold"": 5, ""sell_threshold"": -5}",atr,"{""atr_window"": 14, ""sl_mult"": 1.0, ""tp_mult"": 2.0}",0,,0.0,0.0,,,,
BTCUSDC,MOM,1m,"{""window"": 10, ""buy_threshold"": 5, ""sell_threshold"": -5}",atr,"{""atr_window"": 14, ""sl_mult"": 1.5, ""tp_mult"": 3.0}",0,,0.0,0.0,,,,
BTCUSDC,MOM,1m,"{""window"": 10, ""buy_threshold"": 5, ""sell_threshold"": -5}",atr,"{""atr_window"": 14, ""sl_mult"": 2.0, ""tp_mult"": 4.0}",0,,0.0,0.0,,,,
BTCUSDC,RSI,15m,"{""window"": 10, ""buy_threshold"": 20, ""sell_threshold"": 70}",flat,"{""sl_pct"": 2.0, ""tp_pct"": 4.0}",57,31.58,-24.64,-27.08,-1.62,0.679,3.518,-2.294
BTCUSDC,RSI,15m,"{""window"": 10, ""buy_threshold"": 20, ""sell_threshold"": 70}",flat,"{""sl_pct"": 1.0, ""tp_pct"": 2.0}",87,28.74,-33.29,-35.6,-3.971,0.495,1.631,-1.297
BTCUSDC,RSI,15m,"{""window"": 10, ""buy_threshold"": 20, ""sell_threshold"": 70}",flat,"{""sl_pct"": 3.0, ""tp_pct"": 6.0}",36,25.0,-32.07,-35.77,-2.115,0.548,5.682,-3.221
BTCUSDC,RSI,15m,"{""window"": 10, ""buy_threshold"": 20, ""sell_threshold"": 70}",atr,"{""atr_window"": 14, ""sl_mult"": 1.0, ""tp_mult"": 2.0}",117,24.79,-35.17,-35.75,-7.207,0.297,0.6,-0.686
BTCUSDC,RSI,15m,"{""window"": 10, ""buy_threshold"": 20, ""sell_threshold"": 70}",atr,"{""atr_window"": 14, ""sl_mult"": 1.5, ""tp_mult"": 3.0}",102,23.53,-38.96,-40.23,-6.809,0.298,0.896,-0.903
BTCUSDC,RSI,15m,"{""window"": 10, ""buy_threshold"": 20, ""sell_threshold"": 70}",atr,"{""atr_window"": 14, ""sl_mult"": 2.0, ""tp_mult"": 4.0}",95,30.53,-29.47,-31.98,-3.726,0.509,1.258,-1.071
BTCUSDC,RSI,15m,"{""window"": 10, ""buy_threshold"": 20, ""sell_threshold"": 80}",flat,"{""sl_pct"": 2.0, ""tp_pct"": 4.0}",57,31.58,-24.64,-27.08,-1.62,0.679,3.518,-2.294
BTCUSDC,RSI,15m,"{""window"": 10, ""buy_threshold"": 20, ""sell_threshold"": 80}",flat,"{""sl_pct"": 1.0, ""tp_pct"": 2.0}",87,28.74,-33.29,-35.6,-3.971,0.495,1.631,-1.297
BTCUSDC,RSI,15m,"{""window"": 10, ""buy_threshold"": 20, ""sell_threshold"": 80}",flat,"{""sl_pct"": 3.0, ""tp_pct"": 6.0}",36,25.0,-32.07,-35.77,-2.115,0.548,5.682,-3.221
BTCUSDC,RSI,15m,"{""window"": 10, ""buy_threshold"": 20, ""sell_threshold"": 80}",atr,"{""atr_window"": 14, ""sl_mult"": 1.0, ""tp_mult"": 2.0}",117,24.79,-35.17,-35.75,-7.207,0.297,0.6,-0.686
BTCUSDC,RSI,15m,"{""window"": 10, ""buy_threshold"": 20, ""sell_threshold"": 80}",atr,"{""atr_window"": 14, ""sl_mult"": 1.5, ""tp_mult"": 3.0}",102,23.53,-38.96,-40.23,-6.809,0.298,0.896,-0.903
BTCUSDC,RSI,15m,"{""window"": 10, ""buy_threshold"": 20, ""sell_threshold"": 80}",atr,"{""atr_window"": 14, ""sl_mult"": 2.0, ""tp_mult"": 4.0}",95,30.53,-29.47,-31.98,-3.726,0.509,1.258,-1.071
BTCUSDC,RSI,15m,"{""window"": 10, ""buy_threshold"": 30, ""sell_threshold"": 70}",flat,"{""sl_pct"": 2.0, ""tp_pct"": 4.0}",115,28.7,-49.67,-56.45,-2.802,0.578,3.688,-2.268
BTCUSDC,RSI,15m,"{""window"": 10, ""buy_threshold"": 30, ""sell_threshold"": 70}",flat,"{""sl_pct"": 1.0, ""tp_pct"": 2.0}",231,32.9,-53.06,-53.4,-4.608,0.608,1.68,-1.297
BTCUSDC,RSI,15m,"{""window"": 10, ""buy_threshold"": 30, ""sell_threshold"": 70}",flat,"{""sl_pct"": 3.0, ""tp_pct"": 6.0}",52,28.85,-36.89,-42.37,-1.88,0.595,5.33,-3.291
BTCUSDC,RSI,15m,"{""window"": 10, ""buy_threshold"": 30, ""sell_threshold"": 70}",atr,"{""atr_window"": 14, ""sl_mult"": 1.0, ""tp_mult"": 2.0}",479,31.52,-77.29,-77.46,-12.009,0.331,0.456,-0.659
BTCUSDC,RSI,15m,"{""window"": 10, ""buy_threshold"": 30, ""sell_threshold"": 70}",atr,"{""atr_window"": 14, ""sl_mult"": 1.5, ""tp_mult"": 3.0}",381,30.97,-72.46,-72.66,-8.589,0.413,0.812,-0.849
BTCUSDC,RSI,15m,"{""window"": 10, ""buy_threshold"": 30, ""sell_threshold"": 70}",atr,"{""atr_window"": 14, ""sl_mult"": 2.0, ""tp_mult"": 4.0}",309,32.04,-65.21,-65.46,-6.098,0.497,1.209,-1.062
BTCUSDC,RSI,15m,"{""window"": 10, ""buy_threshold"": 30, ""sell_threshold"": 80}",flat,"{""sl_pct"": 2.0, ""tp_pct"": 4.0}",115,28.7,-49.67,-56.45,-2.802,0.578,3.688,-2.268
BTCUSDC,RSI,15m,"{""window"": 10, ""buy_threshold"": 30, ""sell_threshold"": 80}",flat,"{""sl_pct"": 1.0, ""tp_pct"": 2.0}",231,32.9,-53.06,-53.4,-4.608,0.608,1.68,-1.297
BTCUSDC,RSI,15m,"{""window"": 10, ""buy_threshold"": 30, ""sell_threshold"": 80}",flat,"{""sl_pct"": 3.0, ""tp_pct"": 6.0}",52,28.85,-36.89,-42.37,-1.88,0.595,5.33,-3.291
BTCUSDC,RSI,15m,"{""window"": 10, ""buy_threshold"": 30, ""sell_threshold"": 80}",atr,"{""atr_window"": 14, ""sl_mult"": 1.0, ""tp_mult"": 2.0}",479,31.52,-77.29,-77.46,-12.009,0.331,0.456,-0.659
BTCUSDC,RSI,15m,"{""window"": 10, ""buy_threshold"": 30, ""sell_threshold"": 80}",atr,"{""atr_window"": 14, ""sl_mult"": 1.5, ""tp_mult"": 3.0}",381,30.97,-72.46,-72.66,-8.589,0.413,0.812,-0.849
BTCUSDC,RSI,15m,"{""window"": 10, ""buy_threshold"": 30, ""sell_threshold"": 80}",atr,"{""atr_window"": 14, ""sl_mult"": 2.0, ""tp_mult"": 4.0}",309,32.04,-65.21,-65.46,-6.098,0.497,1.209,-1.062
BTCUSDC,RSI,15m,"{""window"": 14, ""buy_threshold"": 20, ""sell_threshold"": 70}",flat,"{""sl_pct"": 2.0, ""tp_pct"": 4.0}",27,40.74,-0.51,-9.28,0.07,0.985,3.389,-2.294
BTCUSDC,RSI,15m,"{""window"": 14, ""buy_threshold"": 20, ""sell_threshold"": 70}",flat,"{""sl_pct"": 1.0, ""tp_pct"": 2.0}",37,27.03,-17.9,-20.0,-3.078,0.433,1.564,-1.297
BTCUSDC,RSI,15m,"{""window"": 14, ""buy_threshold"": 20, ""sell_threshold"": 70}",flat,"{""sl_pct"": 3.0, ""tp_pct"": 6.0}",20,30.0,-17.16,-23.85,-1.186,0.593,4.8,-3.291
BTCUSDC,RSI,15m,"{""window"": 14, ""buy_threshold"": 20, ""sell_threshold"": 70}",atr,"{""atr_window"": 14, ""sl_mult"": 1.0, ""tp_mult"": 2.0}",49,34.69,-11.14,-12.62,-3.271,0.494,0.682,-0.727
BTCUSDC,RSI,15m,"{""window"": 14, ""buy_threshold"": 20, ""sell_threshold"": 70}",atr,"{""atr_window"": 14, ""sl_mult"": 1.5, ""tp_mult"": 3.0}",42,28.57,-13.81,-18.2,-2.782,0.465,1.113,-0.933
BTCUSDC,RSI,15m,"{""window"": 14, ""buy_threshold"": 20, ""sell_threshold"": 70}",atr,"{""atr_window"": 14, ""sl_mult"": 2.0, ""tp_mult"": 4.0}",38,34.21,-7.43,-12.2,-1.024,0.722,1.584,-1.118
BTCUSDC,RSI,15m,"{""window"": 14, ""buy_threshold"": 20, ""sell_threshold"": 80}",flat,"{""sl_pct"": 2.0, ""tp_pct"": 4.0}",27,40.74,-0.51,-9.28,0.07,0.985,3.389,-2.294
BTCUSDC,RSI,15m,"{""window"": 14, ""buy_threshold"": 20, ""sell_threshold"": 80}",flat,"{""sl_pct"": 1.0, ""tp_pct"": 2.0}",37,27.03,-17.9,-20.0,-3.078,0.433,1.564,-1.297
BTCUSDC,RSI,15m,"{""window"": 14, ""buy_threshold"": 20, ""sell_threshold"": 80}",flat,"{""sl_pct"": 3.0, ""tp_pct"": 6.0}",20,30.0,-17.16,-23.85,-1.186,0.593,4.8,-3.291
BTCUSDC,RSI,15m,"{""window"": 14, ""buy_threshold"": 20, ""sell_threshold"": 80}",atr,"{""atr_window"": 14, ""sl_mult"": 1.0, ""tp_mult"": 2.0}",49,34.69,-11.14,-12.62,-3.271,0.494,0.682,-0.727
BTCUSDC,RSI,15m,"{""window"": 14, ""buy_threshold"": 20, ""sell_threshold"": 80}",atr,"{""atr_window"": 14, ""sl_mult"": 1.5, ""tp_mult"": 3.0}",42,28.57,-13.81,-18.2,-2.782,0.465,1.113,-0.933
BTCUSDC,RSI,15m,"{""window"": 14, ""buy_threshold"": 20, ""sell_threshold"": 80}",atr,"{""atr_window"": 14, ""sl_mult"": 2.0, ""tp_mult"": 4.0}",38,34.21,-7.43,-12.2,-1.024,0.722,1.584,-1.118
BTCUSDC,RSI,15m,"{""window"": 14, ""buy_threshold"": 30, ""sell_threshold"": 70}",flat,"{""sl_pct"": 2.0, ""tp_pct"": 4.0}",90,30.0,-37.07,-41.59,-2.054,0.646,3.688,-2.261
BTCUSDC,RSI,15m,"{""window"": 14, ""buy_threshold"": 30, ""sell_threshold"": 70}",flat,"{""sl_pct"": 1.0, ""tp_pct"": 2.0}",175,33.14,-43.05,-43.59,-3.846,0.625,1.676,-1.297
BTCUSDC,RSI,15m,"{""window"": 14, ""buy_threshold"": 30, ""sell_threshold"": 70}",flat,"{""sl_pct"": 3.0, ""tp_pct"": 6.0}",51,31.37,-28.53,-36.2,-1.379,0.684,5.366,-3.291
BTCUSDC,RSI,15m,"{""window"": 14, ""buy_threshold"": 30, ""sell_threshold"": 70}",atr,"{""atr_window"": 14, ""sl_mult"": 1.0, ""tp_mult"": 2.0}",302,32.12,-60.08,-60.2,-8.95,0.355,0.509,-0.685
BTCUSDC,RSI,15m,"{""window"": 14, ""buy_threshold"": 30, ""sell_threshold"": 70}",atr,"{""atr_window"": 14, ""sl_mult"": 1.5, ""tp_mult"": 3.0}",251,28.29,-63.44,-63.67,-7.412,0.363,0.866,-0.894
BTCUSDC,RSI,15m,"{""window"": 14, ""buy_threshold"": 30, ""sell_threshold"": 70}",atr,"{""atr_window"": 14, ""sl_mult"": 2.0, ""tp_mult"": 4.0}",211,30.33,-57.44,-57.99,-5.536,0.46,1.236,-1.108
BTCUSDC,RSI,15m,"{""window"": 14, ""buy_threshold"": 30, ""sell_threshold"": 80}",flat,"{""sl_pct"": 2.0, ""tp_pct"": 4.0}",90,30.0,-37.07,-41.59,-2.054,0.646,3.688,-2.261
BTCUSDC,RSI,15m,"{""window"": 14, ""buy_threshold"": 30, ""sell_threshold"": 80}",flat,"{""sl_pct"": 1.0, ""tp_pct"": 2.0}",175,33.14,-43.05,-43.59,-3.846,0.625,1.676,-1.297
BTCUSDC,RSI,15m,"{""window"": 14, ""buy_threshold"": 30, ""sell_threshold"": 80}",flat,"{""sl_pct"": 3.0, ""tp_pct"": 6.0}",51,31.37,-28.53,-36.2,-1.379,0.684,5.366,-3.291
BTCUSDC,RSI,15m,"{""window"": 14, ""buy_threshold"": 30, ""sell_threshold"": 80}",atr,"{""atr_window"": 14, ""sl_mult"": 1.0, ""tp_mult"": 2.0}",302,32.12,-60.08,-60.2,-8.95,0.355,0.509,-0.685
BTCUSDC,RSI,15m,"{""window"": 14, ""buy_threshold"": 30, ""sell_threshold"": 80}",atr,"{""atr_window"": 14, ""sl_mult"": 1.5, ""tp_mult"": 3.0}",251,28.29,-63.44,-63.67,-7.412,0.363,0.866,-0.894
BTCUSDC,RSI,15m,"{""window"": 14, ""buy_threshold"": 30, ""sell_threshold"": 80}",atr,"{""atr_window"": 14, ""sl_mult"": 2.0, ""tp_mult"": 4.0}",211,30.33,-57.44,-57.99,-5.536,0.46,1.236,-1.108
BTCUSDC,EMA,15m,"{""short_span"": 5, ""long_span"": 20}",flat,"{""sl_pct"": 2.0, ""tp_pct"": 4.0}",100,29.0,-46.91,-51.18,-2.885,0.586,3.561,-2.294
BTCUSDC,EMA,15m,"{""short_span"": 5, ""long_span"": 20}",flat,"{""sl_pct"": 1.0, ""tp_pct"": 2.0}",225,28.44,-64.74,-65.94,-6.302,0.486,1.668,-1.297
BTCUSDC,EMA,15m,"{""short_span"": 5, ""long_span"": 20}",flat,"{""sl_pct"": 3.0, ""tp_pct"": 6.0}",58,25.86,-44.73,-50.0,-2.543,0.56,5.682,-3.253
BTCUSDC,EMA,15m,"{""short_span"": 5, ""long_span"": 20}",atr,"{""atr_window"": 14, ""sl_mult"": 1.0, ""tp_mult"": 2.0}",474,31.43,-75.51,-75.52,-14.67,0.312,0.38,-0.604
BTCUSDC,EMA,15m,"{""short_span"": 5, ""long_span"": 20}",atr,"{""atr_window"": 14, ""sl_mult"": 1.5, ""tp_mult"": 3.0}",386,32.38,-72.28,-72.29,-10.295,0.415,0.674,-0.809
BTCUSDC,EMA,15m,"{""short_span"": 5, ""long_span"": 20}",atr,"{""atr_window"": 14, ""sl_mult"": 2.0, ""tp_mult"": 4.0}",300,31.33,-69.37,-69.48,-7.896,0.452,1.031,-1.035
BTCUSDC,EMA,15m,"{""short_span"": 9, ""long_span"": 21}",flat,"{""sl_pct"": 2.0, ""tp_pct"": 4.0}",97,29.9,-43.05,-47.25,-2.641,0.623,3.564,-2.294
BTCUSDC,EMA,15m,"{""short_span"": 9, ""long_span"": 21}",flat,"{""sl_pct"": 1.0, ""tp_pct"": 2.0}",204,26.96,-64.53,-66.71,-7.279,0.443,1.665,-1.297
BTCUSDC,EMA,15m,"{""short_span"": 9, ""long_span"": 21}",flat,"{""sl_pct"": 3.0, ""tp_pct"": 6.0}",53,26.42,-44.33,-49.52,-2.611,0.528,5.281,-3.291
BTCUSDC,EMA,15m,"{""short_span"": 9, ""long_span"": 21}",atr,"{""atr_window"": 14, ""sl_mult"": 1.0, ""tp_mult"": 2.0}",374,28.34,-69.32,-69.32,-14.009,0.288,0.409,-0.6
BTCUSDC,EMA,15m,"{""short_span"": 9, ""long_span"": 21}",atr,"{""atr_window"": 14, ""sl_mult"": 1.5, ""tp_mult"": 3.0}",323,30.03,-68.45,-68.46,-10.233,0.396,0.699,-0.805
BTCUSDC,EMA,15m,"{""short_span"": 9, ""long_span"": 21}",atr,"{""atr_window"": 14, ""sl_mult"": 2.0, ""tp_mult"": 4.0}",275,28.36,-67.59,-67.66,-8.604,0.446,1.098,-0.997
BTCUSDC,EMA,15m,"{""short_span"": 12, ""long_span"": 26}",flat,"{""sl_pct"": 2.0, ""tp_pct"": 4.0}",88,30.68,-37.56,-43.74,-2.257,0.656,3.562,-2.294
BTCUSDC,EMA,15m,"{""short_span"": 12, ""long_span"": 26}",flat,"{""sl_pct"": 1.0, ""tp_pct"": 2.0}",172,26.74,-58.75,-59.22,-6.387,0.457,1.663,-1.297
BTCUSDC,EMA,15m,"{""short_span"": 12, ""long_span"": 26}",flat,"{""sl_pct"": 3.0, ""tp_pct"": 6.0}",54,27.78,-36.58,-41.88,-1.973,0.63,5.682,-3.239
BTCUSDC,EMA,15m,"{""short_span"": 12, ""long_span"": 26}",atr,"{""atr_window"": 14, ""sl_mult"": 1.0, ""tp_mult"": 2.0}",297,25.25,-63.18,-63.18,-12.808,0.266,0.438,-0.595
BTCUSDC,EMA,15m,"{""short_span"": 12, ""long_span"": 26}",atr,"{""atr_window"": 14, ""sl_mult"": 1.5, ""tp_mult"": 3.0}",262,27.86,-63.91,-64.02,-9.292,0.363,0.717,-0.811
BTCUSDC,EMA,15m,"{""short_span"": 12, ""long_span"": 26}",atr,"{""atr_window"": 14, ""sl_mult"": 2.0, ""tp_mult"": 4.0}",221,30.77,-55.65,-56.46,-6.298,0.493,1.089,-1.005
BTCUSDC,EMA,15m,"{""short_span"": 5, ""long_span"": 13}",flat,"{""sl_pct"": 2.0, ""tp_pct"": 4.0}",101,28.71,-48.12,-52.37,-2.884,0.585,3.562,-2.294
BTCUSDC,EMA,15m,"{""short_span"": 5, ""long_span"": 13}",flat,"{""sl_pct"": 1.0, ""tp_pct"": 2.0}",259,28.19,-70.4,-70.6,-6.836,0.472,1.672,-1.297
BTCUSDC,EMA,15m,"{""short_span"": 5, ""long_span"": 13}",flat,"{""sl_pct"": 3.0, ""tp_pct"": 6.0}",56,26.79,-45.0,-49.58,-2.584,0.532,5.305,-3.291
BTCUSDC,EMA,15m,"{""short_span"": 5, ""long_span"": 13}",atr,"{""atr_window"": 14, ""sl_mult"": 1.0, ""tp_mult"": 2.0}",604,30.79,-84.49,-84.5,-17.043,0.31,0.372,-0.609
BTCUSDC,EMA,15m,"{""short_span"": 5, ""long_span"": 13}",atr,"{""atr_window"": 14, ""sl_mult"": 1.5, ""tp_mult"": 3.0}",484,31.2,-81.55,-81.57,-12.632,0.406,0.688,-0.814
BTCUSDC,EMA,15m,"{""short_span"": 5, ""long_span"": 13}",atr,"{""atr_window"": 14, ""sl_mult"": 2.0, ""tp_mult"": 4.0}",358,29.89,-76.84,-76.91,-9.059,0.45,1.083,-1.035
BTCUSDC,MACD,15m,"{""fast"": 12, ""slow"": 26, ""signal"": 9}",flat,"{""sl_pct"": 2.0, ""tp_pct"": 4.0}",115,28.7,-50.04,-53.72,-2.815,0.62,3.688,-2.277
BTCUSDC,MACD,15m,"{""fast"": 12, ""slow"": 26, ""signal"": 9}",flat,"{""sl_pct"": 1.0, ""tp_pct"": 2.0}",271,29.52,-68.77,-68.94,-6.237,0.513,1.675,-1.297
BTCUSDC,MACD,15m,"{""fast"": 12, ""slow"": 26, ""signal"": 9}",flat,"{""sl_pct"": 3.0, ""tp_pct"": 6.0}",58,29.31,-38.5,-43.61,-2.048,0.625,5.356,-3.291
BTCUSDC,MACD,15m,"{""fast"": 12, ""slow"": 26, ""signal"": 9}",atr,"{""atr_window"": 14, ""sl_mult"": 1.0, ""tp_mult"": 2.0}",615,32.2,-82.31,-82.31,-16.14,0.346,0.401,-0.603
BTCUSDC,MACD,15m,"{""fast"": 12, ""slow"": 26, ""signal"": 9}",atr,"{""atr_window"": 14, ""sl_mult"": 1.5, ""tp_mult"": 3.0}",500,32.4,-82.07,-82.09,-11.058,0.409,0.686,-0.832
BTCUSDC,MACD,15m,"{""fast"": 12, ""slow"": 26, ""signal"": 9}",atr,"{""atr_window"": 14, ""sl_mult"": 2.0, ""tp_mult"": 4.0}",360,32.22,-73.54,-73.82,-7.333,0.493,1.101,-1.058
BTCUSDC,MACD,15m,"{""fast"": 5, ""slow"": 35, ""signal"": 5}",flat,"{""sl_pct"": 2.0, ""tp_pct"": 4.0}",121,28.1,-56.04,-58.79,-3.398,0.56,3.584,-2.294
BTCUSDC,MACD,15m,"{""fast"": 5, ""slow"": 35, ""signal"": 5}",flat,"{""sl_pct"": 1.0, ""tp_pct"": 2.0}",316,31.96,-67.51,-67.69,-5.457,0.579,1.679,-1.297
BTCUSDC,MACD,15m,"{""fast"": 5, ""slow"": 35, ""signal"": 5}",flat,"{""sl_pct"": 3.0, ""tp_pct"": 6.0}",57,26.32,-42.56,-46.64,-2.239,0.562,5.682,-3.24
BTCUSDC,MACD,15m,"{""fast"": 5, ""slow"": 35, ""signal"": 5}",atr,"{""atr_window"": 14, ""sl_mult"": 1.0, ""tp_mult"": 2.0}",927,31.5,-93.83,-93.83,-21.834,0.321,0.399,-0.62
BTCUSDC,MACD,15m,"{""fast"": 5, ""slow"": 35, ""signal"": 5}",atr,"{""atr_window"": 14, ""sl_mult"": 1.5, ""tp_mult"": 3.0}",656,33.99,-86.94,-86.94,-11.409,0.465,0.745,-0.847
BTCUSDC,MACD,15m,"{""fast"": 5, ""slow"": 35, ""signal"": 5}",atr,"{""atr_window"": 14, ""sl_mult"": 2.0, ""tp_mult"": 4.0}",429,33.33,-78.41,-78.55,-7.324,0.494,1.141,-1.095
BTCUSDC,MACD,15m,"{""fast"": 8, ""slow"": 21, ""signal"": 5}",flat,"{""sl_pct"": 2.0, ""tp_pct"": 4.0}",120,28.33,-55.0,-57.82,-3.339,0.569,3.585,-2.294
BTCUSDC,MACD,15m,"{""fast"": 8, ""slow"": 21, ""signal"": 5}",flat,"{""sl_pct"": 1.0, ""tp_pct"": 2.0}",313,30.99,-70.01,-70.17,-5.888,0.548,1.679,-1.297
BTCUSDC,MACD,15m,"{""fast"": 8, ""slow"": 21, ""signal"": 5}",flat,"{""sl_pct"": 3.0, ""tp_pct"": 6.0}",58,25.86,-44.4,-48.4,-2.415,0.551,5.682,-3.239
BTCUSDC,MACD,15m,"{""fast"": 8, ""slow"": 21, ""signal"": 5}",atr,"{""atr_window"": 14, ""sl_mult"": 1.0, ""tp_mult"": 2.0}",874,31.12,-92.92,-92.92,-21.522,0.319,0.406,-0.62
BTCUSDC,MACD,15m,"{""fast"": 8, ""slow"": 21, ""signal"": 5}",atr,"{""atr_window"": 14, ""sl_mult"": 1.5, ""tp_mult"": 3.0}",632,34.18,-85.79,-85.79,-11.746,0.458,0.734,-0.844
BTCUSDC,MACD,15m,"{""fast"": 8, ""slow"": 21, ""signal"": 5}",atr,"{""atr_window"": 14, ""sl_mult"": 2.0, ""tp_mult"": 4.0}",425,33.18,-76.97,-77.1,-7.262,0.516,1.16,-1.081
BTCUSDC,MACD,15m,"{""fast"": 12, ""slow"": 26, ""signal"": 5}",flat,"{""sl_pct"": 2.0, ""tp_pct"": 4.0}",115,30.43,-46.41,-50.89,-2.674,0.634,3.586,-2.294
BTCUSDC,MACD,15m,"{""fast"": 12, ""slow"": 26, ""signal"": 5}",flat,"{""sl_pct"": 1.0, ""tp_pct"": 2.0}",288,30.9,-67.29,-67.47,-5.87,0.545,1.676,-1.297
BTCUSDC,MACD,15m,"{""fast"": 12, ""slow"": 26, ""signal"": 5}",flat,"{""sl_pct"": 3.0, ""tp_pct"": 6.0}",57,26.32,-42.56,-47.45,-2.329,0.56,5.682,-3.24
BTCUSDC,MACD,15m,"{""fast"": 12, ""slow"": 26, ""signal"": 5}",atr,"{""atr_window"": 14, ""sl_mult"": 1.0, ""tp_mult"": 2.0}",737,29.99,-89.09,-89.09,-20.404,0.33,0.416,-0.605
BTCUSDC,MACD,15m,"{""fast"": 12, ""slow"": 26, ""signal"": 5}",atr,"{""atr_window"": 14, ""sl_mult"": 1.5, ""tp_mult"": 3.0}",563,32.86,-83.62,-83.62,-11.748,0.435,0.722,-0.826
BTCUSDC,MACD,15m,"{""fast"": 12, ""slow"": 26, ""signal"": 5}",atr,"{""atr_window"": 14, ""sl_mult"": 2.0, ""tp_mult"": 4.0}",390,30.51,-79.97,-80.09,-8.804,0.456,1.14,-1.083
BTCUSDC,BOLL,15m,"{""window"": 14, ""window_dev"": 1.5}",flat,"{""sl_pct"": 2.0, ""tp_pct"": 4.0}",115,28.7,-52.16,-56.22,-2.914,0.574,3.596,-2.294
BTCUSDC,BOLL,15m,"{""window"": 14, ""window_dev"": 1.5}",flat,"{""sl_pct"": 1.0, ""tp_pct"": 2.0}",322,31.37,-69.81,-70.16,-5.833,0.579,1.684,-1.297
BTCUSDC,BOLL,15m,"{""window"": 14, ""window_dev"": 1.5}",flat,"{""sl_pct"": 3.0, ""tp_pct"": 6.0}",63,26.98,-43.37,-48.49,-2.114,0.581,5.682,-3.225
BTCUSDC,BOLL,15m,"{""window"": 14, ""window_dev"": 1.5}",atr,"{""atr_window"": 14, ""sl_mult"": 1.0, ""tp_mult"": 2.0}",965,29.95,-95.01,-95.01,-20.068,0.366,0.433,-0.626
BTCUSDC,BOLL,15m,"{""window"": 14, ""window_dev"": 1.5}",atr,"{""atr_window"": 14, ""sl_mult"": 1.5, ""tp_mult"": 3.0}",657,30.59,-89.89,-89.96,-11.968,0.427,0.765,-0.834
BTCUSDC,BOLL,15m,"{""window"": 14, ""window_dev"": 1.5}",atr,"{""atr_window"": 14, ""sl_mult"": 2.0, ""tp_mult"": 4.0}",458,33.62,-75.89,-76.05,-6.602,0.551,1.189,-1.059
BTCUSDC,BOLL,15m,"{""window"": 14, ""window_dev"": 2}",flat,"{""sl_pct"": 2.0, ""tp_pct"": 4.0}",103,31.07,-37.89,-41.27,-1.957,0.685,3.688,-2.277
BTCUSDC,BOLL,15m,"{""window"": 14, ""window_dev"": 2}",flat,"{""sl_pct"": 1.0, ""tp_pct"": 2.0}",247,31.58,-59.77,-60.07,-4.854,0.563,1.674,-1.297
BTCUSDC,BOLL,15m,"{""window"": 14, ""window_dev"": 2}",flat,"{""sl_pct"": 3.0, ""tp_pct"": 6.0}",51,29.41,-34.75,-39.95,-1.753,0.609,5.329,-3.291
BTCUSDC,BOLL,15m,"{""window"": 14, ""window_dev"": 2}",atr,"{""atr_window"": 14, ""sl_mult"": 1.0, ""tp_mult"": 2.0}",583,31.73,-82.54,-82.56,-15.123,0.315,0.399,-0.621
BTCUSDC,BOLL,15m,"{""window"": 14, ""window_dev"": 2}",atr,"{""atr_window"": 14, ""sl_mult"": 1.5, ""tp_mult"": 3.0}",444,32.66,-77.81,-77.98,-9.927,0.378,0.694,-0.835
BTCUSDC,BOLL,15m,"{""window"": 14, ""window_dev"": 2}",atr,"{""atr_window"": 14, ""sl_mult"": 2.0, ""tp_mult"": 4.0}",351,33.05,-70.49,-70.71,-7.121,0.496,1.062,-1.034
BTCUSDC,BOLL,15m,"{""window"": 14, ""window_dev"": 2.5}",flat,"{""sl_pct"": 2.0, ""tp_pct"": 4.0}",85,34.12,-24.67,-27.43,-1.364,0.771,3.568,-2.294
BTCUSDC,BOLL,15m,"{""window"": 14, ""window_dev"": 2.5}",flat,"{""sl_pct"": 1.0, ""tp_pct"": 2.0}",134,30.6,-41.71,-42.35,-4.294,0.535,1.658,-1.297
BTCUSDC,BOLL,15m,"{""window"": 14, ""window_dev"": 2.5}",flat,"{""sl_pct"": 3.0, ""tp_pct"": 6.0}",49,28.57,-32.01,-39.29,-1.747,0.638,5.682,-3.258
BTCUSDC,BOLL,15m,"{""window"": 14, ""window_dev"": 2.5}",atr,"{""atr_window"": 14, ""sl_mult"": 1.0, ""tp_mult"": 2.0}",225,27.11,-53.34,-53.41,-11.118,0.271,0.414,-0.616
BTCUSDC,BOLL,15m,"{""window"": 14, ""window_dev"": 2.5}",atr,"{""atr_window"": 14, ""sl_mult"": 1.5, ""tp_mult"": 3.0}",202,28.71,-50.56,-50.84,-7.419,0.407,0.757,-0.788
BTCUSDC,BOLL,15m,"{""window"": 14, ""window_dev"": 2.5}",atr,"{""atr_window"": 14, ""sl_mult"": 2.0, ""tp_mult"": 4.0}",187,31.55,-46.99,-47.33,-5.017,0.5,1.074,-0.981
BTCUSDC,BOLL,15m,"{""window"": 20, ""window_dev"": 1.5}",flat,"{""sl_pct"": 2.0, ""tp_pct"": 4.0}",121,27.27,-56.49,-61.29,-3.15,0.529,3.688,-2.277
BTCUSDC,BOLL,15m,"{""window"": 20, ""window_dev"": 1.5}",flat,"{""sl_pct"": 1.0, ""tp_pct"": 2.0}",326,33.13,-64.69,-64.95,-4.678,0.614,1.685,-1.297
BTCUSDC,BOLL,15m,"{""window"": 20, ""window_dev"": 1.5}",flat,"{""sl_pct"": 3.0, ""tp_pct"": 6.0}",63,28.57,-43.16,-48.53,-2.168,0.588,5.373,-3.291
BTCUSDC,BOLL,15m,"{""window"": 20, ""window_dev"": 1.5}",atr,"{""atr_window"": 14, ""sl_mult"": 1.0, ""tp_mult"": 2.0}",923,29.79,-94.25,-94.26,-16.594,0.366,0.456,-0.631
BTCUSDC,BOLL,15m,"{""window"": 20, ""window_dev"": 1.5}",atr,"{""atr_window"": 14, ""sl_mult"": 1.5, ""tp_mult"": 3.0}",635,30.71,-87.87,-87.96,-10.542,0.444,0.825,-0.839
BTCUSDC,BOLL,15m,"{""window"": 20, ""window_dev"": 1.5}",atr,"{""atr_window"": 14, ""sl_mult"": 2.0, ""tp_mult"": 4.0}",445,33.26,-75.86,-76.03,-6.411,0.544,1.178,-1.054
BTCUSDC,BOLL,15m,"{""window"": 20, ""window_dev"": 2}",flat,"{""sl_pct"": 2.0, ""tp_pct"": 4.0}",109,30.28,-42.58,-49.04,-2.292,0.642,3.688,-2.276
BTCUSDC,BOLL,15m,"{""window"": 20, ""window_dev"": 2}",flat,"{""sl_pct"": 1.0, ""tp_pct"": 2.0}",242,30.99,-60.74,-60.98,-5.01,0.553,1.673,-1.297
BTCUSDC,BOLL,15m,"{""window"": 20, ""window_dev"": 2}",flat,"{""sl_pct"": 3.0, ""tp_pct"": 6.0}",57,28.07,-41.82,-47.18,-2.159,0.563,5.334,-3.291
BTCUSDC,BOLL,15m,"{""window"": 20, ""window_dev"": 2}",atr,"{""atr_window"": 14, ""sl_mult"": 1.0, ""tp_mult"": 2.0}",584,29.79,-84.3,-84.3,-15.541,0.313,0.412,-0.624
BTCUSDC,BOLL,15m,"{""window"": 20, ""window_dev"": 2}",atr,"{""atr_window"": 14, ""sl_mult"": 1.5, ""tp_mult"": 3.0}",455,33.41,-76.06,-76.21,-9.637,0.421,0.708,-0.821
BTCUSDC,BOLL,15m,"{""window"": 20, ""window_dev"": 2}",atr,"{""atr_window"": 14, ""sl_mult"": 2.0, ""tp_mult"": 4.0}",375,33.6,-70.88,-71.06,-7.283,0.472,1.015,-1.0
BTCUSDC,BOLL,15m,"{""window"": 20, ""window_dev"": 2.5}",flat,"{""sl_pct"": 2.0, ""tp_pct"": 4.0}",87,32.18,-32.29,-36.51,-1.907,0.695,3.561,-2.294
BTCUSDC,BOLL,15m,"{""window"": 20, ""window_dev"": 2.5}",flat,"{""sl_pct"": 1.0, ""tp_pct"": 2.0}",166,33.13,-41.73,-42.1,-3.567,0.61,1.666,-1.297
BTCUSDC,BOLL,15m,"{""window"": 20, ""window_dev"": 2.5}",flat,"{""sl_pct"": 3.0, ""tp_pct"": 6.0}",47,29.79,-27.3,-34.05,-1.291,0.686,5.682,-3.256
BTCUSDC,BOLL,15m,"{""window"": 20, ""window_dev"": 2.5}",atr,"{""atr_window"": 14, ""sl_mult"": 1.0, ""tp_mult"": 2.0}",275,29.45,-55.83,-55.83,-11.344,0.351,0.481,-0.619
BTCUSDC,BOLL,15m,"{""window"": 20, ""window_dev"": 2.5}",atr,"{""atr_window"": 14, ""sl_mult"": 1.5, ""tp_mult"": 3.0}",242,32.64,-52.34,-52.34,-6.806,0.466,0.779,-0.826
BTCUSDC,BOLL,15m,"{""window"": 20, ""window_dev"": 2.5}",atr,"{""atr_window"": 14, ""sl_mult"": 2.0, ""tp_mult"": 4.0}",218,33.03,-48.36,-48.36,-4.712,0.54,1.145,-1.006
BTCUSDC,MOM,15m,"{""window"": 5, ""buy_threshold"": 2, ""sell_threshold"": -2}",flat,"{""sl_pct"": 2.0, ""tp_pct"": 4.0}",30,26.67,-19.8,-25.54,-1.791,0.578,3.688,-2.294
BTCUSDC,MOM,15m,"{""window"": 5, ""buy_threshold"": 2, ""sell_threshold"": -2}",flat,"{""sl_pct"": 1.0, ""tp_pct"": 2.0}",39,30.77,-13.99,-16.2,-2.706,0.579,1.694,-1.297
BTCUSDC,MOM,15m,"{""window"": 5, ""buy_threshold"": 2, ""sell_threshold"": -2}",flat,"{""sl_pct"": 3.0, ""tp_pct"": 6.0}",24,29.17,-16.63,-19.6,-1.034,0.67,5.682,-3.291
BTCUSDC,MOM,15m,"{""window"": 5, ""buy_threshold"": 2, ""sell_threshold"": -2}",atr,"{""atr_window"": 14, ""sl_mult"": 1.0, ""tp_mult"": 2.0}",41,31.71,-12.27,-15.21,-2.424,0.553,1.198,-1.014
BTCUSDC,MOM,15m,"{""window"": 5, ""buy_threshold"": 2, ""sell_threshold"": -2}",atr,"{""atr_window"": 14, ""sl_mult"": 1.5, ""tp_mult"": 3.0}",37,32.43,-11.4,-15.56,-1.634,0.663,1.902,-1.375
BTCUSDC,MOM,15m,"{""window"": 5, ""buy_threshold"": 2, ""sell_threshold"": -2}",atr,"{""atr_window"": 14, ""sl_mult"": 2.0, ""tp_mult"": 4.0}",32,21.88,-23.57,-24.38,-2.68,0.399,2.465,-1.735
BTCUSDC,MOM,15m,"{""window"": 5, ""buy_threshold"": 3, ""sell_threshold"": -3}",flat,"{""sl_pct"": 2.0, ""tp_pct"": 4.0}",7,28.57,-4.26,-12.81,-0.782,0.638,3.688,-2.294
BTCUSDC,MOM,15m,"{""window"": 5, ""buy_threshold"": 3, ""sell_threshold"": -3}",flat,"{""sl_pct"": 1.0, ""tp_pct"": 2.0}",7,28.57,-3.12,-5.13,-1.17,0.522,1.694,-1.297
BTCUSDC,MOM,15m,"{""window"": 5, ""buy_threshold"": 3, ""sell_threshold"": -3}",flat,"{""sl_pct"": 3.0, ""tp_pct"": 6.0}",7,28.57,-5.52,-17.17,-0.666,0.679,5.682,-3.291
BTCUSDC,MOM,15m,"{""window"": 5, ""buy_threshold"": 3, ""sell_threshold"": -3}",atr,"{""atr_window"": 14, ""sl_mult"": 1.0, ""tp_mult"": 2.0}",9,22.22,-2.64,-7.09,-0.809,0.632,2.26,-1.014
BTCUSDC,MOM,15m,"{""window"": 5, ""buy_threshold"": 3, ""sell_threshold"": -3}",atr,"{""atr_window"": 14, ""sl_mult"": 1.5, ""tp_mult"": 3.0}",7,28.57,0.15,-5.48,0.077,1.021,3.539,-1.346
BTCUSDC,MOM,15m,"{""window"": 5, ""buy_threshold"": 3, ""sell_threshold"": -3}",atr,"{""atr_window"": 14, ""sl_mult"": 2.0, ""tp_mult"": 4.0}",7,14.29,-3.05,-10.29,-0.468,0.706,7.323,-1.68
BTCUSDC,MOM,15m,"{""window"": 5, ""buy_threshold"": 5, ""sell_threshold"": -5}",flat,"{""sl_pct"": 2.0, ""tp_pct"": 4.0}",2,50.0,1.31,-2.79,0.486,1.551,3.688,-2.294
BTCUSDC,MOM,15m,"{""window"": 5, ""buy_threshold"": 5, ""sell_threshold"": -5}",flat,"{""sl_pct"": 1.0, ""tp_pct"": 2.0}",2,50.0,0.38,-1.3,0.265,1.285,1.694,-1.297
BTCUSDC,MOM,15m,"{""window"": 5, ""buy_threshold"": 5, ""sell_threshold"": -5}",flat,"{""sl_pct"": 3.0, ""tp_pct"": 6.0}",2,50.0,2.2,-3.78,0.541,1.634,5.682,-3.291
BTCUSDC,MOM,15m,"{""window"": 5, ""buy_threshold"": 5, ""sell_threshold"": -5}",atr,"{""atr_window"": 14, ""sl_mult"": 1.0, ""tp_mult"": 2.0}",2,50.0,2.46,-2.33,0.969,3.33,3.512,-1.019
BTCUSDC,MOM,15m,"{""window"": 5, ""buy_threshold"": 5, ""sell_threshold"": -5}",atr,"{""atr_window"": 14, ""sl_mult"": 1.5, ""tp_mult"": 3.0}",2,50.0,3.96,-2.48,1.028,3.729,5.417,-1.378
BTCUSDC,MOM,15m,"{""window"": 5, ""buy_threshold"": 5, ""sell_threshold"": -5}",atr,"{""atr_window"": 14, ""sl_mult"": 2.0, ""tp_mult"": 4.0}",2,50.0,5.46,-2.48,1.068,3.927,7.323,-1.738
BTCUSDC,MOM,15m,"{""window"": 10, ""buy_threshold"": 2, ""sell_threshold"": -2}",flat,"{""sl_pct"": 2.0, ""tp_pct"": 4.0}",51,17.65,-47.72,-49.41,-4.417,0.341,3.688,-2.294
BTCUSDC,MOM,15m,"{""window"": 10, ""buy_threshold"": 2, ""sell_threshold"": -2}",flat,"{""sl_pct"": 1.0, ""tp_pct"": 2.0}",70,28.57,-27.13,-32.69,-3.996,0.523,1.694,-1.297
BTCUSDC,MOM,15m,"{""window"": 10, ""buy_threshold"": 2, ""sell_threshold"": -2}",flat,"{""sl_pct"": 3.0, ""tp_pct"": 6.0}",33,30.3,-19.5,-30.75,-1.069,0.711,5.682,-3.291
BTCUSDC,MOM,15m,"{""window"": 10, ""buy_threshold"": 2, ""sell_threshold"": -2}",atr,"{""atr_window"": 14, ""sl_mult"": 1.0, ""tp_mult"": 2.0}",87,28.74,-30.85,-33.06,-5.827,0.37,0.857,-0.934
BTCUSDC,MOM,15m,"{""window"": 10, ""buy_threshold"": 2, ""sell_threshold"": -2}",atr,"{""atr_window"": 14, ""sl_mult"": 1.5, ""tp_mult"": 3.0}",76,28.95,-30.64,-35.03,-4.043,0.469,1.41,-1.239
BTCUSDC,MOM,15m,"{""window"": 10, ""buy_threshold"": 2, ""sell_threshold"": -2}",atr,"{""atr_window"": 14, ""sl_mult"": 2.0, ""tp_mult"": 4.0}",64,25.0,-32.08,-39.24,-3.999,0.502,2.149,-1.5
BTCUSDC,MOM,15m,"{""window"": 10, ""buy_threshold"": 3, ""sell_threshold"": -3}",flat,"{""sl_pct"": 2.0, ""tp_pct"": 4.0}",17,17.65,-19.44,-21.71,-2.434,0.322,3.688,-2.294
BTCUSDC,MOM,15m,"{""window"": 10, ""buy_threshold"": 3, ""sell_threshold"": -3}",flat,"{""sl_pct"": 1.0, ""tp_pct"": 2.0}",20,25.0,-10.57,-12.51,-2.726,0.442,1.694,-1.297
BTCUSDC,MOM,15m,"{""window"": 10, ""buy_threshold"": 3, ""sell_threshold"": -3}",flat,"{""sl_pct"": 3.0, ""tp_pct"": 6.0}",16,18.75,-23.6,-29.93,-2.174,0.381,5.682,-3.291
BTCUSDC,MOM,15m,"{""window"": 10, ""buy_threshold"": 3, ""sell_threshold"": -3}",atr,"{""atr_window"": 14, ""sl_mult"": 1.0, ""tp_mult"": 2.0}",23,26.09,-11.84,-12.98,-3.568,0.322,0.99,-1.082
BTCUSDC,MOM,15m,"{""window"": 10, ""buy_threshold"": 3, ""sell_threshold"": -3}",atr,"{""atr_window"": 14, ""sl_mult"": 1.5, ""tp_mult"": 3.0}",21,38.1,-2.21,-10.97,-0.325,0.883,2.044,-1.403
BTCUSDC,MOM,15m,"{""window"": 10, ""buy_threshold"": 3, ""sell_threshold"": -3}",atr,"{""atr_window"": 14, ""sl_mult"": 2.0, ""tp_mult"": 4.0}",18,22.22,-10.74,-16.62,-1.352,0.547,3.234,-1.7
BTCUSDC,MOM,15m,"{""window"": 10, ""buy_threshold"": 5, ""sell_threshold"": -5}",flat,"{""sl_pct"": 2.0, ""tp_pct"": 4.0}",2,0.0,-4.53,-4.53,-2.33,0.0,,-2.294
BTCUSDC,MOM,15m,"{""window"": 10, ""buy_threshold"": 5, ""sell_threshold"": -5}",flat,"{""sl_pct"": 1.0, ""tp_pct"": 2.0}",3,0.0,-3.84,-3.84,-1.916,0.0,,-1.297
BTCUSDC,MOM,15m,"{""window"": 10, ""buy_threshold"": 5, ""sell_threshold"": -5}",flat,"{""sl_pct"": 3.0, ""tp_pct"": 6.0}",2,50.0,2.2,-3.78,0.541,1.634,5.682,-3.291
BTCUSDC,MOM,15m,"{""window"": 10, ""buy_threshold"": 5, ""sell_threshold"": -5}",atr,"{""atr_window"": 14, ""sl_mult"": 1.0, ""tp_mult"": 2.0}",4,0.0,-5.21,-5.21,-1.975,0.0,,-1.328
BTCUSDC,MOM,15m,"{""window"": 10, ""buy_threshold"": 5, ""sell_threshold"": -5}",atr,"{""atr_window"": 14, ""sl_mult"": 1.5, ""tp_mult"": 3.0}",2,50.0,3.59,-2.48,0.997,3.482,5.041,-1.378
BTCUSDC,MOM,15m,"{""window"": 10, ""buy_threshold"": 5, ""sell_threshold"": -5}",atr,"{""atr_window"": 14, ""sl_mult"": 2.0, ""tp_mult"": 4.0}",2,50.0,4.96,-2.48,1.041,3.674,6.821,-1.738
BTCUSDC,RSI,1h,"{""window"": 10, ""buy_threshold"": 20, ""sell_threshold"": 70}",flat,"{""sl_pct"": 2.0, ""tp_pct"": 4.0}",56,25.0,-37.34,-41.47,-2.057,0.492,3.688,-2.294
BTCUSDC,RSI,1h,"{""window"": 10, ""buy_threshold"": 20, ""sell_threshold"": 70}",flat,"{""sl_pct"": 1.0, ""tp_pct"": 2.0}",74,28.38,-28.74,-30.43,-2.531,0.506,1.694,-1.297
BTCUSDC,RSI,1h,"{""window"": 10, ""buy_threshold"": 20, ""sell_threshold"": 70}",flat,"{""sl_pct"": 3.0, ""tp_pct"": 6.0}",44,22.73,-44.29,-44.62,-1.857,0.479,5.682,-3.291
BTCUSDC,RSI,1h,"{""window"": 10, ""buy_threshold"": 20, ""sell_threshold"": 70}",atr,"{""atr_window"": 14, ""sl_mult"": 1.0, ""tp_mult"": 2.0}",84,29.76,-29.2,-33.54,-2.486,0.466,1.274,-1.114
BTCUSDC,RSI,1h,"{""window"": 10, ""buy_threshold"": 20, ""sell_threshold"": 70}",atr,"{""atr_window"": 14, ""sl_mult"": 1.5, ""tp_mult"": 3.0}",73,27.4,-30.64,-35.72,-2.021,0.545,2.251,-1.516
BTCUSDC,RSI,1h,"{""window"": 10, ""buy_threshold"": 20, ""sell_threshold"": 70}",atr,"{""atr_window"": 14, ""sl_mult"": 2.0, ""tp_mult"": 4.0}",67,26.87,-36.17,-42.44,-1.876,0.502,2.843,-1.922
BTCUSDC,RSI,1h,"{""window"": 10, ""buy_threshold"": 20, ""sell_threshold"": 80}",flat,"{""sl_pct"": 2.0, ""tp_pct"": 4.0}",56,25.0,-37.34,-41.47,-2.057,0.492,3.688,-2.294
BTCUSDC,RSI,1h,"{""window"": 10, ""buy_threshold"": 20, ""sell_threshold"": 80}",flat,"{""sl_pct"": 1.0, ""tp_pct"": 2.0}",74,28.38,-28.74,-30.43,-2.531,0.506,1.694,-1.297
BTCUSDC,RSI,1h,"{""window"": 10, ""buy_threshold"": 20, ""sell_threshold"": 80}",flat,"{""sl_pct"": 3.0, ""tp_pct"": 6.0}",44,22.73,-44.29,-44.62,-1.857,0.479,5.682,-3.291
BTCUSDC,RSI,1h,"{""window"": 10, ""buy_threshold"": 20, ""sell_threshold"": 80}",atr,"{""atr_window"": 14, ""sl_mult"": 1.0, ""tp_mult"": 2.0}",84,29.76,-29.2,-33.54,-2.486,0.466,1.274,-1.114
BTCUSDC,RSI,1h,"{""window"": 10, ""buy_threshold"": 20, ""sell_threshold"": 80}",atr,"{""atr_window"": 14, ""sl_mult"": 1.5, ""tp_mult"": 3.0}",73,27.4,-30.64,-35.72,-2.021,0.545,2.251,-1.516
BTCUSDC,RSI,1h,"{""window"": 10, ""buy_threshold"": 20, ""sell_threshold"": 80}",atr,"{""atr_window"": 14, ""sl_mult"": 2.0, ""tp_mult"": 4.0}",67,26.87,-36.17,-42.44,-1.876,0.502,2.843,-1.922
BTCUSDC,RSI,1h,"{""window"": 10, ""buy_threshold"": 30, ""sell_threshold"": 70}",flat,"{""sl_pct"": 2.0, ""tp_pct"": 4.0}",130,26.92,-60.3,-67.84,-2.404,0.57,3.688,-2.28
BTCUSDC,RSI,1h,"{""window"": 10, ""buy_threshold"": 30, ""sell_threshold"": 70}",flat,"{""sl_pct"": 1.0, ""tp_pct"": 2.0}",221,27.6,-65.95,-69.13,-4.084,0.455,1.671,-1.297
BTCUSDC,RSI,1h,"{""window"": 10, ""buy_threshold"": 30, ""sell_threshold"": 70}",flat,"{""sl_pct"": 3.0, ""tp_pct"": 6.0}",76,23.68,-62.86,-67.5,-2.503,0.475,5.426,-3.291
BTCUSDC,RSI,1h,"{""window"": 10, ""buy_threshold"": 30, ""sell_threshold"": 70}",atr,"{""atr_window"": 14, ""sl_mult"": 1.0, ""tp_mult"": 2.0}",269,27.14,-71.25,-71.7,-4.988,0.379,1.135,-1.05
BTCUSDC,RSI,1h,"{""window"": 10, ""buy_threshold"": 30, ""sell_threshold"": 70}",atr,"{""atr_window"": 14, ""sl_mult"": 1.5, ""tp_mult"": 3.0}",207,28.99,-65.02,-70.73,-3.492,0.474,1.819,-1.437
BTCUSDC,RSI,1h,"{""window"": 10, ""buy_threshold"": 30, ""sell_threshold"": 70}",atr,"{""atr_window"": 14, ""sl_mult"": 2.0, ""tp_mult"": 4.0}",168,29.76,-61.05,-70.76,-2.682,0.533,2.487,-1.819
BTCUSDC,RSI,1h,"{""window"": 10, ""buy_threshold"": 30, ""sell_threshold"": 80}",flat,"{""sl_pct"": 2.0, ""tp_pct"": 4.0}",130,26.92,-60.3,-67.84,-2.404,0.57,3.688,-2.28
BTCUSDC,RSI,1h,"{""window"": 10, ""buy_threshold"": 30, ""sell_threshold"": 80}",flat,"{""sl_pct"": 1.0, ""tp_pct"": 2.0}",221,27.6,-65.95,-69.13,-4.084,0.455,1.671,-1.297
BTCUSDC,RSI,1h,"{""window"": 10, ""buy_threshold"": 30, ""sell_threshold"": 80}",flat,"{""sl_pct"": 3.0, ""tp_pct"": 6.0}",76,23.68,-62.86,-67.5,-2.503,0.475,5.426,-3.291
BTCUSDC,RSI,1h,"{""window"": 10, ""buy_threshold"": 30, ""sell_threshold"": 80}",atr,"{""atr_window"": 14, ""sl_mult"": 1.0, ""tp_mult"": 2.0}",269,27.14,-71.25,-71.7,-4.988,0.379,1.135,-1.05
BTCUSDC,RSI,1h,"{""window"": 10, ""buy_threshold"": 30, ""sell_threshold"": 80}",atr,"{""atr_window"": 14, ""sl_mult"": 1.5, ""tp_mult"": 3.0}",207,28.99,-65.02,-70.73,-3.492,0.474,1.819,-1.437
BTCUSDC,RSI,1h,"{""window"": 10, ""buy_threshold"": 30, ""sell_threshold"": 80}",atr,"{""atr_window"": 14, ""sl_mult"": 2.0, ""tp_mult"": 4.0}",168,29.76,-61.05,-70.76,-2.682,0.533,2.487,-1.819
BTCUSDC,RSI,1h,"{""window"": 14, ""buy_threshold"": 20, ""sell_threshold"": 70}",flat,"{""sl_pct"": 2.0, ""tp_pct"": 4.0}",22,13.64,-28.26,-29.94,-2.369,0.235,3.688,-2.294
BTCUSDC,RSI,1h,"{""window"": 14, ""buy_threshold"": 20, ""sell_threshold"": 70}",flat,"{""sl_pct"": 1.0, ""tp_pct"": 2.0}",30,13.33,-23.82,-24.24,-2.87,0.195,1.694,-1.297
BTCUSDC,RSI,1h,"{""window"": 14, ""buy_threshold"": 20, ""sell_threshold"": 70}",flat,"{""sl_pct"": 3.0, ""tp_pct"": 6.0}",19,15.79,-30.89,-31.63,-1.878,0.302,5.682,-3.291
BTCUSDC,RSI,1h,"{""window"": 14, ""buy_threshold"": 20, ""sell_threshold"": 70}",atr,"{""atr_window"": 14, ""sl_mult"": 1.0, ""tp_mult"": 2.0}",31,29.03,-13.85,-15.22,-1.744,0.431,1.26,-1.181
BTCUSDC,RSI,1h,"{""window"": 14, ""buy_threshold"": 20, ""sell_threshold"": 70}",atr,"{""atr_window"": 14, ""sl_mult"": 1.5, ""tp_mult"": 3.0}",27,25.93,-17.52,-22.52,-1.842,0.384,1.875,-1.597
BTCUSDC,RSI,1h,"{""window"": 14, ""buy_threshold"": 20, ""sell_threshold"": 70}",atr,"{""atr_window"": 14, ""sl_mult"": 2.0, ""tp_mult"": 4.0}",26,26.92,-21.24,-24.62,-1.737,0.393,2.307,-2.07
BTCUSDC,RSI,1h,"{""window"": 14, ""buy_threshold"": 20, ""sell_threshold"": 80}",flat,"{""sl_pct"": 2.0, ""tp_pct"": 4.0}",22,13.64,-28.26,-29.94,-2.369,0.235,3.688,-2.294
BTCUSDC,RSI,1h,"{""window"": 14, ""buy_threshold"": 20, ""sell_threshold"": 80}",flat,"{""sl_pct"": 1.0, ""tp_pct"": 2.0}",30,13.33,-23.82,-24.24,-2.87,0.195,1.694,-1.297
BTCUSDC,RSI,1h,"{""window"": 14, ""buy_threshold"": 20, ""sell_threshold"": 80}",flat,"{""sl_pct"": 3.0, ""tp_pct"": 6.0}",19,15.79,-30.89,-31.63,-1.878,0.302,5.682,-3.291
BTCUSDC,RSI,1h,"{""window"": 14, ""buy_threshold"": 20, ""sell_threshold"": 80}",atr,"{""atr_window"": 14, ""sl_mult"": 1.0, ""tp_mult"": 2.0}",31,29.03,-13.85,-15.22,-1.744,0.431,1.26,-1.181
BTCUSDC,RSI,1h,"{""window"": 14, ""buy_threshold"": 20, ""sell_threshold"": 80}",atr,"{""atr_window"": 14, ""sl_mult"": 1.5, ""tp_mult"": 3.0}",27,25.93,-17.52,-22.52,-1.842,0.384,1.875,-1.597
BTCUSDC,RSI,1h,"{""window"": 14, ""buy_threshold"": 20, ""sell_threshold"": 80}",atr,"{""atr_window"": 14, ""sl_mult"": 2.0, ""tp_mult"": 4.0}",26,26.92,-21.24,-24.62,-1.737,0.393,2.307,-2.07
BTCUSDC,RSI,1h,"{""window"": 14, ""buy_threshold"": 30, ""sell_threshold"": 70}",flat,"{""sl_pct"": 2.0, ""tp_pct"": 4.0}",102,26.47,-52.64,-57.25,-2.211,0.579,3.688,-2.274
BTCUSDC,RSI,1h,"{""window"": 14, ""buy_threshold"": 30, ""sell_threshold"": 70}",flat,"{""sl_pct"": 1.0, ""tp_pct"": 2.0}",162,30.86,-47.04,-50.34,-2.754,0.569,1.666,-1.297
BTCUSDC,RSI,1h,"{""window"": 14, ""buy_threshold"": 30, ""sell_threshold"": 70}",flat,"{""sl_pct"": 3.0, ""tp_pct"": 6.0}",70,25.71,-51.32,-56.18,-1.815,0.549,5.682,-3.243
BTCUSDC,RSI,1h,"{""window"": 14, ""buy_threshold"": 30, ""sell_threshold"": 70}",atr,"{""atr_window"": 14, ""sl_mult"": 1.0, ""tp_mult"": 2.0}",190,28.42,-57.53,-59.36,-3.936,0.4,1.148,-1.076
BTCUSDC,RSI,1h,"{""window"": 14, ""buy_threshold"": 30, ""sell_threshold"": 70}",atr,"{""atr_window"": 14, ""sl_mult"": 1.5, ""tp_mult"": 3.0}",155,30.97,-48.65,-53.9,-2.442,0.581,1.899,-1.453
BTCUSDC,RSI,1h,"{""window"": 14, ""buy_threshold"": 30, ""sell_threshold"": 70}",atr,"{""atr_window"": 14, ""sl_mult"": 2.0, ""tp_mult"": 4.0}",126,26.98,-58.74,-66.61,-2.814,0.439,2.501,-1.854
BTCUSDC,RSI,1h,"{""window"": 14, ""buy_threshold"": 30, ""sell_threshold"": 80}",flat,"{""sl_pct"": 2.0, ""tp_pct"": 4.0}",102,26.47,-52.64,-57.25,-2.211,0.579,3.688,-2.274
BTCUSDC,RSI,1h,"{""window"": 14, ""buy_threshold"": 30, ""sell_threshold"": 80}",flat,"{""sl_pct"": 1.0, ""tp_pct"": 2.0}",162,30.86,-47.04,-50.34,-2.754,0.569,1.666,-1.297
BTCUSDC,RSI,1h,"{""window"": 14, ""buy_threshold"": 30, ""sell_threshold"": 80}",flat,"{""sl_pct"": 3.0, ""tp_pct"": 6.0}",70,25.71,-51.32,-56.18,-1.815,0.549,5.682,-3.243
BTCUSDC,RSI,1h,"{""window"": 14, ""buy_threshold"": 30, ""sell_threshold"": 80}",atr,"{""atr_window"": 14, ""sl_mult"": 1.0, ""tp_mult"": 2.0}",190,28.42,-57.53,-59.36,-3.936,0.4,1.148,-1.076
BTCUSDC,RSI,1h,"{""window"": 14, ""buy_threshold"": 30, ""sell_threshold"": 80}",atr,"{""atr_window"": 14, ""sl_mult"": 1.5, ""tp_mult"": 3.0}",155,30.97,-48.65,-53.9,-2.442,0.581,1.899,-1.453
BTCUSDC,RSI,1h,"{""window"": 14, ""buy_threshold"": 30, ""sell_threshold"": 80}",atr,"{""atr_window"": 14, ""sl_mult"": 2.0, ""tp_mult"": 4.0}",126,26.98,-58.74,-66.61,-2.814,0.439,2.501,-1.854
BTCUSDC,EMA,1h,"{""short_span"": 5, ""long_span"": 20}",flat,"{""sl_pct"": 2.0, ""tp_pct"": 4.0}",112,33.04,-31.44,-38.3,-1.061,0.775,3.688,-2.264
BTCUSDC,EMA,1h,"{""short_span"": 5, ""long_span"": 20}",flat,"{""sl_pct"": 1.0, ""tp_pct"": 2.0}",190,35.79,-35.41,-38.79,-2.063,0.733,1.694,-1.286
BTCUSDC,EMA,1h,"{""short_span"": 5, ""long_span"": 20}",flat,"{""sl_pct"": 3.0, ""tp_pct"": 6.0}",73,31.51,-30.85,-42.5,-0.906,0.765,5.682,-3.226
BTCUSDC,EMA,1h,"{""short_span"": 5, ""long_span"": 20}",atr,"{""atr_window"": 14, ""sl_mult"": 1.0, ""tp_mult"": 2.0}",240,34.17,-48.99,-48.99,-3.971,0.541,0.968,-0.921
BTCUSDC,EMA,1h,"{""short_span"": 5, ""long_span"": 20}",atr,"{""atr_window"": 14, ""sl_mult"": 1.5, ""tp_mult"": 3.0}",195,33.85,-44.26,-46.41,-2.56,0.655,1.63,-1.269
BTCUSDC,EMA,1h,"{""short_span"": 5, ""long_span"": 20}",atr,"{""atr_window"": 14, ""sl_mult"": 2.0, ""tp_mult"": 4.0}",155,35.48,-29.71,-34.4,-1.201,0.781,2.369,-1.622
BTCUSDC,EMA,1h,"{""short_span"": 9, ""long_span"": 21}",flat,"{""sl_pct"": 2.0, ""tp_pct"": 4.0}",95,32.63,-28.96,-38.14,-1.015,0.764,3.688,-2.262
BTCUSDC,EMA,1h,"{""short_span"": 9, ""long_span"": 21}",flat,"{""sl_pct"": 1.0, ""tp_pct"": 2.0}",155,34.84,-33.02,-38.16,-2.066,0.696,1.694,-1.287
BTCUSDC,EMA,1h,"{""short_span"": 9, ""long_span"": 21}",flat,"{""sl_pct"": 3.0, ""tp_pct"": 6.0}",64,31.25,-29.76,-44.09,-0.923,0.742,5.682,-3.26
BTCUSDC,EMA,1h,"{""short_span"": 9, ""long_span"": 21}",atr,"{""atr_window"": 14, ""sl_mult"": 1.0, ""tp_mult"": 2.0}",183,33.88,-39.63,-40.08,-3.536,0.536,0.995,-0.919
BTCUSDC,EMA,1h,"{""short_span"": 9, ""long_span"": 21}",atr,"{""atr_window"": 14, ""sl_mult"": 1.5, ""tp_mult"": 3.0}",161,34.16,-39.13,-43.61,-2.366,0.617,1.567,-1.265
BTCUSDC,EMA,1h,"{""short_span"": 9, ""long_span"": 21}",atr,"{""atr_window"": 14, ""sl_mult"": 2.0, ""tp_mult"": 4.0}",136,33.82,-36.78,-47.56,-1.732,0.657,2.175,-1.593
BTCUSDC,EMA,1h,"{""short_span"": 12, ""long_span"": 26}",flat,"{""sl_pct"": 2.0, ""tp_pct"": 4.0}",83,36.14,-13.34,-34.78,-0.432,0.875,3.688,-2.294
BTCUSDC,EMA,1h,"{""short_span"": 12, ""long_span"": 26}",flat,"{""sl_pct"": 1.0, ""tp_pct"": 2.0}",130,30.0,-41.27,-46.0,-3.091,0.527,1.694,-1.297
BTCUSDC,EMA,1h,"{""short_span"": 12, ""long_span"": 26}",flat,"{""sl_pct"": 3.0, ""tp_pct"": 6.0}",56,32.14,-24.16,-45.14,-0.77,0.762,5.682,-3.291
BTCUSDC,EMA,1h,"{""short_span"": 12, ""long_span"": 26}",atr,"{""atr_window"": 14, ""sl_mult"": 1.0, ""tp_mult"": 2.0}",143,34.27,-37.28,-38.47,-3.831,0.47,0.922,-0.969
BTCUSDC,EMA,1h,"{""short_span"": 12, ""long_span"": 26}",atr,"{""atr_window"": 14, ""sl_mult"": 1.5, ""tp_mult"": 3.0}",137,32.12,-43.27,-49.91,-3.042,0.507,1.499,-1.303
BTCUSDC,EMA,1h,"{""short_span"": 12, ""long_span"": 26}",atr,"{""atr_window"": 14, ""sl_mult"": 2.0, ""tp_mult"": 4.0}",113,34.51,-31.65,-43.39,-1.75,0.66,2.208,-1.648
BTCUSDC,EMA,1h,"{""short_span"": 5, ""long_span"": 13}",flat,"{""sl_pct"": 2.0, ""tp_pct"": 4.0}",128,32.81,-39.92,-45.82,-1.407,0.75,3.603,-2.294
BTCUSDC,EMA,1h,"{""short_span"": 5, ""long_span"": 13}",flat,"{""sl_pct"": 1.0, ""tp_pct"": 2.0}",219,35.16,-43.75,-45.9,-2.532,0.704,1.674,-1.297
BTCUSDC,EMA,1h,"{""short_span"": 5, ""long_span"": 13}",flat,"{""sl_pct"": 3.0, ""tp_pct"": 6.0}",77,31.17,-39.43,-49.35,-1.2,0.707,5.449,-3.291
BTCUSDC,EMA,1h,"{""short_span"": 5, ""long_span"": 13}",atr,"{""atr_window"": 14, ""sl_mult"": 1.0, ""tp_mult"": 2.0}",284,36.27,-51.6,-51.82,-4.046,0.586,0.961,-0.939
BTCUSDC,EMA,1h,"{""short_span"": 5, ""long_span"": 13}",atr,"{""atr_window"": 14, ""sl_mult"": 1.5, ""tp_mult"": 3.0}",220,34.55,-47.62,-49.26,-2.531,0.664,1.63,-1.291
BTCUSDC,EMA,1h,"{""short_span"": 5, ""long_span"": 13}",atr,"{""atr_window"": 14, ""sl_mult"": 2.0, ""tp_mult"": 4.0}",177,34.46,-41.51,-42.87,-1.66,0.711,2.388,-1.683
BTCUSDC,MACD,1h,"{""fast"": 12, ""slow"": 26, ""signal"": 9}",flat,"{""sl_pct"": 2.0, ""tp_pct"": 4.0}",143,28.67,-59.95,-65.18,-2.496,0.621,3.605,-2.294
BTCUSDC,MACD,1h,"{""fast"": 12, ""slow"": 26, ""signal"": 9}",flat,"{""sl_pct"": 1.0, ""tp_pct"": 2.0}",238,31.93,-57.31,-59.24,-3.638,0.625,1.676,-1.297
BTCUSDC,MACD,1h,"{""fast"": 12, ""slow"": 26, ""signal"": 9}",flat,"{""sl_pct"": 3.0, ""tp_pct"": 6.0}",85,28.24,-53.56,-59.62,-1.866,0.625,5.458,-3.291
BTCUSDC,MACD,1h,"{""fast"": 12, ""slow"": 26, ""signal"": 9}",atr,"{""atr_window"": 14, ""sl_mult"": 1.0, ""tp_mult"": 2.0}",298,33.89,-60.49,-60.74,-4.883,0.547,1.003,-0.977
BTCUSDC,MACD,1h,"{""fast"": 12, ""slow"": 26, ""signal"": 9}",atr,"{""atr_window"": 14, ""sl_mult"": 1.5, ""tp_mult"": 3.0}",245,32.24,-63.6,-64.33,-3.618,0.579,1.63,-1.366
BTCUSDC,MACD,1h,"{""fast"": 12, ""slow"": 26, ""signal"": 9}",atr,"{""atr_window"": 14, ""sl_mult"": 2.0, ""tp_mult"": 4.0}",191,30.89,-60.28,-62.26,-2.697,0.631,2.459,-1.763
BTCUSDC,MACD,1h,"{""fast"": 5, ""slow"": 35, ""signal"": 5}",flat,"{""sl_pct"": 2.0, ""tp_pct"": 4.0}",173,28.32,-67.97,-71.95,-2.737,0.607,3.613,-2.294
BTCUSDC,MACD,1h,"{""fast"": 5, ""slow"": 35, ""signal"": 5}",flat,"{""sl_pct"": 1.0, ""tp_pct"": 2.0}",341,29.03,-77.94,-78.74,-5.333,0.554,1.677,-1.297
BTCUSDC,MACD,1h,"{""fast"": 5, ""slow"": 35, ""signal"": 5}",flat,"{""sl_pct"": 3.0, ""tp_pct"": 6.0}",105,26.67,-66.1,-71.59,-2.445,0.584,5.488,-3.291
BTCUSDC,MACD,1h,"{""fast"": 5, ""slow"": 35, ""signal"": 5}",atr,"{""atr_window"": 14, ""sl_mult"": 1.0, ""tp_mult"": 2.0}",476,29.2,-86.12,-86.12,-8.44,0.431,0.968,-0.977
BTCUSDC,MACD,1h,"{""fast"": 5, ""slow"": 35, ""signal"": 5}",atr,"{""atr_window"": 14, ""sl_mult"": 1.5, ""tp_mult"": 3.0}",338,28.7,-81.83,-82.47,-5.272,0.519,1.658,-1.357
BTCUSDC,MACD,1h,"{""fast"": 5, ""slow"": 35, ""signal"": 5}",atr,"{""atr_window"": 14, ""sl_mult"": 2.0, ""tp_mult"": 4.0}",229,31.0,-66.27,-67.94,-2.833,0.617,2.33,-1.702
BTCUSDC,MACD,1h,"{""fast"": 8, ""slow"": 21, ""signal"": 5}",flat,"{""sl_pct"": 2.0, ""tp_pct"": 4.0}",168,28.57,-66.07,-71.0,-2.637,0.615,3.614,-2.294
BTCUSDC,MACD,1h,"{""fast"": 8, ""slow"": 21, ""signal"": 5}",flat,"{""sl_pct"": 1.0, ""tp_pct"": 2.0}",324,29.32,-75.54,-76.42,-5.105,0.569,1.678,-1.297
BTCUSDC,MACD,1h,"{""fast"": 8, ""slow"": 21, ""signal"": 5}",flat,"{""sl_pct"": 3.0, ""tp_pct"": 6.0}",99,26.26,-62.95,-69.33,-2.294,0.599,5.682,-3.274
BTCUSDC,MACD,1h,"{""fast"": 8, ""slow"": 21, ""signal"": 5}",atr,"{""atr_window"": 14, ""sl_mult"": 1.0, ""tp_mult"": 2.0}",431,31.32,-79.91,-79.91,-7.017,0.474,0.97,-0.977
BTCUSDC,MACD,1h,"{""fast"": 8, ""slow"": 21, ""signal"": 5}",atr,"{""atr_window"": 14, ""sl_mult"": 1.5, ""tp_mult"": 3.0}",324,30.25,-77.23,-78.04,-4.67,0.577,1.686,-1.368
BTCUSDC,MACD,1h,"{""fast"": 8, ""slow"": 21, ""signal"": 5}",atr,"{""atr_window"": 14, ""sl_mult"": 2.0, ""tp_mult"": 4.0}",223,30.49,-66.27,-67.95,-2.895,0.619,2.343,-1.696
BTCUSDC,MACD,1h,"{""fast"": 12, ""slow"": 26, ""signal"": 5}",flat,"{""sl_pct"": 2.0, ""tp_pct"": 4.0}",156,28.85,-62.49,-67.5,-2.465,0.631,3.609,-2.294
BTCUSDC,MACD,1h,"{""fast"": 12, ""slow"": 26, ""signal"": 5}",flat,"{""sl_pct"": 1.0, ""tp_pct"": 2.0}",275,31.64,-63.48,-64.79,-4.016,0.616,1.676,-1.297
BTCUSDC,MACD,1h,"{""fast"": 12, ""slow"": 26, ""signal"": 5}",flat,"{""sl_pct"": 3.0, ""tp_pct"": 6.0}",88,28.41,-54.17,-61.58,-1.785,0.634,5.46,-3.291
BTCUSDC,MACD,1h,"{""fast"": 12, ""slow"": 26, ""signal"": 5}",atr,"{""atr_window"": 14, ""sl_mult"": 1.0, ""tp_mult"": 2.0}",362,33.43,-69.24,-69.36,-5.71,0.508,0.982,-0.974
BTCUSDC,MACD,1h,"{""fast"": 12, ""slow"": 26, ""signal"": 5}",atr,"{""atr_window"": 14, ""sl_mult"": 1.5, ""tp_mult"": 3.0}",284,30.99,-70.35,-71.59,-4.003,0.577,1.674,-1.353
BTCUSDC,MACD,1h,"{""fast"": 12, ""slow"": 26, ""signal"": 5}",atr,"{""atr_window"": 14, ""sl_mult"": 2.0, ""tp_mult"": 4.0}",205,31.71,-59.71,-62.5,-2.484,0.649,2.322,-1.694
BTCUSDC,BOLL,1h,"{""window"": 14, ""window_dev"": 1.5}",flat,"{""sl_pct"": 2.0, ""tp_pct"": 4.0}",177,32.2,-50.74,-56.69,-1.66,0.742,3.688,-2.284
BTCUSDC,BOLL,1h,"{""window"": 14, ""window_dev"": 1.5}",flat,"{""sl_pct"": 1.0, ""tp_pct"": 2.0}",359,33.43,-67.27,-69.17,-3.582,0.633,1.683,-1.297
BTCUSDC,BOLL,1h,"{""window"": 14, ""window_dev"": 1.5}",flat,"{""sl_pct"": 3.0, ""tp_pct"": 6.0}",92,27.17,-56.45,-62.33,-1.829,0.608,5.682,-3.249
BTCUSDC,BOLL,1h,"{""window"": 14, ""window_dev"": 1.5}",atr,"{""atr_window"": 14, ""sl_mult"": 1.0, ""tp_mult"": 2.0}",481,31.81,-81.22,-81.49,-5.989,0.467,1.074,-1.002
BTCUSDC,BOLL,1h,"{""window"": 14, ""window_dev"": 1.5}",atr,"{""atr_window"": 14, ""sl_mult"": 1.5, ""tp_mult"": 3.0}",339,35.4,-60.39,-64.19,-2.638,0.68,1.759,-1.366
BTCUSDC,BOLL,1h,"{""window"": 14, ""window_dev"": 1.5}",atr,"{""atr_window"": 14, ""sl_mult"": 2.0, ""tp_mult"": 4.0}",251,31.87,-66.1,-70.7,-2.676,0.607,2.44,-1.741
BTCUSDC,BOLL,1h,"{""window"": 14, ""window_dev"": 2}",flat,"{""sl_pct"": 2.0, ""tp_pct"": 4.0}",141,31.91,-43.96,-51.83,-1.564,0.749,3.688,-2.275
BTCUSDC,BOLL,1h,"{""window"": 14, ""window_dev"": 2}",flat,"{""sl_pct"": 1.0, ""tp_pct"": 2.0}",242,33.06,-54.35,-57.18,-3.134,0.644,1.677,-1.297
BTCUSDC,BOLL,1h,"{""window"": 14, ""window_dev"": 2}",flat,"{""sl_pct"": 3.0, ""tp_pct"": 6.0}",82,28.05,-48.81,-57.87,-1.544,0.635,5.682,-3.235
BTCUSDC,BOLL,1h,"{""window"": 14, ""window_dev"": 2}",atr,"{""atr_window"": 14, ""sl_mult"": 1.0, ""tp_mult"": 2.0}",305,31.48,-66.05,-66.94,-5.37,0.452,1.029,-0.981
BTCUSDC,BOLL,1h,"{""window"": 14, ""window_dev"": 2}",atr,"{""atr_window"": 14, ""sl_mult"": 1.5, ""tp_mult"": 3.0}",249,34.14,-51.79,-54.23,-2.614,0.655,1.739,-1.327
BTCUSDC,BOLL,1h,"{""window"": 14, ""window_dev"": 2}",atr,"{""atr_window"": 14, ""sl_mult"": 2.0, ""tp_mult"": 4.0}",195,32.31,-51.78,-61.77,-2.307,0.668,2.394,-1.663
BTCUSDC,BOLL,1h,"{""window"": 14, ""window_dev"": 2.5}",flat,"{""sl_pct"": 2.0, ""tp_pct"": 4.0}",87,33.33,-24.19,-33.98,-0.971,0.792,3.688,-2.262
BTCUSDC,BOLL,1h,"{""window"": 14, ""window_dev"": 2.5}",flat,"{""sl_pct"": 1.0, ""tp_pct"": 2.0}",114,32.46,-31.83,-36.4,-2.331,0.629,1.694,-1.297
BTCUSDC,BOLL,1h,"{""window"": 14, ""window_dev"": 2.5}",flat,"{""sl_pct"": 3.0, ""tp_pct"": 6.0}",59,30.51,-29.09,-43.07,-0.898,0.74,5.682,-3.211
BTCUSDC,BOLL,1h,"{""window"": 14, ""window_dev"": 2.5}",atr,"{""atr_window"": 14, ""sl_mult"": 1.0, ""tp_mult"": 2.0}",127,33.07,-33.5,-34.56,-3.283,0.511,1.02,-0.976
BTCUSDC,BOLL,1h,"{""window"": 14, ""window_dev"": 2.5}",atr,"{""atr_window"": 14, ""sl_mult"": 1.5, ""tp_mult"": 3.0}",115,33.91,-30.26,-35.02,-2.032,0.643,1.674,-1.315
BTCUSDC,BOLL,1h,"{""window"": 14, ""window_dev"": 2.5}",atr,"{""atr_window"": 14, ""sl_mult"": 2.0, ""tp_mult"": 4.0}",105,29.52,-35.1,-41.75,-1.933,0.647,2.537,-1.618
BTCUSDC,BOLL,1h,"{""window"": 20, ""window_dev"": 1.5}",flat,"{""sl_pct"": 2.0, ""tp_pct"": 4.0}",163,30.67,-54.9,-60.83,-1.935,0.697,3.688,-2.281
BTCUSDC,BOLL,1h,"{""window"": 20, ""window_dev"": 1.5}",flat,"{""sl_pct"": 1.0, ""tp_pct"": 2.0}",319,32.92,-64.75,-66.23,-3.388,0.606,1.681,-1.297
BTCUSDC,BOLL,1h,"{""window"": 20, ""window_dev"": 1.5}",flat,"{""sl_pct"": 3.0, ""tp_pct"": 6.0}",97,28.87,-55.68,-64.77,-1.851,0.612,5.489,-3.291
BTCUSDC,BOLL,1h,"{""window"": 20, ""window_dev"": 1.5}",atr,"{""atr_window"": 14, ""sl_mult"": 1.0, ""tp_mult"": 2.0}",430,29.07,-83.06,-83.17,-6.241,0.39,1.043,-1.001
BTCUSDC,BOLL,1h,"{""window"": 20, ""window_dev"": 1.5}",atr,"{""atr_window"": 14, ""sl_mult"": 1.5, ""tp_mult"": 3.0}",311,33.12,-64.84,-66.36,-3.002,0.614,1.789,-1.368
BTCUSDC,BOLL,1h,"{""window"": 20, ""window_dev"": 1.5}",atr,"{""atr_window"": 14, ""sl_mult"": 2.0, ""tp_mult"": 4.0}",246,32.11,-66.73,-70.85,-2.841,0.604,2.364,-1.745
BTCUSDC,BOLL,1h,"{""window"": 20, ""window_dev"": 2}",flat,"{""sl_pct"": 2.0, ""tp_pct"": 4.0}",135,31.85,-45.79,-55.4,-1.697,0.712,3.605,-2.294
BTCUSDC,BOLL,1h,"{""window"": 20, ""window_dev"": 2}",flat,"{""sl_pct"": 1.0, ""tp_pct"": 2.0}",223,34.53,-46.51,-47.57,-2.585,0.667,1.676,-1.297
BTCUSDC,BOLL,1h,"{""window"": 20, ""window_dev"": 2}",flat,"{""sl_pct"": 3.0, ""tp_pct"": 6.0}",86,26.74,-55.23,-61.07,-2.073,0.584,5.682,-3.239
BTCUSDC,BOLL,1h,"{""window"": 20, ""window_dev"": 2}",atr,"{""atr_window"": 14, ""sl_mult"": 1.0, ""tp_mult"": 2.0}",278,30.22,-66.44,-67.09,-5.22,0.436,1.023,-0.997
BTCUSDC,BOLL,1h,"{""window"": 20, ""window_dev"": 2}",atr,"{""atr_window"": 14, ""sl_mult"": 1.5, ""tp_mult"": 3.0}",229,34.5,-49.93,-53.68,-2.436,0.648,1.735,-1.355
BTCUSDC,BOLL,1h,"{""window"": 20, ""window_dev"": 2}",atr,"{""atr_window"": 14, ""sl_mult"": 2.0, ""tp_mult"": 4.0}",181,32.04,-50.49,-58.34,-2.317,0.633,2.458,-1.697
BTCUSDC,BOLL,1h,"{""window"": 20, ""window_dev"": 2.5}",flat,"{""sl_pct"": 2.0, ""tp_pct"": 4.0}",92,30.43,-37.55,-48.06,-1.7,0.669,3.688,-2.294
BTCUSDC,BOLL,1h,"{""window"": 20, ""window_dev"": 2.5}",flat,"{""sl_pct"": 1.0, ""tp_pct"": 2.0}",130,33.08,-34.76,-40.02,-2.439,0.625,1.661,-1.297
BTCUSDC,BOLL,1h,"{""window"": 20, ""window_dev"": 2.5}",flat,"{""sl_pct"": 3.0, ""tp_pct"": 6.0}",59,25.42,-46.45,-57.75,-1.849,0.549,5.682,-3.249
BTCUSDC,BOLL,1h,"{""window"": 20, ""window_dev"": 2.5}",atr,"{""atr_window"": 14, ""sl_mult"": 1.0, ""tp_mult"": 2.0}",148,28.38,-46.15,-46.85,-4.277,0.395,1.021,-0.981
BTCUSDC,BOLL,1h,"{""window"": 20, ""window_dev"": 2.5}",atr,"{""atr_window"": 14, ""sl_mult"": 1.5, ""tp_mult"": 3.0}",130,32.31,-37.31,-42.03,-2.41,0.6,1.694,-1.321
BTCUSDC,BOLL,1h,"{""window"": 20, ""window_dev"": 2.5}",atr,"{""atr_window"": 14, ""sl_mult"": 2.0, ""tp_mult"": 4.0}",112,31.25,-36.59,-49.95,-1.854,0.616,2.378,-1.642
BTCUSDC,MOM,1h,"{""window"": 5, ""buy_threshold"": 2, ""sell_threshold"": -2}",flat,"{""sl_pct"": 2.0, ""tp_pct"": 4.0}",74,25.68,-44.45,-45.88,-2.146,0.538,3.688,-2.294
BTCUSDC,MOM,1h,"{""window"": 5, ""buy_threshold"": 2, ""sell_threshold"": -2}",flat,"{""sl_pct"": 1.0, ""tp_pct"": 2.0}",101,27.72,-38.26,-42.1,-3.406,0.483,1.694,-1.297
BTCUSDC,MOM,1h,"{""window"": 5, ""buy_threshold"": 2, ""sell_threshold"": -2}",flat,"{""sl_pct"": 3.0, ""tp_pct"": 6.0}",56,28.57,-39.67,-46.48,-1.583,0.597,5.353,-3.291
BTCUSDC,MOM,1h,"{""window"": 5, ""buy_threshold"": 2, ""sell_threshold"": -2}",atr,"{""atr_window"": 14, ""sl_mult"": 1.0, ""tp_mult"": 2.0}",99,28.28,-32.88,-33.37,-2.604,0.561,1.714,-1.222
BTCUSDC,MOM,1h,"{""window"": 5, ""buy_threshold"": 2, ""sell_threshold"": -2}",atr,"{""atr_window"": 14, ""sl_mult"": 1.5, ""tp_mult"": 3.0}",83,28.92,-30.54,-33.79,-1.565,0.624,2.654,-1.664
BTCUSDC,MOM,1h,"{""window"": 5, ""buy_threshold"": 2, ""sell_threshold"": -2}",atr,"{""atr_window"": 14, ""sl_mult"": 2.0, ""tp_mult"": 4.0}",56,28.57,-18.15,-22.1,-0.66,0.745,3.849,-1.982
BTCUSDC,MOM,1h,"{""window"": 5, ""buy_threshold"": 3, ""sell_threshold"": -3}",flat,"{""sl_pct"": 2.0, ""tp_pct"": 4.0}",32,15.62,-35.94,-36.31,-2.714,0.287,3.688,-2.294
BTCUSDC,MOM,1h,"{""window"": 5, ""buy_threshold"": 3, ""sell_threshold"": -3}",flat,"{""sl_pct"": 1.0, ""tp_pct"": 2.0}",38,21.05,-22.67,-23.12,-3.475,0.343,1.694,-1.297
BTCUSDC,MOM,1h,"{""window"": 5, ""buy_threshold"": 3, ""sell_threshold"": -3}",flat,"{""sl_pct"": 3.0, ""tp_pct"": 6.0}",25,16.0,-38.22,-38.58,-2.399,0.324,5.682,-3.291
BTCUSDC,MOM,1h,"{""window"": 5, ""buy_threshold"": 3, ""sell_threshold"": -3}",atr,"{""atr_window"": 14, ""sl_mult"": 1.0, ""tp_mult"": 2.0}",36,27.78,-11.56,-12.28,-1.274,0.652,2.314,-1.34
BTCUSDC,MOM,1h,"{""window"": 5, ""buy_threshold"": 3, ""sell_threshold"": -3}",atr,"{""atr_window"": 14, ""sl_mult"": 1.5, ""tp_mult"": 3.0}",32,18.75,-25.18,-25.62,-2.053,0.403,3.251,-1.831
BTCUSDC,MOM,1h,"{""window"": 5, ""buy_threshold"": 3, ""sell_threshold"": -3}",atr,"{""atr_window"": 14, ""sl_mult"": 2.0, ""tp_mult"": 4.0}",23,21.74,-13.88,-16.85,-0.667,0.63,5.061,-2.165
BTCUSDC,MOM,1h,"{""window"": 5, ""buy_threshold"": 5, ""sell_threshold"": -5}",flat,"{""sl_pct"": 2.0, ""tp_pct"": 4.0}",4,0.0,-8.86,-10.63,-1.703,0.0,,-2.294
BTCUSDC,MOM,1h,"{""window"": 5, ""buy_threshold"": 5, ""sell_threshold"": -5}",flat,"{""sl_pct"": 1.0, ""tp_pct"": 2.0}",4,25.0,-2.21,-4.61,-0.791,0.434,1.694,-1.297
BTCUSDC,MOM,1h,"{""window"": 5, ""buy_threshold"": 5, ""sell_threshold"": -5}",flat,"{""sl_pct"": 3.0, ""tp_pct"": 6.0}",4,25.0,-4.41,-12.81,-0.434,0.538,5.682,-3.291
BTCUSDC,MOM,1h,"{""window"": 5, ""buy_threshold"": 5, ""sell_threshold"": -5}",atr,"{""atr_window"": 14, ""sl_mult"": 1.0, ""tp_mult"": 2.0}",4,0.0,-6.56,-8.37,-1.615,0.0,,-1.681
BTCUSDC,MOM,1h,"{""window"": 5, ""buy_threshold"": 5, ""sell_threshold"": -5}",atr,"{""atr_window"": 14, ""sl_mult"": 1.5, ""tp_mult"": 3.0}",4,0.0,-9.16,-10.92,-1.556,0.0,,-2.372
BTCUSDC,MOM,1h,"{""window"": 5, ""buy_threshold"": 5, ""sell_threshold"": -5}",atr,"{""atr_window"": 14, ""sl_mult"": 2.0, ""tp_mult"": 4.0}",4,0.0,-11.71,-13.61,-1.927,0.0,,-3.063
BTCUSDC,MOM,1h,"{""window"": 10, ""buy_threshold"": 2, ""sell_threshold"": -2}",flat,"{""sl_pct"": 2.0, ""tp_pct"": 4.0}",85,29.41,-38.53,-45.57,-1.697,0.657,3.688,-2.294
BTCUSDC,MOM,1h,"{""window"": 10, ""buy_threshold"": 2, ""sell_threshold"": -2}",flat,"{""sl_pct"": 1.0, ""tp_pct"": 2.0}",140,32.86,-36.48,-40.1,-2.841,0.607,1.694,-1.297
BTCUSDC,MOM,1h,"{""window"": 10, ""buy_threshold"": 2, ""sell_threshold"": -2}",flat,"{""sl_pct"": 3.0, ""tp_pct"": 6.0}",62,29.03,-41.06,-51.27,-1.611,0.613,5.389,-3.291
BTCUSDC,MOM,1h,"{""window"": 10, ""buy_threshold"": 2, ""sell_threshold"": -2}",atr,"{""atr_window"": 14, ""sl_mult"": 1.0, ""tp_mult"": 2.0}",154,31.82,-35.69,-35.83,-2.633,0.592,1.484,-1.1
BTCUSDC,MOM,1h,"{""window"": 10, ""buy_threshold"": 2, ""sell_threshold"": -2}",atr,"{""atr_window"": 14, ""sl_mult"": 1.5, ""tp_mult"": 3.0}",120,30.0,-37.73,-41.67,-2.211,0.59,2.246,-1.501
BTCUSDC,MOM,1h,"{""window"": 10, ""buy_threshold"": 2, ""sell_threshold"": -2}",atr,"{""atr_window"": 14, ""sl_mult"": 2.0, ""tp_mult"": 4.0}",104,33.65,-24.48,-28.57,-0.999,0.774,3.03,-1.895
BTCUSDC,MOM,1h,"{""window"": 10, ""buy_threshold"": 3, ""sell_threshold"": -3}",flat,"{""sl_pct"": 2.0, ""tp_pct"": 4.0}",46,23.91,-33.88,-33.88,-1.995,0.469,3.688,-2.294
BTCUSDC,MOM,1h,"{""window"": 10, ""buy_threshold"": 3, ""sell_threshold"": -3}",flat,"{""sl_pct"": 1.0, ""tp_pct"": 2.0}",58,27.59,-24.37,-24.37,-2.903,0.489,1.694,-1.297
BTCUSDC,MOM,1h,"{""window"": 10, ""buy_threshold"": 3, ""sell_threshold"": -3}",flat,"{""sl_pct"": 3.0, ""tp_pct"": 6.0}",40,22.5,-41.71,-42.07,-2.236,0.444,5.682,-3.291
BTCUSDC,MOM,1h,"{""window"": 10, ""buy_threshold"": 3, ""sell_threshold"": -3}",atr,"{""atr_window"": 14, ""sl_mult"": 1.0, ""tp_mult"": 2.0}",58,29.31,-21.85,-22.68,-2.265,0.512,1.605,-1.252
BTCUSDC,MOM,1h,"{""window"": 10, ""buy_threshold"": 3, ""sell_threshold"": -3}",atr,"{""atr_window"": 14, ""sl_mult"": 1.5, ""tp_mult"": 3.0}",48,31.25,-15.11,-15.2,-1.067,0.712,2.72,-1.696
BTCUSDC,MOM,1h,"{""window"": 10, ""buy_threshold"": 3, ""sell_threshold"": -3}",atr,"{""atr_window"": 14, ""sl_mult"": 2.0, ""tp_mult"": 4.0}",41,21.95,-23.65,-23.65,-1.418,0.594,4.339,-2.011
BTCUSDC,MOM,1h,"{""window"": 10, ""buy_threshold"": 5, ""sell_threshold"": -5}",flat,"{""sl_pct"": 2.0, ""tp_pct"": 4.0}",10,20.0,-10.7,-15.95,-1.143,0.385,3.688,-2.294
BTCUSDC,MOM,1h,"{""window"": 10, ""buy_threshold"": 5, ""sell_threshold"": -5}",flat,"{""sl_pct"": 1.0, ""tp_pct"": 2.0}",13,30.77,-4.9,-6.83,-1.185,0.578,1.694,-1.297
BTCUSDC,MOM,1h,"{""window"": 10, ""buy_threshold"": 5, ""sell_threshold"": -5}",flat,"{""sl_pct"": 3.0, ""tp_pct"": 6.0}",8,12.5,-16.38,-22.23,-1.393,0.215,5.682,-3.291
BTCUSDC,MOM,1h,"{""window"": 10, ""buy_threshold"": 5, ""sell_threshold"": -5}",atr,"{""atr_window"": 14, ""sl_mult"": 1.0, ""tp_mult"": 2.0}",12,33.33,-2.73,-8.85,-0.359,0.769,2.262,-1.45
BTCUSDC,MOM,1h,"{""window"": 10, ""buy_threshold"": 5, ""sell_threshold"": -5}",atr,"{""atr_window"": 14, ""sl_mult"": 1.5, ""tp_mult"": 3.0}",9,22.22,-8.1,-13.09,-0.957,0.401,2.824,-1.98
BTCUSDC,MOM,1h,"{""window"": 10, ""buy_threshold"": 5, ""sell_threshold"": -5}",atr,"{""atr_window"": 14, ""sl_mult"": 2.0, ""tp_mult"": 4.0}",9,0.0,-20.43,-20.88,-2.431,0.0,,-2.505
ETHUSDC,RSI,1m,"{""window"": 10, ""buy_threshold"": 20, ""sell_threshold"": 70}",flat,"{""sl_pct"": 2.0, ""tp_pct"": 4.0}",76,28.95,-38.53,-48.78,-4.115,0.574,3.547,-2.294
ETHUSDC,RSI,1m,"{""window"": 10, ""buy_threshold"": 20, ""sell_threshold"": 70}",flat,"{""sl_pct"": 1.0, ""tp_pct"": 2.0}",209,33.01,-49.28,-52.62,-6.238,0.611,1.678,-1.297
ETHUSDC,RSI,1m,"{""window"": 10, ""buy_threshold"": 20, ""sell_threshold"": 70}",flat,"{""sl_pct"": 3.0, ""tp_pct"": 6.0}",40,30.0,-21.77,-37.06,-1.764,0.697,5.682,-3.192
ETHUSDC,RSI,1m,"{""window"": 10, ""buy_threshold"": 20, ""sell_threshold"": 70}",atr,"{""atr_window"": 14, ""sl_mult"": 1.0, ""tp_mult"": 2.0}",872,5.85,-92.69,-92.71,-39.34,0.023,0.139,-0.327
ETHUSDC,RSI,1m,"{""window"": 10, ""buy_threshold"": 20, ""sell_threshold"": 70}",atr,"{""atr_window"": 14, ""sl_mult"": 1.5, ""tp_mult"": 3.0}",794,14.23,-89.57,-89.6,-35.061,0.075,0.188,-0.362
ETHUSDC,RSI,1m,"{""window"": 10, ""buy_threshold"": 20, ""sell_threshold"": 70}",atr,"{""atr_window"": 14, ""sl_mult"": 2.0, ""tp_mult"": 4.0}",735,20.0,-88.78,-88.83,-30.493,0.124,0.238,-0.43
ETHUSDC,RSI,1m,"{""window"": 10, ""buy_threshold"": 20, ""sell_threshold"": 80}",flat,"{""sl_pct"": 2.0, ""tp_pct"": 4.0}",76,28.95,-38.53,-48.78,-4.115,0.574,3.547,-2.294
ETHUSDC,RSI,1m,"{""window"": 10, ""buy_threshold"": 20, ""sell_threshold"": 80}",flat,"{""sl_pct"": 1.0, ""tp_pct"": 2.0}",209,33.01,-49.28,-52.62,-6.238,0.611,1.678,-1.297
ETHUSDC,RSI,1m,"{""window"": 10, ""buy_threshold"": 20, ""sell_threshold"": 80}",flat,"{""sl_pct"": 3.0, ""tp_pct"": 6.0}",40,30.0,-21.77,-37.06,-1.764,0.697,5.682,-3.192
ETHUSDC,RSI,1m,"{""window"": 10, ""buy_threshold"": 20, ""sell_threshold"": 80}",atr,"{""atr_window"": 14, ""sl_mult"": 1.0, ""tp_mult"": 2.0}",872,5.85,-92.69,-92.71,-39.34,0.023,0.139,-0.327
ETHUSDC,RSI,1m,"{""window"": 10, ""buy_threshold"": 20, ""sell_threshold"": 80}",atr,"{""atr_window"": 14, ""sl_mult"": 1.5, ""tp_mult"": 3.0}",794,14.23,-89.57,-89.6,-35.061,0.075,0.188,-0.362
ETHUSDC,RSI,1m,"{""window"": 10, ""buy_threshold"": 20, ""sell_threshold"": 80}",atr,"{""atr_window"": 14, ""sl_mult"": 2.0, ""tp_mult"": 4.0}",735,20.0,-88.78,-88.83,-30.493,0.124,0.238,-0.43
ETHUSDC,RSI,1m,"{""window"": 10, ""buy_threshold"": 30, ""sell_threshold"": 70}",flat,"{""sl_pct"": 2.0, ""tp_pct"": 4.0}",83,28.92,-41.42,-50.57,-4.027,0.558,3.54,-2.294
ETHUSDC,RSI,1m,"{""window"": 10, ""buy_threshold"": 30, ""sell_threshold"": 70}",flat,"{""sl_pct"": 1.0, ""tp_pct"": 2.0}",291,31.96,-64.3,-65.7,-7.26,0.558,1.685,-1.297
ETHUSDC,RSI,1m,"{""window"": 10, ""buy_threshold"": 30, ""sell_threshold"": 70}",flat,"{""sl_pct"": 3.0, ""tp_pct"": 6.0}",38,26.32,-29.96,-44.45,-2.508,0.557,5.682,-3.192
ETHUSDC,RSI,1m,"{""window"": 10, ""buy_threshold"": 30, ""sell_threshold"": 70}",atr,"{""atr_window"": 14, ""sl_mult"": 1.0, ""tp_mult"": 2.0}",3742,3.82,-100.0,-100.0,-76.77,0.005,0.125,-0.313
ETHUSDC,RSI,1m,"{""window"": 10, ""buy_threshold"": 30, ""sell_threshold"": 70}",atr,"{""atr_window"": 14, ""sl_mult"": 1.5, ""tp_mult"": 3.0}",3120,10.16,-99.99,-99.99,-67.791,0.024,0.161,-0.342
ETHUSDC,RSI,1m,"{""window"": 10, ""buy_threshold"": 30, ""sell_threshold"": 70}",atr,"{""atr_window"": 14, ""sl_mult"": 2.0, ""tp_mult"": 4.0}",2601,14.26,-99.96,-99.96,-62.933,0.059,0.213,-0.388
ETHUSDC,RSI,1m,"{""window"": 10, ""buy_threshold"": 30, ""sell_threshold"": 80}",flat,"{""sl_pct"": 2.0, ""tp_pct"": 4.0}",83,28.92,-41.42,-50.57,-4.027,0.558,3.54,-2.294
ETHUSDC,RSI,1m,"{""window"": 10, ""buy_threshold"": 30, ""sell_threshold"": 80}",flat,"{""sl_pct"": 1.0, ""tp_pct"": 2.0}",291,31.96,-64.3,-65.7,-7.26,0.558,1.685,-1.297
ETHUSDC,RSI,1m,"{""window"": 10, ""buy_threshold"": 30, ""sell_threshold"": 80}",flat,"{""sl_pct"": 3.0, ""tp_pct"": 6.0}",38,26.32,-29.96,-44.45,-2.508,0.557,5.682,-3.192
ETHUSDC,RSI,1m,"{""window"": 10, ""buy_threshold"": 30, ""sell_threshold"": 80}",atr,"{""atr_window"": 14, ""sl_mult"": 1.0, ""tp_mult"": 2.0}",3742,3.82,-100.0,-100.0,-76.77,0.005,0.125,-0.313
ETHUSDC,RSI,1m,"{""window"": 10, ""buy_threshold"": 30, ""sell_threshold"": 80}",atr,"{""atr_window"": 14, ""sl_mult"": 1.5, ""tp_mult"": 3.0}",3120,10.16,-99.99,-99.99,-67.791,0.024,0.161,-0.342
ETHUSDC,RSI,1m,"{""window"": 10, ""buy_threshold"": 30, ""sell_threshold"": 80}",atr,"{""atr_window"": 14, ""sl_mult"": 2.0, ""tp_mult"": 4.0}",2601,14.26,-99.96,-99.96,-62.933,0.059,0.213,-0.388
ETHUSDC,RSI,1m,"{""window"": 14, ""buy_threshold"": 20, ""sell_threshold"": 70}",flat,"{""sl_pct"": 2.0, ""tp_pct"": 4.0}",56,28.57,-28.36,-38.63,-2.81,0.615,3.688,-2.256
ETHUSDC,RSI,1m,"{""window"": 14, ""buy_threshold"": 20, ""sell_threshold"": 70}",flat,"{""sl_pct"": 1.0, ""tp_pct"": 2.0}",141,36.88,-25.98,-31.06,-3.125,0.739,1.669,-1.297
ETHUSDC,RSI,1m,"{""window"": 14, ""buy_threshold"": 20, ""sell_threshold"": 70}",flat,"{""sl_pct"": 3.0, ""tp_pct"": 6.0}",34,23.53,-33.01,-42.61,-3.249,0.488,5.682,-3.188
ETHUSDC,RSI,1m,"{""window"": 14, ""buy_threshold"": 20, ""sell_threshold"": 70}",atr,"{""atr_window"": 14, ""sl_mult"": 1.0, ""tp_mult"": 2.0}",327,7.95,-62.57,-62.58,-20.496,0.043,0.172,-0.341
ETHUSDC,RSI,1m,"{""window"": 14, ""buy_threshold"": 20, ""sell_threshold"": 70}",atr,"{""atr_window"": 14, ""sl_mult"": 1.5, ""tp_mult"": 3.0}",303,16.17,-59.9,-59.91,-17.989,0.101,0.218,-0.401
ETHUSDC,RSI,1m,"{""window"": 14, ""buy_threshold"": 20, ""sell_threshold"": 70}",atr,"{""atr_window"": 14, ""sl_mult"": 2.0, ""tp_mult"": 4.0}",281,22.42,-58.48,-58.53,-15.479,0.156,0.267,-0.479
ETHUSDC,RSI,1m,"{""window"": 14, ""buy_threshold"": 20, ""sell_threshold"": 80}",flat,"{""sl_pct"": 2.0, ""tp_pct"": 4.0}",56,28.57,-28.36,-38.63,-2.81,0.615,3.688,-2.256
ETHUSDC,RSI,1m,"{""window"": 14, ""buy_threshold"": 20, ""sell_threshold"": 80}",flat,"{""sl_pct"": 1.0, ""tp_pct"": 2.0}",141,36.88,-25.98,-31.06,-3.125,0.739,1.669,-1.297
ETHUSDC,RSI,1m,"{""window"": 14, ""buy_threshold"": 20, ""sell_threshold"": 80}",flat,"{""sl_pct"": 3.0, ""tp_pct"": 6.0}",34,23.53,-33.01,-42.61,-3.249,0.488,5.682,-3.188
ETHUSDC,RSI,1m,"{""window"": 14, ""buy_threshold"": 20, ""sell_threshold"": 80}",atr,"{""atr_window"": 14, ""sl_mult"": 1.0, ""tp_mult"": 2.0}",327,7.95,-62.57,-62.58,-20.496,0.043,0.172,-0.341
ETHUSDC,RSI,1m,"{""window"": 14, ""buy_threshold"": 20, ""sell_threshold"": 80}",atr,"{""atr_window"": 14, ""sl_mult"": 1.5, ""tp_mult"": 3.0}",303,16.17,-59.9,-59.91,-17.989,0.101,0.218,-0.401
ETHUSDC,RSI,1m,"{""window"": 14, ""buy_threshold"": 20, ""sell_threshold"": 80}",atr,"{""atr_window"": 14, ""sl_mult"": 2.0, ""tp_mult"": 4.0}",281,22.42,-58.48,-58.53,-15.479,0.156,0.267,-0.479
ETHUSDC,RSI,1m,"{""window"": 14, ""buy_threshold"": 30, ""sell_threshold"": 70}",flat,"{""sl_pct"": 2.0, ""tp_pct"": 4.0}",79,29.11,-39.43,-50.2,-3.856,0.565,3.533,-2.294
ETHUSDC,RSI,1m,"{""window"": 14, ""buy_threshold"": 30, ""sell_threshold"": 70}",flat,"{""sl_pct"": 1.0, ""tp_pct"": 2.0}",251,31.47,-60.56,-63.13,-6.956,0.548,1.678,-1.297
ETHUSDC,RSI,1m,"{""window"": 14, ""buy_threshold"": 30, ""sell_threshold"": 70}",flat,"{""sl_pct"": 3.0, ""tp_pct"": 6.0}",40,27.5,-28.41,-42.33,-2.336,0.601,5.682,-3.195
ETHUSDC,RSI,1m,"{""window"": 14, ""buy_threshold"": 30, ""sell_threshold"": 70}",atr,"{""atr_window"": 14, ""sl_mult"": 1.0, ""tp_mult"": 2.0}",2136,5.1,-99.82,-99.82,-53.658,0.012,0.135,-0.32
ETHUSDC,RSI,1m,"{""window"": 14, ""buy_threshold"": 30, ""sell_threshold"": 70}",atr,"{""atr_window"": 14, ""sl_mult"": 1.5, ""tp_mult"": 3.0}",1820,11.32,-99.53,-99.53,-46.196,0.043,0.181,-0.355
ETHUSDC,RSI,1m,"{""window"": 14, ""buy_threshold"": 30, ""sell_threshold"": 70}",atr,"{""atr_window"": 14, ""sl_mult"": 2.0, ""tp_mult"": 4.0}",1567,17.1,-99.14,-99.14,-45.065,0.09,0.236,-0.414
ETHUSDC,RSI,1m,"{""window"": 14, ""buy_threshold"": 30, ""sell_threshold"": 80}",flat,"{""sl_pct"": 2.0, ""tp_pct"": 4.0}",79,29.11,-39.43,-50.2,-3.856,0.565,3.533,-2.294
ETHUSDC,RSI,1m,"{""window"": 14, ""buy_threshold"": 30, ""sell_threshold"": 80}",flat,"{""sl_pct"": 1.0, ""tp_pct"": 2.0}",251,31.47,-60.56,-63.13,-6.956,0.548,1.678,-1.297
ETHUSDC,RSI,1m,"{""window"": 14, ""buy_threshold"": 30, ""sell_threshold"": 80}",flat,"{""sl_pct"": 3.0, ""tp_pct"": 6.0}",40,27.5,-28.41,-42.33,-2.336,0.601,5.682,-3.195
ETHUSDC,RSI,1m,"{""window"": 14, ""buy_threshold"": 30, ""sell_threshold"": 80}",atr,"{""atr_window"": 14, ""sl_mult"": 1.0, ""tp_mult"": 2.0}",2136,5.1,-99.82,-99.82,-53.658,0.012,0.135,-0.32
ETHUSDC,RSI,1m,"{""window"": 14, ""buy_threshold"": 30, ""sell_threshold"": 80}",atr,"{""atr_window"": 14, ""sl_mult"": 1.5, ""tp_mult"": 3.0}",1820,11.32,-99.53,-99.53,-46.196,0.043,0.181,-0.355
ETHUSDC,RSI,1m,"{""window"": 14, ""buy_threshold"": 30, ""sell_threshold"": 80}",atr,"{""atr_window"": 14, ""sl_mult"": 2.0, ""tp_mult"": 4.0}",1567,17.1,-99.14,-99.14,-45.065,0.09,0.236,-0.414
ETHUSDC,EMA,1m,"{""short_span"": 5, ""long_span"": 20}",flat,"{""sl_pct"": 2.0, ""tp_pct"": 4.0}",72,29.17,-32.97,-44.44,-2.942,0.611,3.688,-2.25
ETHUSDC,EMA,1m,"{""short_span"": 5, ""long_span"": 20}",flat,"{""sl_pct"": 1.0, ""tp_pct"": 2.0}",271,30.26,-66.74,-67.59,-8.429,0.524,1.68,-1.297
ETHUSDC,EMA,1m,"{""short_span"": 5, ""long_span"": 20}",flat,"{""sl_pct"": 3.0, ""tp_pct"": 6.0}",37,27.03,-27.53,-40.25,-2.303,0.59,5.682,-3.186
ETHUSDC,EMA,1m,"{""short_span"": 5, ""long_span"": 20}",atr,"{""atr_window"": 14, ""sl_mult"": 1.0, ""tp_mult"": 2.0}",4053,1.75,-100.0,-100.0,-139.986,0.001,0.121,-0.31
ETHUSDC,EMA,1m,"{""short_span"": 5, ""long_span"": 20}",atr,"{""atr_window"": 14, ""sl_mult"": 1.5, ""tp_mult"": 3.0}",3550,6.17,-100.0,-100.0,-125.39,0.008,0.139,-0.335
ETHUSDC,EMA,1m,"{""short_span"": 5, ""long_span"": 20}",atr,"{""atr_window"": 14, ""sl_mult"": 2.0, ""tp_mult"": 4.0}",2913,10.33,-99.99,-99.99,-103.108,0.031,0.193,-0.368
ETHUSDC,EMA,1m,"{""short_span"": 9, ""long_span"": 21}",flat,"{""sl_pct"": 2.0, ""tp_pct"": 4.0}",75,29.33,-33.66,-43.18,-3.089,0.62,3.688,-2.252
ETHUSDC,EMA,1m,"{""short_span"": 9, ""long_span"": 21}",flat,"{""sl_pct"": 1.0, ""tp_pct"": 2.0}",260,30.77,-63.87,-64.79,-8.064,0.529,1.678,-1.297
ETHUSDC,EMA,1m,"{""short_span"": 9, ""long_span"": 21}",flat,"{""sl_pct"": 3.0, ""tp_pct"": 6.0}",36,27.78,-24.76,-40.22,-2.025,0.617,5.682,-3.167
ETHUSDC,EMA,1m,"{""short_span"": 9, ""long_span"": 21}",atr,"{""atr_window"": 14, ""sl_mult"": 1.0, ""tp_mult"": 2.0}",3101,2.13,-99.99,-99.99,-115.127,0.002,0.102,-0.309
ETHUSDC,EMA,1m,"{""short_span"": 9, ""long_span"": 21}",atr,"{""atr_window"": 14, ""sl_mult"": 1.5, ""tp_mult"": 3.0}",2877,5.84,-99.99,-99.99,-100.638,0.009,0.145,-0.334
ETHUSDC,EMA,1m,"{""short_span"": 9, ""long_span"": 21}",atr,"{""atr_window"": 14, ""sl_mult"": 2.0, ""tp_mult"": 4.0}",2524,10.18,-99.96,-99.96,-93.739,0.033,0.195,-0.366
ETHUSDC,EMA,1m,"{""short_span"": 12, ""long_span"": 26}",flat,"{""sl_pct"": 2.0, ""tp_pct"": 4.0}",76,27.63,-38.99,-46.17,-3.72,0.557,3.688,-2.255
ETHUSDC,EMA,1m,"{""short_span"": 12, ""long_span"": 26}",flat,"{""sl_pct"": 1.0, ""tp_pct"": 2.0}",260,31.92,-60.49,-61.51,-7.342,0.561,1.678,-1.297
ETHUSDC,EMA,1m,"{""short_span"": 12, ""long_span"": 26}",flat,"{""sl_pct"": 3.0, ""tp_pct"": 6.0}",40,27.5,-28.16,-40.77,-2.474,0.605,5.682,-3.183
ETHUSDC,EMA,1m,"{""short_span"": 12, ""long_span"": 26}",atr,"{""atr_window"": 14, ""sl_mult"": 1.0, ""tp_mult"": 2.0}",2446,2.09,-99.93,-99.93,-109.672,0.002,0.125,-0.308
ETHUSDC,EMA,1m,"{""short_span"": 12, ""long_span"": 26}",atr,"{""atr_window"": 14, ""sl_mult"": 1.5, ""tp_mult"": 3.0}",2348,5.66,-99.92,-99.92,-93.686,0.01,0.147,-0.329
ETHUSDC,EMA,1m,"{""short_span"": 12, ""long_span"": 26}",atr,"{""atr_window"": 14, ""sl_mult"": 2.0, ""tp_mult"": 4.0}",2112,10.98,-99.84,-99.84,-75.588,0.037,0.191,-0.365
ETHUSDC,EMA,1m,"{""short_span"": 5, ""long_span"": 13}",flat,"{""sl_pct"": 2.0, ""tp_pct"": 4.0}",79,29.11,-35.8,-44.63,-3.638,0.61,3.688,-2.253
ETHUSDC,EMA,1m,"{""short_span"": 5, ""long_span"": 13}",flat,"{""sl_pct"": 1.0, ""tp_pct"": 2.0}",280,30.0,-68.61,-69.42,-8.692,0.518,1.68,-1.297
ETHUSDC,EMA,1m,"{""short_span"": 5, ""long_span"": 13}",flat,"{""sl_pct"": 3.0, ""tp_pct"": 6.0}",38,28.95,-23.06,-38.21,-1.974,0.662,5.682,-3.169
ETHUSDC,EMA,1m,"{""short_span"": 5, ""long_span"": 13}",atr,"{""atr_window"": 14, ""sl_mult"": 1.0, ""tp_mult"": 2.0}",4935,2.37,-100.0,-100.0,-177.306,0.001,0.122,-0.309
ETHUSDC,EMA,1m,"{""short_span"": 5, ""long_span"": 13}",atr,"{""atr_window"": 14, ""sl_mult"": 1.5, ""tp_mult"": 3.0}",4219,6.35,-100.0,-100.0,-155.146,0.009,0.147,-0.336
ETHUSDC,EMA,1m,"{""short_span"": 5, ""long_span"": 13}",atr,"{""atr_window"": 14, ""sl_mult"": 2.0, ""tp_mult"": 4.0}",3368,10.6,-100.0,-100.0,-114.472,0.03,0.202,-0.372
ETHUSDC,MACD,1m,"{""fast"": 12, ""slow"": 26, ""signal"": 9}",flat,"{""sl_pct"": 2.0, ""tp_pct"": 4.0}",76,28.95,-38.81,-47.7,-3.741,0.562,3.526,-2.294
ETHUSDC,MACD,1m,"{""fast"": 12, ""slow"": 26, ""signal"": 9}",flat,"{""sl_pct"": 1.0, ""tp_pct"": 2.0}",291,31.27,-66.45,-67.35,-7.929,0.545,1.682,-1.297
ETHUSDC,MACD,1m,"{""fast"": 12, ""slow"": 26, ""signal"": 9}",flat,"{""sl_pct"": 3.0, ""tp_pct"": 6.0}",40,25.0,-34.31,-45.67,-2.973,0.518,5.682,-3.189
ETHUSDC,MACD,1m,"{""fast"": 12, ""slow"": 26, ""signal"": 9}",atr,"{""atr_window"": 14, ""sl_mult"": 1.0, ""tp_mult"": 2.0}",5122,2.23,-100.0,-100.0,-200.988,0.002,0.116,-0.311
ETHUSDC,MACD,1m,"{""fast"": 12, ""slow"": 26, ""signal"": 9}",atr,"{""atr_window"": 14, ""sl_mult"": 1.5, ""tp_mult"": 3.0}",4502,6.82,-100.0,-100.0,-158.842,0.016,0.171,-0.335
ETHUSDC,MACD,1m,"{""fast"": 12, ""slow"": 26, ""signal"": 9}",atr,"{""atr_window"": 14, ""sl_mult"": 2.0, ""tp_mult"": 4.0}",3645,11.52,-100.0,-100.0,-107.982,0.042,0.211,-0.372
ETHUSDC,MACD,1m,"{""fast"": 5, ""slow"": 35, ""signal"": 5}",flat,"{""sl_pct"": 2.0, ""tp_pct"": 4.0}",87,29.89,-39.56,-46.41,-3.869,0.597,3.571,-2.294
ETHUSDC,MACD,1m,"{""fast"": 5, ""slow"": 35, ""signal"": 5}",flat,"{""sl_pct"": 1.0, ""tp_pct"": 2.0}",288,29.86,-70.04,-70.73,-8.261,0.498,1.678,-1.297
ETHUSDC,MACD,1m,"{""fast"": 5, ""slow"": 35, ""signal"": 5}",flat,"{""sl_pct"": 3.0, ""tp_pct"": 6.0}",35,28.57,-28.28,-43.18,-2.222,0.548,5.181,-3.291
ETHUSDC,MACD,1m,"{""fast"": 5, ""slow"": 35, ""signal"": 5}",atr,"{""atr_window"": 14, ""sl_mult"": 1.0, ""tp_mult"": 2.0}",8105,2.49,-100.0,-100.0,-247.423,0.002,0.112,-0.31
ETHUSDC,MACD,1m,"{""fast"": 5, ""slow"": 35, ""signal"": 5}",atr,"{""atr_window"": 14, ""sl_mult"": 1.5, ""tp_mult"": 3.0}",6383,7.08,-100.0,-100.0,-236.146,0.016,0.161,-0.337
ETHUSDC,MACD,1m,"{""fast"": 5, ""slow"": 35, ""signal"": 5}",atr,"{""atr_window"": 14, ""sl_mult"": 2.0, ""tp_mult"": 4.0}",4603,12.3,-100.0,-100.0,-117.504,0.041,0.217,-0.376
ETHUSDC,MACD,1m,"{""fast"": 8, ""slow"": 21, ""signal"": 5}",flat,"{""sl_pct"": 2.0, ""tp_pct"": 4.0}",85,29.41,-40.34,-46.92,-4.003,0.583,3.566,-2.294
ETHUSDC,MACD,1m,"{""fast"": 8, ""slow"": 21, ""signal"": 5}",flat,"{""sl_pct"": 1.0, ""tp_pct"": 2.0}",296,29.73,-71.35,-71.94,-8.336,0.495,1.678,-1.297
ETHUSDC,MACD,1m,"{""fast"": 8, ""slow"": 21, ""signal"": 5}",flat,"{""sl_pct"": 3.0, ""tp_pct"": 6.0}",39,25.64,-32.09,-44.8,-2.63,0.537,5.682,-3.187
ETHUSDC,MACD,1m,"{""fast"": 8, ""slow"": 21, ""signal"": 5}",atr,"{""atr_window"": 14, ""sl_mult"": 1.0, ""tp_mult"": 2.0}",7406,2.44,-100.0,-100.0,-242.736,0.002,0.115,-0.31
ETHUSDC,MACD,1m,"{""fast"": 8, ""slow"": 21, ""signal"": 5}",atr,"{""atr_window"": 14, ""sl_mult"": 1.5, ""tp_mult"": 3.0}",6027,6.92,-100.0,-100.0,-201.135,0.015,0.163,-0.338
ETHUSDC,MACD,1m,"{""fast"": 8, ""slow"": 21, ""signal"": 5}",atr,"{""atr_window"": 14, ""sl_mult"": 2.0, ""tp_mult"": 4.0}",4501,12.04,-100.0,-100.0,-115.267,0.04,0.215,-0.377
ETHUSDC,MACD,1m,"{""fast"": 12, ""slow"": 26, ""signal"": 5}",flat,"{""sl_pct"": 2.0, ""tp_pct"": 4.0}",77,28.57,-37.01,-44.8,-3.705,0.589,3.688,-2.263
ETHUSDC,MACD,1m,"{""fast"": 12, ""slow"": 26, ""signal"": 5}",flat,"{""sl_pct"": 1.0, ""tp_pct"": 2.0}",302,30.46,-70.16,-70.85,-8.588,0.516,1.679,-1.297
ETHUSDC,MACD,1m,"{""fast"": 12, ""slow"": 26, ""signal"": 5}",flat,"{""sl_pct"": 3.0, ""tp_pct"": 6.0}",39,25.64,-32.05,-42.97,-2.749,0.542,5.682,-3.185
ETHUSDC,MACD,1m,"{""fast"": 12, ""slow"": 26, ""signal"": 5}",atr,"{""atr_window"": 14, ""sl_mult"": 1.0, ""tp_mult"": 2.0}",6328,2.4,-100.0,-100.0,-218.625,0.003,0.121,-0.31
ETHUSDC,MACD,1m,"{""fast"": 12, ""slow"": 26, ""signal"": 5}",atr,"{""atr_window"": 14, ""sl_mult"": 1.5, ""tp_mult"": 3.0}",5305,6.97,-100.0,-100.0,-166.487,0.015,0.167,-0.337
ETHUSDC,MACD,1m,"{""fast"": 12, ""slow"": 26, ""signal"": 5}",atr,"{""atr_window"": 14, ""sl_mult"": 2.0, ""tp_mult"": 4.0}",4077,11.99,-100.0,-100.0,-115.621,0.042,0.215,-0.376
ETHUSDC,BOLL,1m,"{""window"": 14, ""window_dev"": 1.5}",flat,"{""sl_pct"": 2.0, ""tp_pct"": 4.0}",84,29.76,-39.14,-49.13,-3.87,0.597,3.553,-2.294
ETHUSDC,BOLL,1m,"{""window"": 14, ""window_dev"": 1.5}",flat,"{""sl_pct"": 1.0, ""tp_pct"": 2.0}",326,30.06,-73.75,-74.36,-9.479,0.512,1.686,-1.297
ETHUSDC,BOLL,1m,"{""window"": 14, ""window_dev"": 1.5}",flat,"{""sl_pct"": 3.0, ""tp_pct"": 6.0}",39,28.21,-25.98,-41.17,-2.075,0.624,5.682,-3.192
ETHUSDC,BOLL,1m,"{""window"": 14, ""window_dev"": 1.5}",atr,"{""atr_window"": 14, ""sl_mult"": 1.0, ""tp_mult"": 2.0}",7861,2.86,-100.0,-100.0,-146.05,0.003,0.103,-0.309
ETHUSDC,BOLL,1m,"{""window"": 14, ""window_dev"": 1.5}",atr,"{""atr_window"": 14, ""sl_mult"": 1.5, ""tp_mult"": 3.0}",5974,7.68,-100.0,-100.0,-123.009,0.014,0.156,-0.334
ETHUSDC,BOLL,1m,"{""window"": 14, ""window_dev"": 1.5}",atr,"{""atr_window"": 14, ""sl_mult"": 2.0, ""tp_mult"": 4.0}",4411,12.67,-100.0,-100.0,-89.129,0.038,0.213,-0.379
ETHUSDC,BOLL,1m,"{""window"": 14, ""window_dev"": 2}",flat,"{""sl_pct"": 2.0, ""tp_pct"": 4.0}",81,30.86,-34.71,-43.67,-3.419,0.635,3.556,-2.294
ETHUSDC,BOLL,1m,"{""window"": 14, ""window_dev"": 2}",flat,"{""sl_pct"": 1.0, ""tp_pct"": 2.0}",288,31.94,-64.12,-65.66,-7.932,0.559,1.68,-1.297
ETHUSDC,BOLL,1m,"{""window"": 14, ""window_dev"": 2}",flat,"{""sl_pct"": 3.0, ""tp_pct"": 6.0}",39,23.08,-37.82,-48.27,-3.381,0.453,5.682,-3.188
ETHUSDC,BOLL,1m,"{""window"": 14, ""window_dev"": 2}",atr,"{""atr_window"": 14, ""sl_mult"": 1.0, ""tp_mult"": 2.0}",4277,2.69,-100.0,-100.0,-130.148,0.004,0.111,-0.309
ETHUSDC,BOLL,1m,"{""window"": 14, ""window_dev"": 2}",atr,"{""atr_window"": 14, ""sl_mult"": 1.5, ""tp_mult"": 3.0}",3658,7.96,-100.0,-100.0,-111.006,0.019,0.157,-0.334
ETHUSDC,BOLL,1m,"{""window"": 14, ""window_dev"": 2}",atr,"{""atr_window"": 14, ""sl_mult"": 2.0, ""tp_mult"": 4.0}",3013,12.91,-99.99,-99.99,-86.28,0.045,0.202,-0.373
ETHUSDC,BOLL,1m,"{""window"": 14, ""window_dev"": 2.5}",flat,"{""sl_pct"": 2.0, ""tp_pct"": 4.0}",78,30.77,-30.34,-41.98,-2.825,0.668,3.688,-2.253
ETHUSDC,BOLL,1m,"{""window"": 14, ""window_dev"": 2.5}",flat,"{""sl_pct"": 1.0, ""tp_pct"": 2.0}",241,34.44,-49.35,-51.08,-6.46,0.643,1.679,-1.297
ETHUSDC,BOLL,1m,"{""window"": 14, ""window_dev"": 2.5}",flat,"{""sl_pct"": 3.0, ""tp_pct"": 6.0}",40,30.0,-21.7,-35.32,-1.847,0.705,5.682,-3.189
ETHUSDC,BOLL,1m,"{""window"": 14, ""window_dev"": 2.5}",atr,"{""atr_window"": 14, ""sl_mult"": 1.0, ""tp_mult"": 2.0}",1530,2.88,-98.97,-98.97,-85.911,0.005,0.09,-0.31
ETHUSDC,BOLL,1m,"{""window"": 14, ""window_dev"": 2.5}",atr,"{""atr_window"": 14, ""sl_mult"": 1.5, ""tp_mult"": 3.0}",1450,8.07,-98.62,-98.62,-76.283,0.028,0.145,-0.333
ETHUSDC,BOLL,1m,"{""window"": 14, ""window_dev"": 2.5}",atr,"{""atr_window"": 14, ""sl_mult"": 2.0, ""tp_mult"": 4.0}",1340,11.57,-98.31,-98.32,-70.205,0.059,0.2,-0.37
ETHUSDC,BOLL,1m,"{""window"": 20, ""window_dev"": 1.5}",flat,"{""sl_pct"": 2.0, ""tp_pct"": 4.0}",91,30.77,-38.13,-47.59,-3.735,0.634,3.57,-2.294
ETHUSDC,BOLL,1m,"{""window"": 20, ""window_dev"": 1.5}",flat,"{""sl_pct"": 1.0, ""tp_pct"": 2.0}",319,30.72,-71.36,-72.33,-8.334,0.52,1.681,-1.297
ETHUSDC,BOLL,1m,"{""window"": 20, ""window_dev"": 1.5}",flat,"{""sl_pct"": 3.0, ""tp_pct"": 6.0}",40,27.5,-28.41,-43.23,-2.309,0.595,5.682,-3.195
ETHUSDC,BOLL,1m,"{""window"": 20, ""window_dev"": 1.5}",atr,"{""atr_window"": 14, ""sl_mult"": 1.0, ""tp_mult"": 2.0}",7379,3.06,-100.0,-100.0,-138.968,0.003,0.112,-0.31
ETHUSDC,BOLL,1m,"{""window"": 20, ""window_dev"": 1.5}",atr,"{""atr_window"": 14, ""sl_mult"": 1.5, ""tp_mult"": 3.0}",5571,8.2,-100.0,-100.0,-107.663,0.015,0.159,-0.335
ETHUSDC,BOLL,1m,"{""window"": 20, ""window_dev"": 1.5}",atr,"{""atr_window"": 14, ""sl_mult"": 2.0, ""tp_mult"": 4.0}",4124,13.02,-100.0,-100.0,-78.438,0.047,0.216,-0.377
ETHUSDC,BOLL,1m,"{""window"": 20, ""window_dev"": 2}",flat,"{""sl_pct"": 2.0, ""tp_pct"": 4.0}",78,29.49,-37.85,-47.35,-3.664,0.582,3.544,-2.294
ETHUSDC,BOLL,1m,"{""window"": 20, ""window_dev"": 2}",flat,"{""sl_pct"": 1.0, ""tp_pct"": 2.0}",283,31.8,-63.92,-64.88,-7.779,0.557,1.68,-1.297
ETHUSDC,BOLL,1m,"{""window"": 20, ""window_dev"": 2}",flat,"{""sl_pct"": 3.0, ""tp_pct"": 6.0}",37,27.03,-33.29,-45.43,-2.921,0.501,5.126,-3.291
ETHUSDC,BOLL,1m,"{""window"": 20, ""window_dev"": 2}",atr,"{""atr_window"": 14, ""sl_mult"": 1.0, ""tp_mult"": 2.0}",4281,2.87,-100.0,-100.0,-105.036,0.004,0.093,-0.31
ETHUSDC,BOLL,1m,"{""window"": 20, ""window_dev"": 2}",atr,"{""atr_window"": 14, ""sl_mult"": 1.5, ""tp_mult"": 3.0}",3637,8.74,-100.0,-100.0,-89.991,0.017,0.136,-0.338
ETHUSDC,BOLL,1m,"{""window"": 20, ""window_dev"": 2}",atr,"{""atr_window"": 14, ""sl_mult"": 2.0, ""tp_mult"": 4.0}",2960,13.18,-99.99,-99.99,-73.163,0.048,0.202,-0.379
ETHUSDC,BOLL,1m,"{""window"": 20, ""window_dev"": 2.5}",flat,"{""sl_pct"": 2.0, ""tp_pct"": 4.0}",70,32.86,-24.97,-38.55,-2.448,0.706,3.556,-2.294
ETHUSDC,BOLL,1m,"{""window"": 20, ""window_dev"": 2.5}",flat,"{""sl_pct"": 1.0, ""tp_pct"": 2.0}",243,33.74,-51.84,-54.59,-7.054,0.633,1.685,-1.297
ETHUSDC,BOLL,1m,"{""window"": 20, ""window_dev"": 2.5}",flat,"{""sl_pct"": 3.0, ""tp_pct"": 6.0}",37,27.03,-27.77,-42.01,-2.494,0.585,5.682,-3.199
ETHUSDC,BOLL,1m,"{""window"": 20, ""window_dev"": 2.5}",atr,"{""atr_window"": 14, ""sl_mult"": 1.0, ""tp_mult"": 2.0}",1809,3.54,-99.52,-99.52,-83.602,0.005,0.097,-0.309
ETHUSDC,BOLL,1m,"{""window"": 20, ""window_dev"": 2.5}",atr,"{""atr_window"": 14, ""sl_mult"": 1.5, ""tp_mult"": 3.0}",1689,8.88,-99.3,-99.3,-79.602,0.023,0.149,-0.336
ETHUSDC,BOLL,1m,"{""window"": 20, ""window_dev"": 2.5}",atr,"{""atr_window"": 14, ""sl_mult"": 2.0, ""tp_mult"": 4.0}",1534,12.91,-99.01,-99.01,-69.632,0.053,0.211,-0.376
ETHUSDC,MOM,1m,"{""window"": 5, ""buy_threshold"": 2, ""sell_threshold"": -2}",flat,"{""sl_pct"": 2.0, ""tp_pct"": 4.0}",4,50.0,2.64,-4.62,1.144,1.571,3.688,-2.294
ETHUSDC,MOM,1m,"{""window"": 5, ""buy_threshold"": 2, ""sell_threshold"": -2}",flat,"{""sl_pct"": 1.0, ""tp_pct"": 2.0}",4,25.0,-2.21,-2.81,-1.656,0.431,1.694,-1.297
ETHUSDC,MOM,1m,"{""window"": 5, ""buy_threshold"": 2, ""sell_threshold"": -2}",flat,"{""sl_pct"": 3.0, ""tp_pct"": 6.0}",4,50.0,4.46,-5.6,1.282,1.67,5.682,-3.291
ETHUSDC,MOM,1m,"{""window"": 5, ""buy_threshold"": 2, ""sell_threshold"": -2}",atr,"{""atr_window"": 14, ""sl_mult"": 1.0, ""tp_mult"": 2.0}",5,20.0,-2.36,-2.36,-2.449,0.206,0.616,-0.747
ETHUSDC,MOM,1m,"{""window"": 5, ""buy_threshold"": 2, ""sell_threshold"": -2}",atr,"{""atr_window"": 14, ""sl_mult"": 1.5, ""tp_mult"": 3.0}",5,20.0,-2.8,-3.39,-2.138,0.275,1.073,-0.971
ETHUSDC,MOM,1m,"{""window"": 5, ""buy_threshold"": 2, ""sell_threshold"": -2}",atr,"{""atr_window"": 14, ""sl_mult"": 2.0, ""tp_mult"": 4.0}",4,25.0,-1.94,-2.93,-1.521,0.438,1.531,-1.152
ETHUSDC,MOM,1m,"{""window"": 5, ""buy_threshold"": 3, ""sell_threshold"": -3}",flat,"{""sl_pct"": 2.0, ""tp_pct"": 4.0}",1,0.0,-2.29,-2.93,-2.555,0.0,,-2.294
ETHUSDC,MOM,1m,"{""window"": 5, ""buy_threshold"": 3, ""sell_threshold"": -3}",flat,"{""sl_pct"": 1.0, ""tp_pct"": 2.0}",1,0.0,-1.3,-1.3,-2.014,0.0,,-1.297
ETHUSDC,MOM,1m,"{""window"": 5, ""buy_threshold"": 3, ""sell_threshold"": -3}",flat,"{""sl_pct"": 3.0, ""tp_pct"": 6.0}",1,0.0,-3.29,-3.92,-2.391,0.0,,-3.291
ETHUSDC,MOM,1m,"{""window"": 5, ""buy_threshold"": 3, ""sell_threshold"": -3}",atr,"{""atr_window"": 14, ""sl_mult"": 1.0, ""tp_mult"": 2.0}",2,0.0,-1.53,-1.53,-2.014,0.0,,-0.767
ETHUSDC,MOM,1m,"{""window"": 5, ""buy_threshold"": 3, ""sell_threshold"": -3}",atr,"{""atr_window"": 14, ""sl_mult"": 1.5, ""tp_mult"": 3.0}",2,0.0,-1.99,-1.99,-2.014,0.0,,-1.001
ETHUSDC,MOM,1m,"{""window"": 5, ""buy_threshold"": 3, ""sell_threshold"": -3}",atr,"{""atr_window"": 14, ""sl_mult"": 2.0, ""tp_mult"": 4.0}",1,0.0,-1.15,-1.15,-2.014,0.0,,-1.146
ETHUSDC,MOM,1m,"{""window"": 5, ""buy_threshold"": 5, ""sell_threshold"": -5}",flat,"{""sl_pct"": 2.0, ""tp_pct"": 4.0}",0,,0.0,0.0,,,,
ETHUSDC,MOM,1m,"{""window"": 5, ""buy_threshold"": 5, ""sell_threshold"": -5}",flat,"{""sl_pct"": 1.0, ""tp_pct"": 2.0}",0,,0.0,0.0,,,,
ETHUSDC,MOM,1m,"{""window"": 5, ""buy_threshold"": 5, ""sell_threshold"": -5}",flat,"{""sl_pct"": 3.0, ""tp_pct"": 6.0}",0,,0.0,0.0,,,,
ETHUSDC,MOM,1m,"{""window"": 5, ""buy_threshold"": 5, ""sell_threshold"": -5}",atr,"{""atr_window"": 14, ""sl_mult"": 1.0, ""tp_mult"": 2.0}",0,,0.0,0.0,,,,
ETHUSDC,MOM,1m,"{""window"": 5, ""buy_threshold"": 5, ""sell_threshold"": -5}",atr,"{""atr_window"": 14, ""sl_mult"": 1.5, ""tp_mult"": 3.0}",0,,0.0,0.0,,,,
ETHUSDC,MOM,1m,"{""window"": 5, ""buy_threshold"": 5, ""sell_threshold"": -5}",atr,"{""atr_window"": 14, ""sl_mult"": 2.0, ""tp_mult"": 4.0}",0,,0.0,0.0,,,,
ETHUSDC,MOM,1m,"{""window"": 10, ""buy_threshold"": 2, ""sell_threshold"": -2}",flat,"{""sl_pct"": 2.0, ""tp_pct"": 4.0}",7,28.57,-4.26,-9.31,-1.413,0.619,3.688,-2.294
ETHUSDC,MOM,1m,"{""window"": 10, ""buy_threshold"": 2, ""sell_threshold"": -2}",flat,"{""sl_pct"": 1.0, ""tp_pct"": 2.0}",8,12.5,-7.18,-8.35,-3.586,0.185,1.694,-1.297
ETHUSDC,MOM,1m,"{""window"": 10, ""buy_threshold"": 2, ""sell_threshold"": -2}",flat,"{""sl_pct"": 3.0, ""tp_pct"": 6.0}",7,28.57,-5.52,-12.05,-1.18,0.653,5.682,-3.291
ETHUSDC,MOM,1m,"{""window"": 10, ""buy_threshold"": 2, ""sell_threshold"": -2}",atr,"{""atr_window"": 14, ""sl_mult"": 1.0, ""tp_mult"": 2.0}",11,27.27,-4.34,-4.67,-3.909,0.213,0.402,-0.703
ETHUSDC,MOM,1m,"{""window"": 10, ""buy_threshold"": 2, ""sell_threshold"": -2}",atr,"{""atr_window"": 14, ""sl_mult"": 1.5, ""tp_mult"": 3.0}",9,22.22,-5.29,-6.28,-3.482,0.17,0.558,-0.931
ETHUSDC,MOM,1m,"{""window"": 10, ""buy_threshold"": 2, ""sell_threshold"": -2}",atr,"{""atr_window"": 14, ""sl_mult"": 2.0, ""tp_mult"": 4.0}",9,33.33,-3.16,-5.21,-1.845,0.526,1.171,-1.11
ETHUSDC,MOM,1m,"{""window"": 10, ""buy_threshold"": 3, ""sell_threshold"": -3}",flat,"{""sl_pct"": 2.0, ""tp_pct"": 4.0}",2,0.0,-4.53,-4.92,-3.187,0.0,,-2.294
ETHUSDC,MOM,1m,"{""window"": 10, ""buy_threshold"": 3, ""sell_threshold"": -3}",flat,"{""sl_pct"": 1.0, ""tp_pct"": 2.0}",2,0.0,-2.58,-2.58,-2.864,0.0,,-1.297
ETHUSDC,MOM,1m,"{""window"": 10, ""buy_threshold"": 3, ""sell_threshold"": -3}",flat,"{""sl_pct"": 3.0, ""tp_pct"": 6.0}",2,0.0,-6.47,-6.85,-3.102,0.0,,-3.291
ETHUSDC,MOM,1m,"{""window"": 10, ""buy_threshold"": 3, ""sell_threshold"": -3}",atr,"{""atr_window"": 14, ""sl_mult"": 1.0, ""tp_mult"": 2.0}",3,0.0,-2.41,-2.41,-2.769,0.0,,-0.81
ETHUSDC,MOM,1m,"{""window"": 10, ""buy_threshold"": 3, ""sell_threshold"": -3}",atr,"{""atr_window"": 14, ""sl_mult"": 1.5, ""tp_mult"": 3.0}",3,0.0,-3.16,-3.16,-2.776,0.0,,-1.065
ETHUSDC,MOM,1m,"{""window"": 10, ""buy_threshold"": 3, ""sell_threshold"": -3}",atr,"{""atr_window"": 14, ""sl_mult"": 2.0, ""tp_mult"": 4.0}",3,0.0,-3.92,-3.92,-2.779,0.0,,-1.326
ETHUSDC,MOM,1m,"{""window"": 10, ""buy_threshold"": 5, ""sell_threshold"": -5}",flat,"{""sl_pct"": 2.0, ""tp_pct"": 4.0}",0,,0.0,0.0,,,,
ETHUSDC,MOM,1m,"{""window"": 10, ""buy_threshold"": 5, ""sell_threshold"": -5}",flat,"{""sl_pct"": 1.0, ""tp_pct"": 2.0}",0,,0.0,0.0,,,,
ETHUSDC,MOM,1m,"{""window"": 10, ""buy_threshold"": 5, ""sell_threshold"": -5}",flat,"{""sl_pct"": 3.0, ""tp_pct"": 6.0}",0,,0.0,0.0,,,,
ETHUSDC,MOM,1m,"{""window"": 10, ""buy_threshold"": 5, ""sell_threshold"": -5}",atr,"{""atr_window"": 14, ""sl_mult"": 1.0, ""tp_mult"": 2.0}",0,,0.0,0.0,,,,
ETHUSDC,MOM,1m,"{""window"": 10, ""buy_threshold"": 5, ""sell_threshold"": -5}",atr,"{""atr_window"": 14, ""sl_mult"": 1.5, ""tp_mult"": 3.0}",0,,0.0,0.0,,,,
ETHUSDC,MOM,1m,"{""window"": 10, ""buy_threshold"": 5, ""sell_threshold"": -5}",atr,"{""atr_window"": 14, ""sl_mult"": 2.0, ""tp_mult"": 4.0}",0,,0.0,0.0,,,,
ETHUSDC,RSI,15m,"{""window"": 10, ""buy_threshold"": 20, ""sell_threshold"": 70}",flat,"{""sl_pct"": 2.0, ""tp_pct"": 4.0}",76,32.89,-24.26,-30.03,-1.454,0.767,3.688,-2.294
ETHUSDC,RSI,15m,"{""window"": 10, ""buy_threshold"": 20, ""sell_threshold"": 70}",flat,"{""sl_pct"": 1.0, ""tp_pct"": 2.0}",102,28.43,-37.21,-41.47,-4.056,0.491,1.694,-1.297
ETHUSDC,RSI,15m,"{""window"": 10, ""buy_threshold"": 20, ""sell_threshold"": 70}",flat,"{""sl_pct"": 3.0, ""tp_pct"": 6.0}",52,34.62,-13.3,-30.76,-0.446,0.872,5.682,-3.291
ETHUSDC,RSI,15m,"{""window"": 10, ""buy_threshold"": 20, ""sell_threshold"": 70}",atr,"{""atr_window"": 14, ""sl_mult"": 1.0, ""tp_mult"": 2.0}",126,30.16,-35.86,-36.59,-5.578,0.429,0.84,-0.861
ETHUSDC,RSI,15m,"{""window"": 10, ""buy_threshold"": 20, ""sell_threshold"": 70}",atr,"{""atr_window"": 14, ""sl_mult"": 1.5, ""tp_mult"": 3.0}",113,29.2,-38.1,-40.05,-4.245,0.466,1.359,-1.148
ETHUSDC,RSI,15m,"{""window"": 10, ""buy_threshold"": 20, ""sell_threshold"": 70}",atr,"{""atr_window"": 14, ""sl_mult"": 2.0, ""tp_mult"": 4.0}",104,27.88,-40.31,-40.51,-3.895,0.519,1.878,-1.395
ETHUSDC,RSI,15m,"{""window"": 10, ""buy_threshold"": 20, ""sell_threshold"": 80}",flat,"{""sl_pct"": 2.0, ""tp_pct"": 4.0}",76,32.89,-24.26,-30.03,-1.454,0.767,3.688,-2.294
ETHUSDC,RSI,15m,"{""window"": 10, ""buy_threshold"": 20, ""sell_threshold"": 80}",flat,"{""sl_pct"": 1.0, ""tp_pct"": 2.0}",102,28.43,-37.21,-41.47,-4.056,0.491,1.694,-1.297
ETHUSDC,RSI,15m,"{""window"": 10, ""buy_threshold"": 20, ""sell_threshold"": 80}",flat,"{""sl_pct"": 3.0, ""tp_pct"": 6.0}",52,34.62,-13.3,-30.76,-0.446,0.872,5.682,-3.291
ETHUSDC,RSI,15m,"{""window"": 10, ""buy_threshold"": 20, ""sell_threshold"": 80}",atr,"{""atr_window"": 14, ""sl_mult"": 1.0, ""tp_mult"": 2.0}",126,30.16,-35.86,-36.59,-5.578,0.429,0.84,-0.861
ETHUSDC,RSI,15m,"{""window"": 10, ""buy_threshold"": 20, ""sell_threshold"": 80}",atr,"{""atr_window"": 14, ""sl_mult"": 1.5, ""tp_mult"": 3.0}",113,29.2,-38.1,-40.05,-4.245,0.466,1.359,-1.148
ETHUSDC,RSI,15m,"{""window"": 10, ""buy_threshold"": 20, ""sell_threshold"": 80}",atr,"{""atr_window"": 14, ""sl_mult"": 2.0, ""tp_mult"": 4.0}",104,27.88,-40.31,-40.51,-3.895,0.519,1.878,-1.395
ETHUSDC,RSI,15m,"{""window"": 10, ""buy_threshold"": 30, ""sell_threshold"": 70}",flat,"{""sl_pct"": 2.0, ""tp_pct"": 4.0}",145,28.28,-59.74,-62.71,-3.579,0.586,3.688,-2.276
ETHUSDC,RSI,15m,"{""window"": 10, ""buy_threshold"": 30, ""sell_threshold"": 70}",flat,"{""sl_pct"": 1.0, ""tp_pct"": 2.0}",300,30.33,-70.22,-70.52,-6.141,0.531,1.68,-1.297
ETHUSDC,RSI,15m,"{""window"": 10, ""buy_threshold"": 30, ""sell_threshold"": 70}",flat,"{""sl_pct"": 3.0, ""tp_pct"": 6.0}",86,27.91,-54.76,-58.07,-2.471,0.594,5.488,-3.291
ETHUSDC,RSI,15m,"{""window"": 10, ""buy_threshold"": 30, ""sell_threshold"": 70}",atr,"{""atr_window"": 14, ""sl_mult"": 1.0, ""tp_mult"": 2.0}",485,30.31,-80.9,-81.48,-10.041,0.442,0.72,-0.798
ETHUSDC,RSI,15m,"{""window"": 10, ""buy_threshold"": 30, ""sell_threshold"": 70}",atr,"{""atr_window"": 14, ""sl_mult"": 1.5, ""tp_mult"": 3.0}",372,31.18,-74.0,-74.25,-6.804,0.507,1.216,-1.066
ETHUSDC,RSI,15m,"{""window"": 10, ""buy_threshold"": 30, ""sell_threshold"": 70}",atr,"{""atr_window"": 14, ""sl_mult"": 2.0, ""tp_mult"": 4.0}",304,30.26,-72.11,-72.38,-5.789,0.542,1.695,-1.319
ETHUSDC,RSI,15m,"{""window"": 10, ""buy_threshold"": 30, ""sell_threshold"": 80}",flat,"{""sl_pct"": 2.0, ""tp_pct"": 4.0}",145,28.28,-59.74,-62.71,-3.579,0.586,3.688,-2.276
ETHUSDC,RSI,15m,"{""window"": 10, ""buy_threshold"": 30, ""sell_threshold"": 80}",flat,"{""sl_pct"": 1.0, ""tp_pct"": 2.0}",300,30.33,-70.22,-70.52,-6.141,0.531,1.68,-1.297
ETHUSDC,RSI,15m,"{""window"": 10, ""buy_threshold"": 30, ""sell_threshold"": 80}",flat,"{""sl_pct"": 3.0, ""tp_pct"": 6.0}",86,27.91,-54.76,-58.07,-2.471,0.594,5.488,-3.291
ETHUSDC,RSI,15m,"{""window"": 10, ""buy_threshold"": 30, ""sell_threshold"": 80}",atr,"{""atr_window"": 14, ""sl_mult"": 1.0, ""tp_mult"": 2.0}",485,30.31,-80.9,-81.48,-10.041,0.442,0.72,-0.798
ETHUSDC,RSI,15m,"{""window"": 10, ""buy_threshold"": 30, ""sell_threshold"": 80}",atr,"{""atr_window"": 14, ""sl_mult"": 1.5, ""tp_mult"": 3.0}",372,31.18,-74.0,-74.25,-6.804,0.507,1.216,-1.066
ETHUSDC,RSI,15m,"{""window"": 10, ""buy_threshold"": 30, ""sell_threshold"": 80}",atr,"{""atr_window"": 14, ""sl_mult"": 2.0, ""tp_mult"": 4.0}",304,30.26,-72.11,-72.38,-5.789,0.542,1.695,-1.319
ETHUSDC,RSI,15m,"{""window"": 14, ""buy_threshold"": 20, ""sell_threshold"": 70}",flat,"{""sl_pct"": 2.0, ""tp_pct"": 4.0}",37,32.43,-13.53,-26.11,-1.121,0.735,3.688,-2.294
ETHUSDC,RSI,15m,"{""window"": 14, ""buy_threshold"": 20, ""sell_threshold"": 70}",flat,"{""sl_pct"": 1.0, ""tp_pct"": 2.0}",46,32.61,-14.15,-21.82,-1.886,0.608,1.694,-1.297
ETHUSDC,RSI,15m,"{""window"": 14, ""buy_threshold"": 20, ""sell_threshold"": 70}",flat,"{""sl_pct"": 3.0, ""tp_pct"": 6.0}",28,25.0,-27.08,-35.18,-1.662,0.542,5.682,-3.291
ETHUSDC,RSI,15m,"{""window"": 14, ""buy_threshold"": 20, ""sell_threshold"": 70}",atr,"{""atr_window"": 14, ""sl_mult"": 1.0, ""tp_mult"": 2.0}",49,30.61,-13.91,-17.31,-2.581,0.494,1.009,-0.879
ETHUSDC,RSI,15m,"{""window"": 14, ""buy_threshold"": 20, ""sell_threshold"": 70}",atr,"{""atr_window"": 14, ""sl_mult"": 1.5, ""tp_mult"": 3.0}",46,32.61,-14.82,-18.46,-2.119,0.563,1.424,-1.192
ETHUSDC,RSI,15m,"{""window"": 14, ""buy_threshold"": 20, ""sell_threshold"": 70}",atr,"{""atr_window"": 14, ""sl_mult"": 2.0, ""tp_mult"": 4.0}",44,31.82,-13.97,-22.36,-1.515,0.641,2.077,-1.447
ETHUSDC,RSI,15m,"{""window"": 14, ""buy_threshold"": 20, ""sell_threshold"": 80}",flat,"{""sl_pct"": 2.0, ""tp_pct"": 4.0}",37,32.43,-13.53,-26.11,-1.121,0.735,3.688,-2.294
ETHUSDC,RSI,15m,"{""window"": 14, ""buy_threshold"": 20, ""sell_threshold"": 80}",flat,"{""sl_pct"": 1.0, ""tp_pct"": 2.0}",46,32.61,-14.15,-21.82,-1.886,0.608,1.694,-1.297
ETHUSDC,RSI,15m,"{""window"": 14, ""buy_threshold"": 20, ""sell_threshold"": 80}",flat,"{""sl_pct"": 3.0, ""tp_pct"": 6.0}",28,25.0,-27.08,-35.18,-1.662,0.542,5.682,-3.291
ETHUSDC,RSI,15m,"{""window"": 14, ""buy_threshold"": 20, ""sell_threshold"": 80}",atr,"{""atr_window"": 14, ""sl_mult"": 1.0, ""tp_mult"": 2.0}",49,30.61,-13.91,-17.31,-2.581,0.494,1.009,-0.879
ETHUSDC,RSI,15m,"{""window"": 14, ""buy_threshold"": 20, ""sell_threshold"": 80}",atr,"{""atr_window"": 14, ""sl_mult"": 1.5, ""tp_mult"": 3.0}",46,32.61,-14.82,-18.46,-2.119,0.563,1.424,-1.192
ETHUSDC,RSI,15m,"{""window"": 14, ""buy_threshold"": 20, ""sell_threshold"": 80}",atr,"{""atr_window"": 14, ""sl_mult"": 2.0, ""tp_mult"": 4.0}",44,31.82,-13.97,-22.36,-1.515,0.641,2.077,-1.447
ETHUSDC,RSI,15m,"{""window"": 14, ""buy_threshold"": 30, ""sell_threshold"": 70}",flat,"{""sl_pct"": 2.0, ""tp_pct"": 4.0}",122,30.33,-48.54,-51.99,-2.77,0.646,3.599,-2.294
ETHUSDC,RSI,15m,"{""window"": 14, ""buy_threshold"": 30, ""sell_threshold"": 70}",flat,"{""sl_pct"": 1.0, ""tp_pct"": 2.0}",206,31.07,-54.52,-56.18,-4.625,0.543,1.678,-1.297
ETHUSDC,RSI,15m,"{""window"": 14, ""buy_threshold"": 30, ""sell_threshold"": 70}",flat,"{""sl_pct"": 3.0, ""tp_pct"": 6.0}",75,32.0,-34.83,-43.11,-1.297,0.74,5.475,-3.291
ETHUSDC,RSI,15m,"{""window"": 14, ""buy_threshold"": 30, ""sell_threshold"": 70}",atr,"{""atr_window"": 14, ""sl_mult"": 1.0, ""tp_mult"": 2.0}",298,29.53,-65.08,-65.11,-7.539,0.443,0.833,-0.844
ETHUSDC,RSI,15m,"{""window"": 14, ""buy_threshold"": 30, ""sell_threshold"": 70}",atr,"{""atr_window"": 14, ""sl_mult"": 1.5, ""tp_mult"": 3.0}",242,30.17,-59.5,-59.89,-5.47,0.524,1.376,-1.116
ETHUSDC,RSI,15m,"{""window"": 14, ""buy_threshold"": 30, ""sell_threshold"": 70}",atr,"{""atr_window"": 14, ""sl_mult"": 2.0, ""tp_mult"": 4.0}",199,31.16,-55.04,-55.48,-3.804,0.593,1.896,-1.418
ETHUSDC,RSI,15m,"{""window"": 14, ""buy_threshold"": 30, ""sell_threshold"": 80}",flat,"{""sl_pct"": 2.0, ""tp_pct"": 4.0}",122,30.33,-48.54,-51.99,-2.77,0.646,3.599,-2.294
ETHUSDC,RSI,15m,"{""window"": 14, ""buy_threshold"": 30, ""sell_threshold"": 80}",flat,"{""sl_pct"": 1.0, ""tp_pct"": 2.0}",206,31.07,-54.52,-56.18,-4.625,0.543,1.678,-1.297
ETHUSDC,RSI,15m,"{""window"": 14, ""buy_threshold"": 30, ""sell_threshold"": 80}",flat,"{""sl_pct"": 3.0, ""tp_pct"": 6.0}",75,32.0,-34.83,-43.11,-1.297,0.74,5.475,-3.291
ETHUSDC,RSI,15m,"{""window"": 14, ""buy_threshold"": 30, ""sell_threshold"": 80}",atr,"{""atr_window"": 14, ""sl_mult"": 1.0, ""tp_mult"": 2.0}",298,29.53,-65.08,-65.11,-7.539,0.443,0.833,-0.844
ETHUSDC,RSI,15m,"{""window"": 14, ""buy_threshold"": 30, ""sell_threshold"": 80}",atr,"{""atr_window"": 14, ""sl_mult"": 1.5, ""tp_mult"": 3.0}",242,30.17,-59.5,-59.89,-5.47,0.524,1.376,-1.116
ETHUSDC,RSI,15m,"{""window"": 14, ""buy_threshold"": 30, ""sell_threshold"": 80}",atr,"{""atr_window"": 14, ""sl_mult"": 2.0, ""tp_mult"": 4.0}",199,31.16,-55.04,-55.48,-3.804,0.593,1.896,-1.418
ETHUSDC,EMA,15m,"{""short_span"": 5, ""long_span"": 20}",flat,"{""sl_pct"": 2.0, ""tp_pct"": 4.0}",142,27.46,-61.71,-67.92,-3.542,0.549,3.688,-2.277
ETHUSDC,EMA,15m,"{""short_span"": 5, ""long_span"": 20}",flat,"{""sl_pct"": 1.0, ""tp_pct"": 2.0}",279,29.75,-69.15,-69.43,-6.606,0.516,1.679,-1.297
ETHUSDC,EMA,15m,"{""short_span"": 5, ""long_span"": 20}",flat,"{""sl_pct"": 3.0, ""tp_pct"": 6.0}",86,27.91,-51.35,-57.35,-2.276,0.616,5.682,-3.247
ETHUSDC,EMA,15m,"{""short_span"": 5, ""long_span"": 20}",atr,"{""atr_window"": 14, ""sl_mult"": 1.0, ""tp_mult"": 2.0}",487,30.6,-82.21,-82.22,-13.779,0.316,0.496,-0.726
ETHUSDC,EMA,15m,"{""short_span"": 5, ""long_span"": 20}",atr,"{""atr_window"": 14, ""sl_mult"": 1.5, ""tp_mult"": 3.0}",399,30.83,-79.33,-79.37,-9.175,0.421,0.942,-0.982
ETHUSDC,EMA,15m,"{""short_span"": 5, ""long_span"": 20}",atr,"{""atr_window"": 14, ""sl_mult"": 2.0, ""tp_mult"": 4.0}",315,28.57,-77.29,-77.36,-7.119,0.472,1.498,-1.243
ETHUSDC,EMA,15m,"{""short_span"": 9, ""long_span"": 21}",flat,"{""sl_pct"": 2.0, ""tp_pct"": 4.0}",134,28.36,-56.52,-63.62,-3.352,0.582,3.688,-2.275
ETHUSDC,EMA,15m,"{""short_span"": 9, ""long_span"": 21}",flat,"{""sl_pct"": 1.0, ""tp_pct"": 2.0}",240,30.42,-61.95,-64.65,-5.926,0.516,1.676,-1.297
ETHUSDC,EMA,15m,"{""short_span"": 9, ""long_span"": 21}",flat,"{""sl_pct"": 3.0, ""tp_pct"": 6.0}",85,28.24,-49.64,-58.36,-2.265,0.621,5.682,-3.245
ETHUSDC,EMA,15m,"{""short_span"": 9, ""long_span"": 21}",atr,"{""atr_window"": 14, ""sl_mult"": 1.0, ""tp_mult"": 2.0}",374,30.21,-74.04,-74.04,-13.935,0.295,0.509,-0.733
ETHUSDC,EMA,15m,"{""short_span"": 9, ""long_span"": 21}",atr,"{""atr_window"": 14, ""sl_mult"": 1.5, ""tp_mult"": 3.0}",327,31.8,-71.87,-71.91,-8.734,0.399,0.921,-0.99
ETHUSDC,EMA,15m,"{""short_span"": 9, ""long_span"": 21}",atr,"{""atr_window"": 14, ""sl_mult"": 2.0, ""tp_mult"": 4.0}",273,30.04,-69.63,-69.71,-6.327,0.483,1.463,-1.236
ETHUSDC,EMA,15m,"{""short_span"": 12, ""long_span"": 26}",flat,"{""sl_pct"": 2.0, ""tp_pct"": 4.0}",117,29.91,-46.08,-53.89,-2.577,0.646,3.688,-2.273
ETHUSDC,EMA,15m,"{""short_span"": 12, ""long_span"": 26}",flat,"{""sl_pct"": 1.0, ""tp_pct"": 2.0}",202,32.18,-50.64,-54.61,-4.701,0.569,1.678,-1.297
ETHUSDC,EMA,15m,"{""short_span"": 12, ""long_span"": 26}",flat,"{""sl_pct"": 3.0, ""tp_pct"": 6.0}",69,27.54,-44.86,-49.92,-2.165,0.616,5.682,-3.236
ETHUSDC,EMA,15m,"{""short_span"": 12, ""long_span"": 26}",atr,"{""atr_window"": 14, ""sl_mult"": 1.0, ""tp_mult"": 2.0}",291,32.99,-61.41,-61.47,-10.264,0.333,0.507,-0.734
ETHUSDC,EMA,15m,"{""short_span"": 12, ""long_span"": 26}",atr,"{""atr_window"": 14, ""sl_mult"": 1.5, ""tp_mult"": 3.0}",266,31.95,-61.41,-61.98,-6.808,0.439,0.949,-0.963
ETHUSDC,EMA,15m,"{""short_span"": 12, ""long_span"": 26}",atr,"{""atr_window"": 14, ""sl_mult"": 2.0, ""tp_mult"": 4.0}",228,30.7,-60.36,-62.84,-5.375,0.504,1.454,-1.214
ETHUSDC,EMA,15m,"{""short_span"": 5, ""long_span"": 13}",flat,"{""sl_pct"": 2.0, ""tp_pct"": 4.0}",151,28.48,-60.55,-66.21,-3.394,0.598,3.688,-2.277
ETHUSDC,EMA,15m,"{""short_span"": 5, ""long_span"": 13}",flat,"{""sl_pct"": 1.0, ""tp_pct"": 2.0}",323,31.27,-70.33,-70.59,-6.304,0.582,1.68,-1.297
ETHUSDC,EMA,15m,"{""short_span"": 5, ""long_span"": 13}",flat,"{""sl_pct"": 3.0, ""tp_pct"": 6.0}",89,28.09,-52.02,-57.79,-2.333,0.63,5.682,-3.252
ETHUSDC,EMA,15m,"{""short_span"": 5, ""long_span"": 13}",atr,"{""atr_window"": 14, ""sl_mult"": 1.0, ""tp_mult"": 2.0}",616,29.38,-87.95,-87.96,-15.825,0.38,0.557,-0.714
ETHUSDC,EMA,15m,"{""short_span"": 5, ""long_span"": 13}",atr,"{""atr_window"": 14, ""sl_mult"": 1.5, ""tp_mult"": 3.0}",478,30.54,-83.6,-83.63,-10.066,0.462,0.99,-0.971
ETHUSDC,EMA,15m,"{""short_span"": 5, ""long_span"": 13}",atr,"{""atr_window"": 14, ""sl_mult"": 2.0, ""tp_mult"": 4.0}",340,30.59,-76.71,-76.8,-6.701,0.51,1.51,-1.267
ETHUSDC,MACD,15m,"{""fast"": 12, ""slow"": 26, ""signal"": 9}",flat,"{""sl_pct"": 2.0, ""tp_pct"": 4.0}",158,28.48,-62.28,-67.34,-3.355,0.571,3.688,-2.279
ETHUSDC,MACD,15m,"{""fast"": 12, ""slow"": 26, ""signal"": 9}",flat,"{""sl_pct"": 1.0, ""tp_pct"": 2.0}",352,32.95,-68.12,-68.78,-5.391,0.597,1.684,-1.297
ETHUSDC,MACD,15m,"{""fast"": 12, ""slow"": 26, ""signal"": 9}",flat,"{""sl_pct"": 3.0, ""tp_pct"": 6.0}",102,27.45,-59.39,-66.27,-2.69,0.582,5.682,-3.254
ETHUSDC,MACD,15m,"{""fast"": 12, ""slow"": 26, ""signal"": 9}",atr,"{""atr_window"": 14, ""sl_mult"": 1.0, ""tp_mult"": 2.0}",622,33.92,-83.87,-83.87,-11.231,0.432,0.601,-0.748
ETHUSDC,MACD,15m,"{""fast"": 12, ""slow"": 26, ""signal"": 9}",atr,"{""atr_window"": 14, ""sl_mult"": 1.5, ""tp_mult"": 3.0}",492,32.52,-83.2,-83.41,-8.496,0.461,1.044,-1.03
ETHUSDC,MACD,15m,"{""fast"": 12, ""slow"": 26, ""signal"": 9}",atr,"{""atr_window"": 14, ""sl_mult"": 2.0, ""tp_mult"": 4.0}",373,31.1,-79.71,-80.02,-6.304,0.468,1.545,-1.3
ETHUSDC,MACD,15m,"{""fast"": 5, ""slow"": 35, ""signal"": 5}",flat,"{""sl_pct"": 2.0, ""tp_pct"": 4.0}",179,29.05,-64.86,-70.18,-3.41,0.579,3.688,-2.28
ETHUSDC,MACD,15m,"{""fast"": 5, ""slow"": 35, ""signal"": 5}",flat,"{""sl_pct"": 1.0, ""tp_pct"": 2.0}",444,32.66,-77.23,-77.44,-6.672,0.59,1.685,-1.297
ETHUSDC,MACD,15m,"{""fast"": 5, ""slow"": 35, ""signal"": 5}",flat,"{""sl_pct"": 3.0, ""tp_pct"": 6.0}",99,29.29,-51.3,-60.22,-2.003,0.642,5.682,-3.263
ETHUSDC,MACD,15m,"{""fast"": 5, ""slow"": 35, ""signal"": 5}",atr,"{""atr_window"": 14, ""sl_mult"": 1.0, ""tp_mult"": 2.0}",917,32.28,-94.14,-94.14,-14.949,0.422,0.614,-0.745
ETHUSDC,MACD,15m,"{""fast"": 5, ""slow"": 35, ""signal"": 5}",atr,"{""atr_window"": 14, ""sl_mult"": 1.5, ""tp_mult"": 3.0}",638,32.6,-89.04,-89.05,-9.114,0.473,1.097,-1.035
ETHUSDC,MACD,15m,"{""fast"": 5, ""slow"": 35, ""signal"": 5}",atr,"{""atr_window"": 14, ""sl_mult"": 2.0, ""tp_mult"": 4.0}",441,30.61,-82.39,-82.56,-7.016,0.554,1.678,-1.289
ETHUSDC,MACD,15m,"{""fast"": 8, ""slow"": 21, ""signal"": 5}",flat,"{""sl_pct"": 2.0, ""tp_pct"": 4.0}",173,29.48,-61.85,-67.51,-3.284,0.603,3.688,-2.277
ETHUSDC,MACD,15m,"{""fast"": 8, ""slow"": 21, ""signal"": 5}",flat,"{""sl_pct"": 1.0, ""tp_pct"": 2.0}",424,32.08,-77.4,-77.61,-6.757,0.585,1.684,-1.297
ETHUSDC,MACD,15m,"{""fast"": 8, ""slow"": 21, ""signal"": 5}",flat,"{""sl_pct"": 3.0, ""tp_pct"": 6.0}",101,27.72,-58.32,-64.43,-2.516,0.612,5.682,-3.264
ETHUSDC,MACD,15m,"{""fast"": 8, ""slow"": 21, ""signal"": 5}",atr,"{""atr_window"": 14, ""sl_mult"": 1.0, ""tp_mult"": 2.0}",857,33.14,-92.39,-92.39,-14.01,0.444,0.611,-0.748
ETHUSDC,MACD,15m,"{""fast"": 8, ""slow"": 21, ""signal"": 5}",atr,"{""atr_window"": 14, ""sl_mult"": 1.5, ""tp_mult"": 3.0}",611,32.57,-87.58,-87.59,-9.033,0.482,1.101,-1.028
ETHUSDC,MACD,15m,"{""fast"": 8, ""slow"": 21, ""signal"": 5}",atr,"{""atr_window"": 14, ""sl_mult"": 2.0, ""tp_mult"": 4.0}",424,30.42,-84.13,-84.28,-6.98,0.505,1.652,-1.328
ETHUSDC,MACD,15m,"{""fast"": 12, ""slow"": 26, ""signal"": 5}",flat,"{""sl_pct"": 2.0, ""tp_pct"": 4.0}",165,29.09,-61.57,-66.44,-3.183,0.587,3.688,-2.277
ETHUSDC,MACD,15m,"{""fast"": 12, ""slow"": 26, ""signal"": 5}",flat,"{""sl_pct"": 1.0, ""tp_pct"": 2.0}",386,31.35,-76.29,-76.56,-6.586,0.543,1.683,-1.297
ETHUSDC,MACD,15m,"{""fast"": 12, ""slow"": 26, ""signal"": 5}",flat,"{""sl_pct"": 3.0, ""tp_pct"": 6.0}",105,26.67,-63.4,-69.62,-2.849,0.569,5.682,-3.26
ETHUSDC,MACD,15m,"{""fast"": 12, ""slow"": 26, ""signal"": 5}",atr,"{""atr_window"": 14, ""sl_mult"": 1.0, ""tp_mult"": 2.0}",758,31.53,-92.08,-92.08,-14.322,0.364,0.586,-0.754
ETHUSDC,MACD,15m,"{""fast"": 12, ""slow"": 26, ""signal"": 5}",atr,"{""atr_window"": 14, ""sl_mult"": 1.5, ""tp_mult"": 3.0}",554,31.23,-88.29,-88.33,-9.453,0.427,1.076,-1.041
ETHUSDC,MACD,15m,"{""fast"": 12, ""slow"": 26, ""signal"": 5}",atr,"{""atr_window"": 14, ""sl_mult"": 2.0, ""tp_mult"": 4.0}",394,30.71,-82.29,-82.6,-6.547,0.487,1.633,-1.339
ETHUSDC,BOLL,15m,"{""window"": 14, ""window_dev"": 1.5}",flat,"{""sl_pct"": 2.0, ""tp_pct"": 4.0}",182,29.12,-66.8,-71.65,-3.539,0.58,3.632,-2.294
ETHUSDC,BOLL,15m,"{""window"": 14, ""window_dev"": 1.5}",flat,"{""sl_pct"": 1.0, ""tp_pct"": 2.0}",473,32.77,-78.89,-79.7,-5.938,0.583,1.688,-1.297
ETHUSDC,BOLL,15m,"{""window"": 14, ""window_dev"": 1.5}",flat,"{""sl_pct"": 3.0, ""tp_pct"": 6.0}",102,30.39,-46.94,-55.18,-1.774,0.701,5.682,-3.251
ETHUSDC,BOLL,15m,"{""window"": 14, ""window_dev"": 1.5}",atr,"{""atr_window"": 14, ""sl_mult"": 1.0, ""tp_mult"": 2.0}",954,31.34,-95.22,-95.23,-15.423,0.46,0.634,-0.749
ETHUSDC,BOLL,15m,"{""window"": 14, ""window_dev"": 1.5}",atr,"{""atr_window"": 14, ""sl_mult"": 1.5, ""tp_mult"": 3.0}",671,32.79,-87.9,-88.04,-8.401,0.557,1.128,-1.008
ETHUSDC,BOLL,15m,"{""window"": 14, ""window_dev"": 1.5}",atr,"{""atr_window"": 14, ""sl_mult"": 2.0, ""tp_mult"": 4.0}",470,31.49,-82.45,-82.65,-5.979,0.577,1.669,-1.289
ETHUSDC,BOLL,15m,"{""window"": 14, ""window_dev"": 2}",flat,"{""sl_pct"": 2.0, ""tp_pct"": 4.0}",147,27.89,-61.54,-65.29,-3.546,0.568,3.688,-2.276
ETHUSDC,BOLL,15m,"{""window"": 14, ""window_dev"": 2}",flat,"{""sl_pct"": 1.0, ""tp_pct"": 2.0}",324,32.41,-66.84,-67.23,-5.622,0.591,1.685,-1.297
ETHUSDC,BOLL,15m,"{""window"": 14, ""window_dev"": 2}",flat,"{""sl_pct"": 3.0, ""tp_pct"": 6.0}",90,28.89,-49.01,-54.82,-1.99,0.657,5.682,-3.243
ETHUSDC,BOLL,15m,"{""window"": 14, ""window_dev"": 2}",atr,"{""atr_window"": 14, ""sl_mult"": 1.0, ""tp_mult"": 2.0}",582,32.13,-84.79,-84.82,-13.232,0.407,0.579,-0.747
ETHUSDC,BOLL,15m,"{""window"": 14, ""window_dev"": 2}",atr,"{""atr_window"": 14, ""sl_mult"": 1.5, ""tp_mult"": 3.0}",454,31.94,-80.37,-80.59,-8.97,0.496,1.032,-1.002
ETHUSDC,BOLL,15m,"{""window"": 14, ""window_dev"": 2}",atr,"{""atr_window"": 14, ""sl_mult"": 2.0, ""tp_mult"": 4.0}",353,32.01,-74.03,-74.33,-6.385,0.543,1.529,-1.265
ETHUSDC,BOLL,15m,"{""window"": 14, ""window_dev"": 2.5}",flat,"{""sl_pct"": 2.0, ""tp_pct"": 4.0}",105,25.71,-55.57,-60.17,-3.914,0.478,3.688,-2.267
ETHUSDC,BOLL,15m,"{""window"": 14, ""window_dev"": 2.5}",flat,"{""sl_pct"": 1.0, ""tp_pct"": 2.0}",189,33.86,-42.65,-44.12,-3.765,0.621,1.694,-1.297
ETHUSDC,BOLL,15m,"{""window"": 14, ""window_dev"": 2.5}",flat,"{""sl_pct"": 3.0, ""tp_pct"": 6.0}",65,26.15,-46.98,-53.01,-2.369,0.559,5.682,-3.225
ETHUSDC,BOLL,15m,"{""window"": 14, ""window_dev"": 2.5}",atr,"{""atr_window"": 14, ""sl_mult"": 1.0, ""tp_mult"": 2.0}",262,29.39,-59.67,-59.81,-9.756,0.345,0.601,-0.736
ETHUSDC,BOLL,15m,"{""window"": 14, ""window_dev"": 2.5}",atr,"{""atr_window"": 14, ""sl_mult"": 1.5, ""tp_mult"": 3.0}",233,29.61,-61.61,-61.98,-7.475,0.408,0.974,-0.985
ETHUSDC,BOLL,15m,"{""window"": 14, ""window_dev"": 2.5}",atr,"{""atr_window"": 14, ""sl_mult"": 2.0, ""tp_mult"": 4.0}",201,31.34,-61.27,-62.17,-6.464,0.399,1.245,-1.242
ETHUSDC,BOLL,15m,"{""window"": 20, ""window_dev"": 1.5}",flat,"{""sl_pct"": 2.0, ""tp_pct"": 4.0}",181,28.73,-66.41,-72.12,-3.595,0.576,3.688,-2.279
ETHUSDC,BOLL,15m,"{""window"": 20, ""window_dev"": 1.5}",flat,"{""sl_pct"": 1.0, ""tp_pct"": 2.0}",446,33.63,-74.13,-75.58,-5.353,0.612,1.688,-1.297
ETHUSDC,BOLL,15m,"{""window"": 20, ""window_dev"": 1.5}",flat,"{""sl_pct"": 3.0, ""tp_pct"": 6.0}",106,30.19,-49.16,-57.15,-1.868,0.692,5.682,-3.25
ETHUSDC,BOLL,15m,"{""window"": 20, ""window_dev"": 1.5}",atr,"{""atr_window"": 14, ""sl_mult"": 1.0, ""tp_mult"": 2.0}",892,31.05,-94.9,-94.91,-13.827,0.435,0.638,-0.767
ETHUSDC,BOLL,15m,"{""window"": 20, ""window_dev"": 1.5}",atr,"{""atr_window"": 14, ""sl_mult"": 1.5, ""tp_mult"": 3.0}",643,33.9,-86.18,-86.34,-8.292,0.565,1.1,-1.02
ETHUSDC,BOLL,15m,"{""window"": 20, ""window_dev"": 1.5}",atr,"{""atr_window"": 14, ""sl_mult"": 2.0, ""tp_mult"": 4.0}",452,31.86,-80.48,-80.7,-5.714,0.574,1.666,-1.291
ETHUSDC,BOLL,15m,"{""window"": 20, ""window_dev"": 2}",flat,"{""sl_pct"": 2.0, ""tp_pct"": 4.0}",158,28.48,-62.21,-70.1,-3.433,0.546,3.688,-2.277
ETHUSDC,BOLL,15m,"{""window"": 20, ""window_dev"": 2}",flat,"{""sl_pct"": 1.0, ""tp_pct"": 2.0}",326,32.21,-67.68,-68.1,-5.483,0.547,1.685,-1.297
ETHUSDC,BOLL,15m,"{""window"": 20, ""window_dev"": 2}",flat,"{""sl_pct"": 3.0, ""tp_pct"": 6.0}",94,27.66,-55.4,-62.18,-2.637,0.592,5.682,-3.246
ETHUSDC,BOLL,15m,"{""window"": 20, ""window_dev"": 2}",atr,"{""atr_window"": 14, ""sl_mult"": 1.0, ""tp_mult"": 2.0}",568,29.93,-85.34,-85.39,-13.217,0.396,0.644,-0.753
ETHUSDC,BOLL,15m,"{""window"": 20, ""window_dev"": 2}",atr,"{""atr_window"": 14, ""sl_mult"": 1.5, ""tp_mult"": 3.0}",461,33.41,-76.92,-77.22,-7.344,0.531,1.082,-1.01
ETHUSDC,BOLL,15m,"{""window"": 20, ""window_dev"": 2}",atr,"{""atr_window"": 14, ""sl_mult"": 2.0, ""tp_mult"": 4.0}",366,33.61,-69.7,-70.09,-4.881,0.614,1.586,-1.275
ETHUSDC,BOLL,15m,"{""window"": 20, ""window_dev"": 2.5}",flat,"{""sl_pct"": 2.0, ""tp_pct"": 4.0}",117,29.91,-48.78,-54.94,-2.976,0.616,3.589,-2.294
ETHUSDC,BOLL,15m,"{""window"": 20, ""window_dev"": 2.5}",flat,"{""sl_pct"": 1.0, ""tp_pct"": 2.0}",207,32.85,-49.55,-51.57,-4.239,0.579,1.675,-1.297
ETHUSDC,BOLL,15m,"{""window"": 20, ""window_dev"": 2.5}",flat,"{""sl_pct"": 3.0, ""tp_pct"": 6.0}",76,30.26,-42.5,-51.6,-1.796,0.645,5.453,-3.291
ETHUSDC,BOLL,15m,"{""window"": 20, ""window_dev"": 2.5}",atr,"{""atr_window"": 14, ""sl_mult"": 1.0, ""tp_mult"": 2.0}",294,27.55,-67.01,-67.01,-10.77,0.312,0.579,-0.737
ETHUSDC,BOLL,15m,"{""window"": 20, ""window_dev"": 2.5}",atr,"{""atr_window"": 14, ""sl_mult"": 1.5, ""tp_mult"": 3.0}",261,30.27,-62.67,-62.81,-6.986,0.455,1.01,-0.971
ETHUSDC,BOLL,15m,"{""window"": 20, ""window_dev"": 2.5}",atr,"{""atr_window"": 14, ""sl_mult"": 2.0, ""tp_mult"": 4.0}",229,32.75,-54.41,-55.61,-4.642,0.556,1.441,-1.197
ETHUSDC,MOM,15m,"{""window"": 5, ""buy_threshold"": 2, ""sell_threshold"": -2}",flat,"{""sl_pct"": 2.0, ""tp_pct"": 4.0}",82,29.27,-37.9,-43.37,-2.464,0.642,3.688,-2.294
ETHUSDC,MOM,15m,"{""window"": 5, ""buy_threshold"": 2, ""sell_threshold"": -2}",flat,"{""sl_pct"": 1.0, ""tp_pct"": 2.0}",100,33.0,-27.38,-28.91,-3.275,0.639,1.694,-1.297
ETHUSDC,MOM,15m,"{""window"": 5, ""buy_threshold"": 2, ""sell_threshold"": -2}",flat,"{""sl_pct"": 3.0, ""tp_pct"": 6.0}",57,24.56,-48.57,-52.91,-2.643,0.521,5.682,-3.291
ETHUSDC,MOM,15m,"{""window"": 5, ""buy_threshold"": 2, ""sell_threshold"": -2}",atr,"{""atr_window"": 14, ""sl_mult"": 1.0, ""tp_mult"": 2.0}",107,32.71,-32.63,-34.25,-3.908,0.523,1.217,-1.128
ETHUSDC,MOM,15m,"{""window"": 5, ""buy_threshold"": 2, ""sell_threshold"": -2}",atr,"{""atr_window"": 14, ""sl_mult"": 1.5, ""tp_mult"": 3.0}",92,32.61,-31.38,-32.72,-2.68,0.615,2.01,-1.554
ETHUSDC,MOM,15m,"{""window"": 5, ""buy_threshold"": 2, ""sell_threshold"": -2}",atr,"{""atr_window"": 14, ""sl_mult"": 2.0, ""tp_mult"": 4.0}",88,23.86,-54.99,-56.24,-5.153,0.386,2.644,-1.983
ETHUSDC,MOM,15m,"{""window"": 5, ""buy_threshold"": 3, ""sell_threshold"": -3}",flat,"{""sl_pct"": 2.0, ""tp_pct"": 4.0}",27,40.74,2.76,-12.29,0.368,1.074,3.688,-2.294
ETHUSDC,MOM,15m,"{""window"": 5, ""buy_threshold"": 3, ""sell_threshold"": -3}",flat,"{""sl_pct"": 1.0, ""tp_pct"": 2.0}",32,37.5,-5.76,-11.69,-1.121,0.778,1.694,-1.297
ETHUSDC,MOM,15m,"{""window"": 5, ""buy_threshold"": 3, ""sell_threshold"": -3}",flat,"{""sl_pct"": 3.0, ""tp_pct"": 6.0}",24,37.5,-0.45,-17.49,0.13,0.991,5.682,-3.291
ETHUSDC,MOM,15m,"{""window"": 5, ""buy_threshold"": 3, ""sell_threshold"": -3}",atr,"{""atr_window"": 14, ""sl_mult"": 1.0, ""tp_mult"": 2.0}",37,40.54,-4.09,-12.22,-0.55,0.85,1.523,-1.21
ETHUSDC,MOM,15m,"{""window"": 5, ""buy_threshold"": 3, ""sell_threshold"": -3}",atr,"{""atr_window"": 14, ""sl_mult"": 1.5, ""tp_mult"": 3.0}",31,38.71,-1.46,-13.99,-0.102,0.956,2.568,-1.658
ETHUSDC,MOM,15m,"{""window"": 5, ""buy_threshold"": 3, ""sell_threshold"": -3}",atr,"{""atr_window"": 14, ""sl_mult"": 2.0, ""tp_mult"": 4.0}",28,32.14,-8.77,-17.4,-0.853,0.778,3.523,-2.089
ETHUSDC,MOM,15m,"{""window"": 5, ""buy_threshold"": 5, ""sell_threshold"": -5}",flat,"{""sl_pct"": 2.0, ""tp_pct"": 4.0}",5,20.0,-5.5,-9.03,-1.386,0.396,3.688,-2.294
ETHUSDC,MOM,15m,"{""window"": 5, ""buy_threshold"": 5, ""sell_threshold"": -5}",flat,"{""sl_pct"": 1.0, ""tp_pct"": 2.0}",6,33.33,-1.84,-3.84,-0.638,0.647,1.694,-1.297
ETHUSDC,MOM,15m,"{""window"": 5, ""buy_threshold"": 5, ""sell_threshold"": -5}",flat,"{""sl_pct"": 3.0, ""tp_pct"": 6.0}",5,20.0,-7.56,-11.79,-1.315,0.421,5.682,-3.291
ETHUSDC,MOM,15m,"{""window"": 5, ""buy_threshold"": 5, ""sell_threshold"": -5}",atr,"{""atr_window"": 14, ""sl_mult"": 1.0, ""tp_mult"": 2.0}",6,33.33,-0.12,-4.59,0.008,0.979,2.793,-1.392
ETHUSDC,MOM,15m,"{""window"": 5, ""buy_threshold"": 5, ""sell_threshold"": -5}",atr,"{""atr_window"": 14, ""sl_mult"": 1.5, ""tp_mult"": 3.0}",5,40.0,2.5,-4.59,0.512,1.411,4.339,-1.974
ETHUSDC,MOM,15m,"{""window"": 5, ""buy_threshold"": 5, ""sell_threshold"": -5}",atr,"{""atr_window"": 14, ""sl_mult"": 2.0, ""tp_mult"": 4.0}",5,20.0,-1.46,-8.35,-0.145,0.851,8.625,-2.405
ETHUSDC,MOM,15m,"{""window"": 10, ""buy_threshold"": 2, ""sell_threshold"": -2}",flat,"{""sl_pct"": 2.0, ""tp_pct"": 4.0}",90,30.0,-38.36,-43.03,-2.38,0.672,3.688,-2.294
ETHUSDC,MOM,15m,"{""window"": 10, ""buy_threshold"": 2, ""sell_threshold"": -2}",flat,"{""sl_pct"": 1.0, ""tp_pct"": 2.0}",133,33.83,-32.45,-39.76,-3.011,0.67,1.694,-1.297
ETHUSDC,MOM,15m,"{""window"": 10, ""buy_threshold"": 2, ""sell_threshold"": -2}",flat,"{""sl_pct"": 3.0, ""tp_pct"": 6.0}",59,25.42,-46.53,-49.8,-2.428,0.576,5.682,-3.252
ETHUSDC,MOM,15m,"{""window"": 10, ""buy_threshold"": 2, ""sell_threshold"": -2}",atr,"{""atr_window"": 14, ""sl_mult"": 1.0, ""tp_mult"": 2.0}",153,35.95,-33.36,-38.88,-4.197,0.63,1.147,-1.048
ETHUSDC,MOM,15m,"{""window"": 10, ""buy_threshold"": 2, ""sell_threshold"": -2}",atr,"{""atr_window"": 14, ""sl_mult"": 1.5, ""tp_mult"": 3.0}",123,34.15,-35.06,-39.55,-3.26,0.633,1.754,-1.423
ETHUSDC,MOM,15m,"{""window"": 10, ""buy_threshold"": 2, ""sell_threshold"": -2}",atr,"{""atr_window"": 14, ""sl_mult"": 2.0, ""tp_mult"": 4.0}",101,28.71,-47.22,-52.67,-3.704,0.51,2.35,-1.803
ETHUSDC,MOM,15m,"{""window"": 10, ""buy_threshold"": 3, ""sell_threshold"": -3}",flat,"{""sl_pct"": 2.0, ""tp_pct"": 4.0}",45,31.11,-19.12,-33.45,-1.434,0.717,3.688,-2.294
ETHUSDC,MOM,15m,"{""window"": 10, ""buy_threshold"": 3, ""sell_threshold"": -3}",flat,"{""sl_pct"": 1.0, ""tp_pct"": 2.0}",61,40.98,-4.85,-13.64,-0.522,0.896,1.694,-1.297
ETHUSDC,MOM,15m,"{""window"": 10, ""buy_threshold"": 3, ""sell_threshold"": -3}",flat,"{""sl_pct"": 3.0, ""tp_pct"": 6.0}",32,31.25,-16.76,-25.81,-0.842,0.744,5.682,-3.291
ETHUSDC,MOM,15m,"{""window"": 10, ""buy_threshold"": 3, ""sell_threshold"": -3}",atr,"{""atr_window"": 14, ""sl_mult"": 1.0, ""tp_mult"": 2.0}",68,39.71,-15.5,-17.86,-2.989,0.653,1.153,-1.158
ETHUSDC,MOM,15m,"{""window"": 10, ""buy_threshold"": 3, ""sell_threshold"": -3}",atr,"{""atr_window"": 14, ""sl_mult"": 1.5, ""tp_mult"": 3.0}",54,44.44,1.79,-14.9,0.281,1.036,2.027,-1.53
ETHUSDC,MOM,15m,"{""window"": 10, ""buy_threshold"": 3, ""sell_threshold"": -3}",atr,"{""atr_window"": 14, ""sl_mult"": 2.0, ""tp_mult"": 4.0}",48,31.25,-25.04,-28.56,-2.355,0.576,2.519,-1.978
ETHUSDC,MOM,15m,"{""window"": 10, ""buy_threshold"": 5, ""sell_threshold"": -5}",flat,"{""sl_pct"": 2.0, ""tp_pct"": 4.0}",10,0.0,-20.71,-21.46,-3.944,0.0,,-2.294
ETHUSDC,MOM,15m,"{""window"": 10, ""buy_threshold"": 5, ""sell_threshold"": -5}",flat,"{""sl_pct"": 1.0, ""tp_pct"": 2.0}",13,0.0,-15.6,-16.41,-3.91,0.0,,-1.297
ETHUSDC,MOM,15m,"{""window"": 10, ""buy_threshold"": 5, ""sell_threshold"": -5}",flat,"{""sl_pct"": 3.0, ""tp_pct"": 6.0}",10,10.0,-21.8,-24.41,-3.197,0.201,5.682,-3.291
ETHUSDC,MOM,15m,"{""window"": 10, ""buy_threshold"": 5, ""sell_threshold"": -5}",atr,"{""atr_window"": 14, ""sl_mult"": 1.0, ""tp_mult"": 2.0}",14,7.14,-15.26,-16.07,-3.445,0.064,1.197,-1.355
ETHUSDC,MOM,15m,"{""window"": 10, ""buy_threshold"": 5, ""sell_threshold"": -5}",atr,"{""atr_window"": 14, ""sl_mult"": 1.5, ""tp_mult"": 3.0}",10,10.0,-9.39,-11.93,-2.287,0.373,5.755,-1.702
ETHUSDC,MOM,15m,"{""window"": 10, ""buy_threshold"": 5, ""sell_threshold"": -5}",atr,"{""atr_window"": 14, ""sl_mult"": 2.0, ""tp_mult"": 4.0}",9,11.11,-9.15,-14.16,-1.244,0.45,7.773,-2.111
ETHUSDC,RSI,1h,"{""window"": 10, ""buy_threshold"": 20, ""sell_threshold"": 70}",flat,"{""sl_pct"": 2.0, ""tp_pct"": 4.0}",62,20.97,-48.63,-54.32,-2.863,0.416,3.688,-2.294
ETHUSDC,RSI,1h,"{""window"": 10, ""buy_threshold"": 20, ""sell_threshold"": 70}",flat,"{""sl_pct"": 1.0, ""tp_pct"": 2.0}",72,34.72,-17.58,-19.56,-1.446,0.687,1.694,-1.297
ETHUSDC,RSI,1h,"{""window"": 10, ""buy_threshold"": 20, ""sell_threshold"": 70}",flat,"{""sl_pct"": 3.0, ""tp_pct"": 6.0}",50,18.0,-58.29,-62.74,-2.87,0.399,5.682,-3.291
ETHUSDC,RSI,1h,"{""window"": 10, ""buy_threshold"": 20, ""sell_threshold"": 70}",atr,"{""atr_window"": 14, ""sl_mult"": 1.0, ""tp_mult"": 2.0}",71,29.58,-27.12,-32.28,-1.838,0.589,2.117,-1.498
ETHUSDC,RSI,1h,"{""window"": 10, ""buy_threshold"": 20, ""sell_threshold"": 70}",atr,"{""atr_window"": 14, ""sl_mult"": 1.5, ""tp_mult"": 3.0}",66,28.79,-30.81,-41.4,-1.532,0.648,3.427,-2.114
ETHUSDC,RSI,1h,"{""window"": 10, ""buy_threshold"": 20, ""sell_threshold"": 70}",atr,"{""atr_window"": 14, ""sl_mult"": 2.0, ""tp_mult"": 4.0}",58,24.14,-39.16,-47.63,-1.451,0.574,4.845,-2.583
ETHUSDC,RSI,1h,"{""window"": 10, ""buy_threshold"": 20, ""sell_threshold"": 80}",flat,"{""sl_pct"": 2.0, ""tp_pct"": 4.0}",62,20.97,-48.63,-54.32,-2.863,0.416,3.688,-2.294
ETHUSDC,RSI,1h,"{""window"": 10, ""buy_threshold"": 20, ""sell_threshold"": 80}",flat,"{""sl_pct"": 1.0, ""tp_pct"": 2.0}",72,34.72,-17.58,-19.56,-1.446,0.687,1.694,-1.297
ETHUSDC,RSI,1h,"{""window"": 10, ""buy_threshold"": 20, ""sell_threshold"": 80}",flat,"{""sl_pct"": 3.0, ""tp_pct"": 6.0}",50,18.0,-58.29,-62.74,-2.87,0.399,5.682,-3.291
ETHUSDC,RSI,1h,"{""window"": 10, ""buy_threshold"": 20, ""sell_threshold"": 80}",atr,"{""atr_window"": 14, ""sl_mult"": 1.0, ""tp_mult"": 2.0}",71,29.58,-27.12,-32.28,-1.838,0.589,2.117,-1.498
ETHUSDC,RSI,1h,"{""window"": 10, ""buy_threshold"": 20, ""sell_threshold"": 80}",atr,"{""atr_window"": 14, ""sl_mult"": 1.5, ""tp_mult"": 3.0}",66,28.79,-30.81,-41.4,-1.532,0.648,3.427,-2.114
ETHUSDC,RSI,1h,"{""window"": 10, ""buy_threshold"": 20, ""sell_threshold"": 80}",atr,"{""atr_window"": 14, ""sl_mult"": 2.0, ""tp_mult"": 4.0}",58,24.14,-39.16,-47.63,-1.451,0.574,4.845,-2.583
ETHUSDC,RSI,1h,"{""window"": 10, ""buy_threshold"": 30, ""sell_threshold"": 70}",flat,"{""sl_pct"": 2.0, ""tp_pct"": 4.0}",173,28.32,-66.79,-75.3,-2.54,0.584,3.688,-2.294
ETHUSDC,RSI,1h,"{""window"": 10, ""buy_threshold"": 30, ""sell_threshold"": 70}",flat,"{""sl_pct"": 1.0, ""tp_pct"": 2.0}",269,31.6,-62.21,-66.84,-3.56,0.577,1.694,-1.297
ETHUSDC,RSI,1h,"{""window"": 10, ""buy_threshold"": 30, ""sell_threshold"": 70}",flat,"{""sl_pct"": 3.0, ""tp_pct"": 6.0}",124,27.42,-67.14,-77.12,-2.092,0.601,5.682,-3.27
ETHUSDC,RSI,1h,"{""window"": 10, ""buy_threshold"": 30, ""sell_threshold"": 70}",atr,"{""atr_window"": 14, ""sl_mult"": 1.0, ""tp_mult"": 2.0}",256,33.2,-60.05,-68.62,-3.042,0.628,1.828,-1.424
ETHUSDC,RSI,1h,"{""window"": 10, ""buy_threshold"": 30, ""sell_threshold"": 70}",atr,"{""atr_window"": 14, ""sl_mult"": 1.5, ""tp_mult"": 3.0}",195,28.21,-73.44,-76.83,-3.344,0.529,2.8,-2.006
ETHUSDC,RSI,1h,"{""window"": 10, ""buy_threshold"": 30, ""sell_threshold"": 70}",atr,"{""atr_window"": 14, ""sl_mult"": 2.0, ""tp_mult"": 4.0}",157,29.3,-63.71,-72.07,-2.079,0.624,4.132,-2.547
ETHUSDC,RSI,1h,"{""window"": 10, ""buy_threshold"": 30, ""sell_threshold"": 80}",flat,"{""sl_pct"": 2.0, ""tp_pct"": 4.0}",173,28.32,-66.79,-75.3,-2.54,0.584,3.688,-2.294
ETHUSDC,RSI,1h,"{""window"": 10, ""buy_threshold"": 30, ""sell_threshold"": 80}",flat,"{""sl_pct"": 1.0, ""tp_pct"": 2.0}",269,31.6,-62.21,-66.84,-3.56,0.577,1.694,-1.297
ETHUSDC,RSI,1h,"{""window"": 10, ""buy_threshold"": 30, ""sell_threshold"": 80}",flat,"{""sl_pct"": 3.0, ""tp_pct"": 6.0}",124,27.42,-67.14,-77.12,-2.092,0.601,5.682,-3.27
ETHUSDC,RSI,1h,"{""window"": 10, ""buy_threshold"": 30, ""sell_threshold"": 80}",atr,"{""atr_window"": 14, ""sl_mult"": 1.0, ""tp_mult"": 2.0}",256,33.2,-60.05,-68.62,-3.042,0.628,1.828,-1.424
ETHUSDC,RSI,1h,"{""window"": 10, ""buy_threshold"": 30, ""sell_threshold"": 80}",atr,"{""atr_window"": 14, ""sl_mult"": 1.5, ""tp_mult"": 3.0}",195,28.21,-73.44,-76.83,-3.344,0.529,2.8,-2.006
ETHUSDC,RSI,1h,"{""window"": 10, ""buy_threshold"": 30, ""sell_threshold"": 80}",atr,"{""atr_window"": 14, ""sl_mult"": 2.0, ""tp_mult"": 4.0}",157,29.3,-63.71,-72.07,-2.079,0.624,4.132,-2.547
ETHUSDC,RSI,1h,"{""window"": 14, ""buy_threshold"": 20, ""sell_threshold"": 70}",flat,"{""sl_pct"": 2.0, ""tp_pct"": 4.0}",27,22.22,-23.66,-26.37,-1.801,0.423,3.688,-2.294
ETHUSDC,RSI,1h,"{""window"": 14, ""buy_threshold"": 20, ""sell_threshold"": 70}",flat,"{""sl_pct"": 1.0, ""tp_pct"": 2.0}",31,38.71,-4.53,-11.73,-0.419,0.806,1.694,-1.297
ETHUSDC,RSI,1h,"{""window"": 14, ""buy_threshold"": 20, ""sell_threshold"": 70}",flat,"{""sl_pct"": 3.0, ""tp_pct"": 6.0}",24,25.0,-23.71,-27.81,-1.321,0.537,5.682,-3.291
ETHUSDC,RSI,1h,"{""window"": 14, ""buy_threshold"": 20, ""sell_threshold"": 70}",atr,"{""atr_window"": 14, ""sl_mult"": 1.0, ""tp_mult"": 2.0}",31,38.71,-6.04,-16.14,-0.44,0.788,2.057,-1.595
ETHUSDC,RSI,1h,"{""window"": 14, ""buy_threshold"": 20, ""sell_threshold"": 70}",atr,"{""atr_window"": 14, ""sl_mult"": 1.5, ""tp_mult"": 3.0}",29,31.03,-12.81,-23.76,-0.767,0.681,3.502,-2.199
ETHUSDC,RSI,1h,"{""window"": 14, ""buy_threshold"": 20, ""sell_threshold"": 70}",atr,"{""atr_window"": 14, ""sl_mult"": 2.0, ""tp_mult"": 4.0}",26,23.08,-12.14,-20.6,-0.431,0.744,6.745,-2.551
ETHUSDC,RSI,1h,"{""window"": 14, ""buy_threshold"": 20, ""sell_threshold"": 80}",flat,"{""sl_pct"": 2.0, ""tp_pct"": 4.0}",27,22.22,-23.66,-26.37,-1.801,0.423,3.688,-2.294
ETHUSDC,RSI,1h,"{""window"": 14, ""buy_threshold"": 20, ""sell_threshold"": 80}",flat,"{""sl_pct"": 1.0, ""tp_pct"": 2.0}",31,38.71,-4.53,-11.73,-0.419,0.806,1.694,-1.297
ETHUSDC,RSI,1h,"{""window"": 14, ""buy_threshold"": 20, ""sell_threshold"": 80}",flat,"{""sl_pct"": 3.0, ""tp_pct"": 6.0}",24,25.0,-23.71,-27.81,-1.321,0.537,5.682,-3.291
ETHUSDC,RSI,1h,"{""window"": 14, ""buy_threshold"": 20, ""sell_threshold"": 80}",atr,"{""atr_window"": 14, ""sl_mult"": 1.0, ""tp_mult"": 2.0}",31,38.71,-6.04,-16.14,-0.44,0.788,2.057,-1.595
ETHUSDC,RSI,1h,"{""window"": 14, ""buy_threshold"": 20, ""sell_threshold"": 80}",atr,"{""atr_window"": 14, ""sl_mult"": 1.5, ""tp_mult"": 3.0}",29,31.03,-12.81,-23.76,-0.767,0.681,3.502,-2.199
ETHUSDC,RSI,1h,"{""window"": 14, ""buy_threshold"": 20, ""sell_threshold"": 80}",atr,"{""atr_window"": 14, ""sl_mult"": 2.0, ""tp_mult"": 4.0}",26,23.08,-12.14,-20.6,-0.431,0.744,6.745,-2.551
ETHUSDC,RSI,1h,"{""window"": 14, ""buy_threshold"": 30, ""sell_threshold"": 70}",flat,"{""sl_pct"": 2.0, ""tp_pct"": 4.0}",124,23.39,-67.86,-71.34,-3.109,0.459,3.688,-2.274
ETHUSDC,RSI,1h,"{""window"": 14, ""buy_threshold"": 30, ""sell_threshold"": 70}",flat,"{""sl_pct"": 1.0, ""tp_pct"": 2.0}",182,33.52,-42.54,-48.77,-2.425,0.649,1.694,-1.297
ETHUSDC,RSI,1h,"{""window"": 14, ""buy_threshold"": 30, ""sell_threshold"": 70}",flat,"{""sl_pct"": 3.0, ""tp_pct"": 6.0}",95,29.47,-52.18,-59.13,-1.441,0.68,5.522,-3.291
ETHUSDC,RSI,1h,"{""window"": 14, ""buy_threshold"": 30, ""sell_threshold"": 70}",atr,"{""atr_window"": 14, ""sl_mult"": 1.0, ""tp_mult"": 2.0}",167,34.13,-44.85,-53.2,-2.157,0.647,1.892,-1.498
ETHUSDC,RSI,1h,"{""window"": 14, ""buy_threshold"": 30, ""sell_threshold"": 70}",atr,"{""atr_window"": 14, ""sl_mult"": 1.5, ""tp_mult"": 3.0}",136,28.68,-57.55,-62.36,-2.27,0.567,3.078,-2.074
ETHUSDC,RSI,1h,"{""window"": 14, ""buy_threshold"": 30, ""sell_threshold"": 70}",atr,"{""atr_window"": 14, ""sl_mult"": 2.0, ""tp_mult"": 4.0}",114,27.19,-59.23,-64.82,-1.953,0.587,4.32,-2.613
ETHUSDC,RSI,1h,"{""window"": 14, ""buy_threshold"": 30, ""sell_threshold"": 80}",flat,"{""sl_pct"": 2.0, ""tp_pct"": 4.0}",124,23.39,-67.86,-71.34,-3.109,0.459,3.688,-2.274
ETHUSDC,RSI,1h,"{""window"": 14, ""buy_threshold"": 30, ""sell_threshold"": 80}",flat,"{""sl_pct"": 1.0, ""tp_pct"": 2.0}",182,33.52,-42.54,-48.77,-2.425,0.649,1.694,-1.297
ETHUSDC,RSI,1h,"{""window"": 14, ""buy_threshold"": 30, ""sell_threshold"": 80}",flat,"{""sl_pct"": 3.0, ""tp_pct"": 6.0}",95,29.47,-52.18,-59.13,-1.441,0.68,5.522,-3.291
ETHUSDC,RSI,1h,"{""window"": 14, ""buy_threshold"": 30, ""sell_threshold"": 80}",atr,"{""atr_window"": 14, ""sl_mult"": 1.0, ""tp_mult"": 2.0}",167,34.13,-44.85,-53.2,-2.157,0.647,1.892,-1.498
ETHUSDC,RSI,1h,"{""window"": 14, ""buy_threshold"": 30, ""sell_threshold"": 80}",atr,"{""atr_window"": 14, ""sl_mult"": 1.5, ""tp_mult"": 3.0}",136,28.68,-57.55,-62.36,-2.27,0.567,3.078,-2.074
ETHUSDC,RSI,1h,"{""window"": 14, ""buy_threshold"": 30, ""sell_threshold"": 80}",atr,"{""atr_window"": 14, ""sl_mult"": 2.0, ""tp_mult"": 4.0}",114,27.19,-59.23,-64.82,-1.953,0.587,4.32,-2.613
ETHUSDC,EMA,1h,"{""short_span"": 5, ""long_span"": 20}",flat,"{""sl_pct"": 2.0, ""tp_pct"": 4.0}",139,34.53,-33.52,-43.49,-1.01,0.8,3.613,-2.294
ETHUSDC,EMA,1h,"{""short_span"": 5, ""long_span"": 20}",flat,"{""sl_pct"": 1.0, ""tp_pct"": 2.0}",220,34.55,-46.11,-49.07,-2.92,0.669,1.673,-1.297
ETHUSDC,EMA,1h,"{""short_span"": 5, ""long_span"": 20}",flat,"{""sl_pct"": 3.0, ""tp_pct"": 6.0}",99,33.33,-35.53,-52.78,-0.817,0.797,5.513,-3.291
ETHUSDC,EMA,1h,"{""short_span"": 5, ""long_span"": 20}",atr,"{""atr_window"": 14, ""sl_mult"": 1.0, ""tp_mult"": 2.0}",235,34.47,-51.28,-54.75,-3.202,0.623,1.454,-1.217
ETHUSDC,EMA,1h,"{""short_span"": 5, ""long_span"": 20}",atr,"{""atr_window"": 14, ""sl_mult"": 1.5, ""tp_mult"": 3.0}",188,35.11,-43.78,-50.37,-1.803,0.735,2.355,-1.712
ETHUSDC,EMA,1h,"{""short_span"": 5, ""long_span"": 20}",atr,"{""atr_window"": 14, ""sl_mult"": 2.0, ""tp_mult"": 4.0}",140,39.29,-13.92,-38.22,-0.229,0.921,3.355,-2.277
ETHUSDC,EMA,1h,"{""short_span"": 9, ""long_span"": 21}",flat,"{""sl_pct"": 2.0, ""tp_pct"": 4.0}",125,35.2,-27.44,-44.66,-0.861,0.817,3.607,-2.294
ETHUSDC,EMA,1h,"{""short_span"": 9, ""long_span"": 21}",flat,"{""sl_pct"": 1.0, ""tp_pct"": 2.0}",173,34.1,-40.07,-43.41,-2.63,0.642,1.668,-1.297
ETHUSDC,EMA,1h,"{""short_span"": 9, ""long_span"": 21}",flat,"{""sl_pct"": 3.0, ""tp_pct"": 6.0}",92,33.7,-31.0,-50.45,-0.706,0.818,5.538,-3.291
ETHUSDC,EMA,1h,"{""short_span"": 9, ""long_span"": 21}",atr,"{""atr_window"": 14, ""sl_mult"": 1.0, ""tp_mult"": 2.0}",184,31.52,-49.87,-50.75,-3.603,0.551,1.455,-1.204
ETHUSDC,EMA,1h,"{""short_span"": 9, ""long_span"": 21}",atr,"{""atr_window"": 14, ""sl_mult"": 1.5, ""tp_mult"": 3.0}",155,34.19,-41.15,-49.43,-1.815,0.694,2.318,-1.692
ETHUSDC,EMA,1h,"{""short_span"": 9, ""long_span"": 21}",atr,"{""atr_window"": 14, ""sl_mult"": 2.0, ""tp_mult"": 4.0}",126,35.71,-26.98,-46.96,-0.816,0.817,3.399,-2.213
ETHUSDC,EMA,1h,"{""short_span"": 12, ""long_span"": 26}",flat,"{""sl_pct"": 2.0, ""tp_pct"": 4.0}",107,33.64,-27.61,-41.23,-0.976,0.797,3.688,-2.265
ETHUSDC,EMA,1h,"{""short_span"": 12, ""long_span"": 26}",flat,"{""sl_pct"": 1.0, ""tp_pct"": 2.0}",133,35.34,-27.56,-40.1,-1.929,0.685,1.694,-1.285
ETHUSDC,EMA,1h,"{""short_span"": 12, ""long_span"": 26}",flat,"{""sl_pct"": 3.0, ""tp_pct"": 6.0}",78,37.18,-7.96,-39.31,-0.029,0.95,5.518,-3.291
ETHUSDC,EMA,1h,"{""short_span"": 12, ""long_span"": 26}",atr,"{""atr_window"": 14, ""sl_mult"": 1.0, ""tp_mult"": 2.0}",137,34.31,-38.12,-44.84,-2.967,0.554,1.403,-1.252
ETHUSDC,EMA,1h,"{""short_span"": 12, ""long_span"": 26}",atr,"{""atr_window"": 14, ""sl_mult"": 1.5, ""tp_mult"": 3.0}",130,34.62,-40.09,-48.91,-2.119,0.641,2.208,-1.74
ETHUSDC,EMA,1h,"{""short_span"": 12, ""long_span"": 26}",atr,"{""atr_window"": 14, ""sl_mult"": 2.0, ""tp_mult"": 4.0}",109,39.45,-7.2,-35.83,-0.098,0.947,3.307,-2.2
ETHUSDC,EMA,1h,"{""short_span"": 5, ""long_span"": 13}",flat,"{""sl_pct"": 2.0, ""tp_pct"": 4.0}",168,31.55,-54.31,-60.24,-1.894,0.696,3.622,-2.294
ETHUSDC,EMA,1h,"{""short_span"": 5, ""long_span"": 13}",flat,"{""sl_pct"": 1.0, ""tp_pct"": 2.0}",268,33.58,-56.22,-57.86,-3.509,0.639,1.677,-1.297
ETHUSDC,EMA,1h,"{""short_span"": 5, ""long_span"": 13}",flat,"{""sl_pct"": 3.0, ""tp_pct"": 6.0}",111,31.53,-47.88,-59.27,-1.148,0.733,5.555,-3.291
ETHUSDC,EMA,1h,"{""short_span"": 5, ""long_span"": 13}",atr,"{""atr_window"": 14, ""sl_mult"": 1.0, ""tp_mult"": 2.0}",286,35.31,-57.43,-59.15,-3.423,0.653,1.469,-1.248
ETHUSDC,EMA,1h,"{""short_span"": 5, ""long_span"": 13}",atr,"{""atr_window"": 14, ""sl_mult"": 1.5, ""tp_mult"": 3.0}",207,36.23,-43.21,-50.38,-1.513,0.756,2.457,-1.786
ETHUSDC,EMA,1h,"{""short_span"": 5, ""long_span"": 13}",atr,"{""atr_window"": 14, ""sl_mult"": 2.0, ""tp_mult"": 4.0}",173,34.68,-42.05,-53.37,-1.204,0.788,3.542,-2.294
ETHUSDC,MACD,1h,"{""fast"": 12, ""slow"": 26, ""signal"": 9}",flat,"{""sl_pct"": 2.0, ""tp_pct"": 4.0}",192,30.21,-62.89,-69.96,-2.315,0.662,3.688,-2.281
ETHUSDC,MACD,1h,"{""fast"": 12, ""slow"": 26, ""signal"": 9}",flat,"{""sl_pct"": 1.0, ""tp_pct"": 2.0}",283,31.1,-65.99,-66.97,-4.503,0.615,1.68,-1.297
ETHUSDC,MACD,1h,"{""fast"": 12, ""slow"": 26, ""signal"": 9}",flat,"{""sl_pct"": 3.0, ""tp_pct"": 6.0}",124,27.42,-66.87,-74.03,-2.088,0.627,5.682,-3.261
ETHUSDC,MACD,1h,"{""fast"": 12, ""slow"": 26, ""signal"": 9}",atr,"{""atr_window"": 14, ""sl_mult"": 1.0, ""tp_mult"": 2.0}",295,30.85,-69.13,-69.97,-4.311,0.576,1.604,-1.275
ETHUSDC,MACD,1h,"{""fast"": 12, ""slow"": 26, ""signal"": 9}",atr,"{""atr_window"": 14, ""sl_mult"": 1.5, ""tp_mult"": 3.0}",254,29.92,-75.64,-76.82,-3.623,0.592,2.537,-1.84
ETHUSDC,MACD,1h,"{""fast"": 12, ""slow"": 26, ""signal"": 9}",atr,"{""atr_window"": 14, ""sl_mult"": 2.0, ""tp_mult"": 4.0}",176,28.98,-64.29,-70.38,-1.869,0.671,3.961,-2.367
ETHUSDC,MACD,1h,"{""fast"": 5, ""slow"": 35, ""signal"": 5}",flat,"{""sl_pct"": 2.0, ""tp_pct"": 4.0}",253,29.64,-75.24,-81.8,-2.706,0.678,3.688,-2.284
ETHUSDC,MACD,1h,"{""fast"": 5, ""slow"": 35, ""signal"": 5}",flat,"{""sl_pct"": 1.0, ""tp_pct"": 2.0}",432,32.87,-75.64,-79.97,-4.45,0.659,1.685,-1.297
ETHUSDC,MACD,1h,"{""fast"": 5, ""slow"": 35, ""signal"": 5}",flat,"{""sl_pct"": 3.0, ""tp_pct"": 6.0}",163,28.22,-73.98,-81.11,-2.232,0.641,5.682,-3.269
ETHUSDC,MACD,1h,"{""fast"": 5, ""slow"": 35, ""signal"": 5}",atr,"{""atr_window"": 14, ""sl_mult"": 1.0, ""tp_mult"": 2.0}",451,31.71,-82.99,-85.44,-4.952,0.621,1.612,-1.307
ETHUSDC,MACD,1h,"{""fast"": 5, ""slow"": 35, ""signal"": 5}",atr,"{""atr_window"": 14, ""sl_mult"": 1.5, ""tp_mult"": 3.0}",339,33.04,-75.16,-80.12,-2.814,0.711,2.574,-1.844
ETHUSDC,MACD,1h,"{""fast"": 5, ""slow"": 35, ""signal"": 5}",atr,"{""atr_window"": 14, ""sl_mult"": 2.0, ""tp_mult"": 4.0}",217,29.49,-75.54,-81.14,-2.304,0.666,3.799,-2.438
ETHUSDC,MACD,1h,"{""fast"": 8, ""slow"": 21, ""signal"": 5}",flat,"{""sl_pct"": 2.0, ""tp_pct"": 4.0}",233,30.47,-69.01,-76.77,-2.428,0.708,3.688,-2.284
ETHUSDC,MACD,1h,"{""fast"": 8, ""slow"": 21, ""signal"": 5}",flat,"{""sl_pct"": 1.0, ""tp_pct"": 2.0}",402,34.08,-68.96,-74.56,-3.844,0.697,1.685,-1.297
ETHUSDC,MACD,1h,"{""fast"": 8, ""slow"": 21, ""signal"": 5}",flat,"{""sl_pct"": 3.0, ""tp_pct"": 6.0}",158,27.22,-76.43,-82.22,-2.489,0.624,5.682,-3.268
ETHUSDC,MACD,1h,"{""fast"": 8, ""slow"": 21, ""signal"": 5}",atr,"{""atr_window"": 14, ""sl_mult"": 1.0, ""tp_mult"": 2.0}",420,33.1,-76.01,-80.14,-4.159,0.665,1.621,-1.292
ETHUSDC,MACD,1h,"{""fast"": 8, ""slow"": 21, ""signal"": 5}",atr,"{""atr_window"": 14, ""sl_mult"": 1.5, ""tp_mult"": 3.0}",317,32.18,-75.63,-79.83,-2.963,0.703,2.599,-1.851
ETHUSDC,MACD,1h,"{""fast"": 8, ""slow"": 21, ""signal"": 5}",atr,"{""atr_window"": 14, ""sl_mult"": 2.0, ""tp_mult"": 4.0}",210,30.95,-71.76,-77.27,-2.126,0.686,3.629,-2.426
ETHUSDC,MACD,1h,"{""fast"": 12, ""slow"": 26, ""signal"": 5}",flat,"{""sl_pct"": 2.0, ""tp_pct"": 4.0}",218,30.28,-67.33,-75.14,-2.458,0.693,3.688,-2.282
ETHUSDC,MACD,1h,"{""fast"": 12, ""slow"": 26, ""signal"": 5}",flat,"{""sl_pct"": 1.0, ""tp_pct"": 2.0}",343,31.78,-70.87,-73.16,-4.478,0.629,1.684,-1.297
ETHUSDC,MACD,1h,"{""fast"": 12, ""slow"": 26, ""signal"": 5}",flat,"{""sl_pct"": 3.0, ""tp_pct"": 6.0}",141,24.82,-79.5,-83.99,-2.785,0.539,5.682,-3.265
ETHUSDC,MACD,1h,"{""fast"": 12, ""slow"": 26, ""signal"": 5}",atr,"{""atr_window"": 14, ""sl_mult"": 1.0, ""tp_mult"": 2.0}",355,33.8,-69.23,-72.64,-3.731,0.643,1.592,-1.297
ETHUSDC,MACD,1h,"{""fast"": 12, ""slow"": 26, ""signal"": 5}",atr,"{""atr_window"": 14, ""sl_mult"": 1.5, ""tp_mult"": 3.0}",283,32.86,-68.17,-73.61,-2.539,0.727,2.619,-1.844
ETHUSDC,MACD,1h,"{""fast"": 12, ""slow"": 26, ""signal"": 5}",atr,"{""atr_window"": 14, ""sl_mult"": 2.0, ""tp_mult"": 4.0}",193,30.57,-65.96,-72.62,-1.823,0.7,3.864,-2.431
ETHUSDC,BOLL,1h,"{""window"": 14, ""window_dev"": 1.5}",flat,"{""sl_pct"": 2.0, ""tp_pct"": 4.0}",253,31.23,-68.61,-76.68,-2.237,0.709,3.688,-2.284
ETHUSDC,BOLL,1h,"{""window"": 14, ""window_dev"": 1.5}",flat,"{""sl_pct"": 1.0, ""tp_pct"": 2.0}",465,35.05,-70.26,-74.73,-3.296,0.697,1.688,-1.297
ETHUSDC,BOLL,1h,"{""window"": 14, ""window_dev"": 1.5}",flat,"{""sl_pct"": 3.0, ""tp_pct"": 6.0}",164,28.66,-74.48,-81.63,-2.122,0.639,5.576,-3.291
ETHUSDC,BOLL,1h,"{""window"": 14, ""window_dev"": 1.5}",atr,"{""atr_window"": 14, ""sl_mult"": 1.0, ""tp_mult"": 2.0}",469,34.97,-76.69,-79.34,-3.702,0.651,1.665,-1.354
ETHUSDC,BOLL,1h,"{""window"": 14, ""window_dev"": 1.5}",atr,"{""atr_window"": 14, ""sl_mult"": 1.5, ""tp_mult"": 3.0}",326,31.9,-80.65,-83.65,-3.236,0.622,2.621,-1.928
ETHUSDC,BOLL,1h,"{""window"": 14, ""window_dev"": 1.5}",atr,"{""atr_window"": 14, ""sl_mult"": 2.0, ""tp_mult"": 4.0}",230,32.17,-65.91,-72.6,-1.833,0.713,3.921,-2.473
ETHUSDC,BOLL,1h,"{""window"": 14, ""window_dev"": 2}",flat,"{""sl_pct"": 2.0, ""tp_pct"": 4.0}",193,26.94,-75.77,-79.21,-3.327,0.564,3.63,-2.294
ETHUSDC,BOLL,1h,"{""window"": 14, ""window_dev"": 2}",flat,"{""sl_pct"": 1.0, ""tp_pct"": 2.0}",282,32.62,-61.09,-64.35,-3.656,0.639,1.683,-1.297
ETHUSDC,BOLL,1h,"{""window"": 14, ""window_dev"": 2}",flat,"{""sl_pct"": 3.0, ""tp_pct"": 6.0}",131,30.53,-58.49,-67.41,-1.495,0.707,5.565,-3.291
ETHUSDC,BOLL,1h,"{""window"": 14, ""window_dev"": 2}",atr,"{""atr_window"": 14, ""sl_mult"": 1.0, ""tp_mult"": 2.0}",288,33.33,-66.07,-70.3,-3.681,0.595,1.599,-1.345
ETHUSDC,BOLL,1h,"{""window"": 14, ""window_dev"": 2}",atr,"{""atr_window"": 14, ""sl_mult"": 1.5, ""tp_mult"": 3.0}",228,28.95,-75.52,-77.07,-3.533,0.548,2.593,-1.889
ETHUSDC,BOLL,1h,"{""window"": 14, ""window_dev"": 2}",atr,"{""atr_window"": 14, ""sl_mult"": 2.0, ""tp_mult"": 4.0}",178,30.34,-64.53,-67.41,-2.153,0.665,3.775,-2.412
ETHUSDC,BOLL,1h,"{""window"": 14, ""window_dev"": 2.5}",flat,"{""sl_pct"": 2.0, ""tp_pct"": 4.0}",105,26.67,-53.81,-62.63,-2.555,0.518,3.688,-2.294
ETHUSDC,BOLL,1h,"{""window"": 14, ""window_dev"": 2.5}",flat,"{""sl_pct"": 1.0, ""tp_pct"": 2.0}",137,33.58,-33.94,-38.13,-2.375,0.651,1.694,-1.297
ETHUSDC,BOLL,1h,"{""window"": 14, ""window_dev"": 2.5}",flat,"{""sl_pct"": 3.0, ""tp_pct"": 6.0}",86,29.07,-50.57,-62.68,-1.673,0.614,5.495,-3.291
ETHUSDC,BOLL,1h,"{""window"": 14, ""window_dev"": 2.5}",atr,"{""atr_window"": 14, ""sl_mult"": 1.0, ""tp_mult"": 2.0}",136,31.62,-41.13,-45.75,-2.723,0.563,1.678,-1.328
ETHUSDC,BOLL,1h,"{""window"": 14, ""window_dev"": 2.5}",atr,"{""atr_window"": 14, ""sl_mult"": 1.5, ""tp_mult"": 3.0}",123,28.46,-53.9,-57.84,-2.953,0.516,2.542,-1.856
ETHUSDC,BOLL,1h,"{""window"": 14, ""window_dev"": 2.5}",atr,"{""atr_window"": 14, ""sl_mult"": 2.0, ""tp_mult"": 4.0}",111,27.93,-57.56,-62.99,-2.509,0.511,3.481,-2.361
ETHUSDC,BOLL,1h,"{""window"": 20, ""window_dev"": 1.5}",flat,"{""sl_pct"": 2.0, ""tp_pct"": 4.0}",244,29.92,-72.92,-77.82,-2.538,0.693,3.688,-2.284
ETHUSDC,BOLL,1h,"{""window"": 20, ""window_dev"": 1.5}",flat,"{""sl_pct"": 1.0, ""tp_pct"": 2.0}",425,33.18,-74.01,-75.5,-3.887,0.641,1.687,-1.297
ETHUSDC,BOLL,1h,"{""window"": 20, ""window_dev"": 1.5}",flat,"{""sl_pct"": 3.0, ""tp_pct"": 6.0}",150,28.67,-71.32,-79.39,-1.969,0.656,5.574,-3.291
ETHUSDC,BOLL,1h,"{""window"": 20, ""window_dev"": 1.5}",atr,"{""atr_window"": 14, ""sl_mult"": 1.0, ""tp_mult"": 2.0}",426,33.8,-77.55,-79.02,-3.916,0.645,1.684,-1.371
ETHUSDC,BOLL,1h,"{""window"": 20, ""window_dev"": 1.5}",atr,"{""atr_window"": 14, ""sl_mult"": 1.5, ""tp_mult"": 3.0}",310,31.61,-80.32,-83.31,-3.191,0.615,2.629,-1.942
ETHUSDC,BOLL,1h,"{""window"": 20, ""window_dev"": 1.5}",atr,"{""atr_window"": 14, ""sl_mult"": 2.0, ""tp_mult"": 4.0}",220,32.27,-63.35,-71.96,-1.675,0.739,4.038,-2.517
ETHUSDC,BOLL,1h,"{""window"": 20, ""window_dev"": 2}",flat,"{""sl_pct"": 2.0, ""tp_pct"": 4.0}",185,26.49,-75.6,-80.8,-3.354,0.568,3.627,-2.294
ETHUSDC,BOLL,1h,"{""window"": 20, ""window_dev"": 2}",flat,"{""sl_pct"": 1.0, ""tp_pct"": 2.0}",273,30.04,-67.54,-70.64,-4.188,0.574,1.682,-1.297
ETHUSDC,BOLL,1h,"{""window"": 20, ""window_dev"": 2}",flat,"{""sl_pct"": 3.0, ""tp_pct"": 6.0}",131,30.53,-58.42,-71.47,-1.507,0.733,5.57,-3.291
ETHUSDC,BOLL,1h,"{""window"": 20, ""window_dev"": 2}",atr,"{""atr_window"": 14, ""sl_mult"": 1.0, ""tp_mult"": 2.0}",271,32.84,-63.08,-64.91,-3.53,0.618,1.716,-1.368
ETHUSDC,BOLL,1h,"{""window"": 20, ""window_dev"": 2}",atr,"{""atr_window"": 14, ""sl_mult"": 1.5, ""tp_mult"": 3.0}",224,28.57,-74.71,-76.41,-3.446,0.56,2.768,-1.927
ETHUSDC,BOLL,1h,"{""window"": 20, ""window_dev"": 2}",atr,"{""atr_window"": 14, ""sl_mult"": 2.0, ""tp_mult"": 4.0}",170,28.82,-65.56,-70.47,-2.097,0.679,4.044,-2.446
ETHUSDC,BOLL,1h,"{""window"": 20, ""window_dev"": 2.5}",flat,"{""sl_pct"": 2.0, ""tp_pct"": 4.0}",110,25.45,-60.07,-67.56,-2.918,0.459,3.58,-2.294
ETHUSDC,BOLL,1h,"{""window"": 20, ""window_dev"": 2.5}",flat,"{""sl_pct"": 1.0, ""tp_pct"": 2.0}",141,32.62,-37.94,-40.2,-2.492,0.608,1.672,-1.297
ETHUSDC,BOLL,1h,"{""window"": 20, ""window_dev"": 2.5}",flat,"{""sl_pct"": 3.0, ""tp_pct"": 6.0}",92,27.17,-59.52,-67.55,-2.057,0.531,5.499,-3.291
ETHUSDC,BOLL,1h,"{""window"": 20, ""window_dev"": 2.5}",atr,"{""atr_window"": 14, ""sl_mult"": 1.0, ""tp_mult"": 2.0}",138,30.43,-47.41,-49.21,-3.142,0.497,1.663,-1.38
ETHUSDC,BOLL,1h,"{""window"": 20, ""window_dev"": 2.5}",atr,"{""atr_window"": 14, ""sl_mult"": 1.5, ""tp_mult"": 3.0}",127,29.13,-54.75,-57.87,-2.742,0.516,2.646,-1.932
ETHUSDC,BOLL,1h,"{""window"": 20, ""window_dev"": 2.5}",atr,"{""atr_window"": 14, ""sl_mult"": 2.0, ""tp_mult"": 4.0}",113,30.09,-51.27,-59.12,-1.864,0.599,3.799,-2.475
ETHUSDC,MOM,1h,"{""window"": 5, ""buy_threshold"": 2, ""sell_threshold"": -2}",flat,"{""sl_pct"": 2.0, ""tp_pct"": 4.0}",152,33.55,-39.12,-52.26,-1.12,0.81,3.688,-2.294
ETHUSDC,MOM,1h,"{""window"": 5, ""buy_threshold"": 2, ""sell_threshold"": -2}",flat,"{""sl_pct"": 1.0, ""tp_pct"": 2.0}",215,34.88,-43.27,-49.85,-2.759,0.699,1.694,-1.297
ETHUSDC,MOM,1h,"{""window"": 5, ""buy_threshold"": 2, ""sell_threshold"": -2}",flat,"{""sl_pct"": 3.0, ""tp_pct"": 6.0}",109,32.11,-40.57,-57.36,-0.856,0.806,5.682,-3.263
ETHUSDC,MOM,1h,"{""window"": 5, ""buy_threshold"": 2, ""sell_threshold"": -2}",atr,"{""atr_window"": 14, ""sl_mult"": 1.0, ""tp_mult"": 2.0}",197,35.03,-39.78,-45.16,-1.849,0.744,2.026,-1.464
ETHUSDC,MOM,1h,"{""window"": 5, ""buy_threshold"": 2, ""sell_threshold"": -2}",atr,"{""atr_window"": 14, ""sl_mult"": 1.5, ""tp_mult"": 3.0}",157,38.22,-18.33,-42.67,-0.394,0.905,3.088,-2.062
ETHUSDC,MOM,1h,"{""window"": 5, ""buy_threshold"": 2, ""sell_threshold"": -2}",atr,"{""atr_window"": 14, ""sl_mult"": 2.0, ""tp_mult"": 4.0}",113,34.51,-21.29,-40.75,-0.334,0.88,4.442,-2.566
ETHUSDC,MOM,1h,"{""window"": 5, ""buy_threshold"": 3, ""sell_threshold"": -3}",flat,"{""sl_pct"": 2.0, ""tp_pct"": 4.0}",89,30.34,-36.91,-49.53,-1.665,0.703,3.688,-2.294
ETHUSDC,MOM,1h,"{""window"": 5, ""buy_threshold"": 3, ""sell_threshold"": -3}",flat,"{""sl_pct"": 1.0, ""tp_pct"": 2.0}",107,38.32,-15.84,-20.02,-1.083,0.798,1.694,-1.297
ETHUSDC,MOM,1h,"{""window"": 5, ""buy_threshold"": 3, ""sell_threshold"": -3}",flat,"{""sl_pct"": 3.0, ""tp_pct"": 6.0}",70,31.43,-32.3,-41.29,-0.921,0.748,5.682,-3.291
ETHUSDC,MOM,1h,"{""window"": 5, ""buy_threshold"": 3, ""sell_threshold"": -3}",atr,"{""atr_window"": 14, ""sl_mult"": 1.0, ""tp_mult"": 2.0}",98,35.71,-17.53,-26.13,-0.819,0.801,2.313,-1.56
ETHUSDC,MOM,1h,"{""window"": 5, ""buy_threshold"": 3, ""sell_threshold"": -3}",atr,"{""atr_window"": 14, ""sl_mult"": 1.5, ""tp_mult"": 3.0}",85,34.12,-24.82,-35.48,-0.889,0.772,3.377,-2.197
ETHUSDC,MOM,1h,"{""window"": 5, ""buy_threshold"": 3, ""sell_threshold"": -3}",atr,"{""atr_window"": 14, ""sl_mult"": 2.0, ""tp_mult"": 4.0}",66,34.85,-12.76,-32.95,-0.174,0.888,4.823,-2.779
ETHUSDC,MOM,1h,"{""window"": 5, ""buy_threshold"": 5, ""sell_threshold"": -5}",flat,"{""sl_pct"": 2.0, ""tp_pct"": 4.0}",24,33.33,-7.82,-16.41,-0.479,0.79,3.688,-2.294
ETHUSDC,MOM,1h,"{""window"": 5, ""buy_threshold"": 5, ""sell_threshold"": -5}",flat,"{""sl_pct"": 1.0, ""tp_pct"": 2.0}",28,32.14,-9.22,-11.68,-1.188,0.617,1.694,-1.297
ETHUSDC,MOM,1h,"{""window"": 5, ""buy_threshold"": 5, ""sell_threshold"": -5}",flat,"{""sl_pct"": 3.0, ""tp_pct"": 6.0}",22,36.36,-2.59,-19.08,-0.014,0.947,5.682,-3.291
ETHUSDC,MOM,1h,"{""window"": 5, ""buy_threshold"": 5, ""sell_threshold"": -5}",atr,"{""atr_window"": 14, ""sl_mult"": 1.0, ""tp_mult"": 2.0}",28,35.71,-5.43,-11.81,-0.412,0.819,2.536,-1.685
ETHUSDC,MOM,1h,"{""window"": 5, ""buy_threshold"": 5, ""sell_threshold"": -5}",atr,"{""atr_window"": 14, ""sl_mult"": 1.5, ""tp_mult"": 3.0}",24,33.33,-10.58,-23.09,-0.66,0.725,3.584,-2.426
ETHUSDC,MOM,1h,"{""window"": 5, ""buy_threshold"": 5, ""sell_threshold"": -5}",atr,"{""atr_window"": 14, ""sl_mult"": 2.0, ""tp_mult"": 4.0}",22,31.82,-11.52,-26.35,-0.537,0.759,5.084,-3.075
ETHUSDC,MOM,1h,"{""window"": 10, ""buy_threshold"": 2, ""sell_threshold"": -2}",flat,"{""sl_pct"": 2.0, ""tp_pct"": 4.0}",174,32.18,-50.81,-63.41,-1.608,0.74,3.688,-2.294
ETHUSDC,MOM,1h,"{""window"": 10, ""buy_threshold"": 2, ""sell_threshold"": -2}",flat,"{""sl_pct"": 1.0, ""tp_pct"": 2.0}",278,33.09,-58.58,-64.31,-3.761,0.647,1.694,-1.297
ETHUSDC,MOM,1h,"{""window"": 10, ""buy_threshold"": 2, ""sell_threshold"": -2}",flat,"{""sl_pct"": 3.0, ""tp_pct"": 6.0}",126,29.37,-60.02,-69.59,-1.66,0.719,5.682,-3.273
ETHUSDC,MOM,1h,"{""window"": 10, ""buy_threshold"": 2, ""sell_threshold"": -2}",atr,"{""atr_window"": 14, ""sl_mult"": 1.0, ""tp_mult"": 2.0}",253,32.41,-59.27,-62.99,-3.358,0.632,1.85,-1.392
ETHUSDC,MOM,1h,"{""window"": 10, ""buy_threshold"": 2, ""sell_threshold"": -2}",atr,"{""atr_window"": 14, ""sl_mult"": 1.5, ""tp_mult"": 3.0}",192,33.85,-44.27,-56.82,-1.441,0.769,2.973,-1.936
ETHUSDC,MOM,1h,"{""window"": 10, ""buy_threshold"": 2, ""sell_threshold"": -2}",atr,"{""atr_window"": 14, ""sl_mult"": 2.0, ""tp_mult"": 4.0}",139,31.65,-42.05,-55.35,-0.975,0.78,4.151,-2.418
ETHUSDC,MOM,1h,"{""window"": 10, ""buy_threshold"": 3, ""sell_threshold"": -3}",flat,"{""sl_pct"": 2.0, ""tp_pct"": 4.0}",113,31.86,-38.29,-43.99,-1.467,0.733,3.688,-2.294
ETHUSDC,MOM,1h,"{""window"": 10, ""buy_threshold"": 3, ""sell_threshold"": -3}",flat,"{""sl_pct"": 1.0, ""tp_pct"": 2.0}",159,33.33,-38.91,-41.59,-2.889,0.633,1.694,-1.297
ETHUSDC,MOM,1h,"{""window"": 10, ""buy_threshold"": 3, ""sell_threshold"": -3}",flat,"{""sl_pct"": 3.0, ""tp_pct"": 6.0}",82,31.71,-35.39,-48.52,-0.943,0.767,5.682,-3.291
ETHUSDC,MOM,1h,"{""window"": 10, ""buy_threshold"": 3, ""sell_threshold"": -3}",atr,"{""atr_window"": 14, ""sl_mult"": 1.0, ""tp_mult"": 2.0}",142,33.8,-35.66,-38.75,-1.973,0.683,2.011,-1.473
ETHUSDC,MOM,1h,"{""window"": 10, ""buy_threshold"": 3, ""sell_threshold"": -3}",atr,"{""atr_window"": 14, ""sl_mult"": 1.5, ""tp_mult"": 3.0}",115,35.65,-24.86,-36.31,-0.876,0.82,3.116,-2.06
ETHUSDC,MOM,1h,"{""window"": 10, ""buy_threshold"": 3, ""sell_threshold"": -3}",atr,"{""atr_window"": 14, ""sl_mult"": 2.0, ""tp_mult"": 4.0}",93,35.48,-28.92,-37.61,-0.775,0.792,4.047,-2.706
ETHUSDC,MOM,1h,"{""window"": 10, ""buy_threshold"": 5, ""sell_threshold"": -5}",flat,"{""sl_pct"": 2.0, ""tp_pct"": 4.0}",43,27.91,-24.77,-32.85,-1.516,0.628,3.688,-2.294
ETHUSDC,MOM,1h,"{""window"": 10, ""buy_threshold"": 5, ""sell_threshold"": -5}",flat,"{""sl_pct"": 1.0, ""tp_pct"": 2.0}",54,38.89,-7.49,-12.63,-0.627,0.822,1.694,-1.297
ETHUSDC,MOM,1h,"{""window"": 10, ""buy_threshold"": 5, ""sell_threshold"": -5}",flat,"{""sl_pct"": 3.0, ""tp_pct"": 6.0}",37,35.14,-8.11,-26.47,-0.203,0.899,5.682,-3.291
ETHUSDC,MOM,1h,"{""window"": 10, ""buy_threshold"": 5, ""sell_threshold"": -5}",atr,"{""atr_window"": 14, ""sl_mult"": 1.0, ""tp_mult"": 2.0}",51,37.25,-10.61,-18.13,-0.77,0.796,2.294,-1.68
ETHUSDC,MOM,1h,"{""window"": 10, ""buy_threshold"": 5, ""sell_threshold"": -5}",atr,"{""atr_window"": 14, ""sl_mult"": 1.5, ""tp_mult"": 3.0}",40,30.0,-17.1,-24.01,-1.034,0.715,3.937,-2.292
ETHUSDC,MOM,1h,"{""window"": 10, ""buy_threshold"": 5, ""sell_threshold"": -5}",atr,"{""atr_window"": 14, ""sl_mult"": 2.0, ""tp_mult"": 4.0}",35,25.71,-31.6,-37.87,-1.437,0.543,4.846,-3.046
BNBUSDC,RSI,1m,"{""window"": 10, ""buy_threshold"": 20, ""sell_threshold"": 70}",flat,"{""sl_pct"": 2.0, ""tp_pct"": 4.0}",55,34.55,-16.52,-26.89,-1.573,0.789,3.509,-2.294
BNBUSDC,RSI,1m,"{""window"": 10, ""buy_threshold"": 20, ""sell_threshold"": 70}",flat,"{""sl_pct"": 1.0, ""tp_pct"": 2.0}",153,32.03,-42.3,-44.61,-5.781,0.601,1.662,-1.297
BNBUSDC,RSI,1m,"{""window"": 10, ""buy_threshold"": 20, ""sell_threshold"": 70}",flat,"{""sl_pct"": 3.0, ""tp_pct"": 6.0}",25,24.0,-23.94,-36.62,-2.241,0.562,5.682,-3.133
BNBUSDC,RSI,1m,"{""window"": 10, ""buy_threshold"": 20, ""sell_threshold"": 70}",atr,"{""atr_window"": 14, ""sl_mult"": 1.0, ""tp_mult"": 2.0}",881,3.97,-92.19,-92.19,-41.798,0.013,0.114,-0.306
BNBUSDC,RSI,1m,"{""window"": 10, ""buy_threshold"": 20, ""sell_threshold"": 70}",atr,"{""atr_window"": 14, ""sl_mult"": 1.5, ""tp_mult"": 3.0}",802,8.1,-90.13,-90.13,-36.939,0.044,0.177,-0.329
BNBUSDC,RSI,1m,"{""window"": 10, ""buy_threshold"": 20, ""sell_threshold"": 70}",atr,"{""atr_window"": 14, ""sl_mult"": 2.0, ""tp_mult"": 4.0}",746,13.0,-87.63,-87.66,-34.348,0.086,0.216,-0.353
BNBUSDC,RSI,1m,"{""window"": 10, ""buy_threshold"": 20, ""sell_threshold"": 80}",flat,"{""sl_pct"": 2.0, ""tp_pct"": 4.0}",55,34.55,-16.52,-26.89,-1.573,0.789,3.509,-2.294
BNBUSDC,RSI,1m,"{""window"": 10, ""buy_threshold"": 20, ""sell_threshold"": 80}",flat,"{""sl_pct"": 1.0, ""tp_pct"": 2.0}",153,32.03,-42.3,-44.61,-5.781,0.601,1.662,-1.297
BNBUSDC,RSI,1m,"{""window"": 10, ""buy_threshold"": 20, ""sell_threshold"": 80}",flat,"{""sl_pct"": 3.0, ""tp_pct"": 6.0}",25,24.0,-23.94,-36.62,-2.241,0.562,5.682,-3.133
BNBUSDC,RSI,1m,"{""window"": 10, ""buy_threshold"": 20, ""sell_threshold"": 80}",atr,"{""atr_window"": 14, ""sl_mult"": 1.0, ""tp_mult"": 2.0}",881,3.97,-92.19,-92.19,-41.798,0.013,0.114,-0.306
BNBUSDC,RSI,1m,"{""window"": 10, ""buy_threshold"": 20, ""sell_threshold"": 80}",atr,"{""atr_window"": 14, ""sl_mult"": 1.5, ""tp_mult"": 3.0}",802,8.1,-90.13,-90.13,-36.939,0.044,0.177,-0.329
BNBUSDC,RSI,1m,"{""window"": 10, ""buy_threshold"": 20, ""sell_threshold"": 80}",atr,"{""atr_window"": 14, ""sl_mult"": 2.0, ""tp_mult"": 4.0}",746,13.0,-87.63,-87.66,-34.348,0.086,0.216,-0.353
BNBUSDC,RSI,1m,"{""window"": 10, ""buy_threshold"": 30, ""sell_threshold"": 70}",flat,"{""sl_pct"": 2.0, ""tp_pct"": 4.0}",53,32.08,-21.38,-30.61,-2.363,0.719,3.562,-2.294
BNBUSDC,RSI,1m,"{""window"": 10, ""buy_threshold"": 30, ""sell_threshold"": 70}",flat,"{""sl_pct"": 1.0, ""tp_pct"": 2.0}",183,31.69,-47.51,-49.59,-5.621,0.614,1.694,-1.287
BNBUSDC,RSI,1m,"{""window"": 10, ""buy_threshold"": 30, ""sell_threshold"": 70}",flat,"{""sl_pct"": 3.0, ""tp_pct"": 6.0}",27,25.93,-22.74,-32.77,-2.369,0.612,5.682,-3.171
BNBUSDC,RSI,1m,"{""window"": 10, ""buy_threshold"": 30, ""sell_threshold"": 70}",atr,"{""atr_window"": 14, ""sl_mult"": 1.0, ""tp_mult"": 2.0}",3771,2.02,-100.0,-100.0,-80.914,0.001,0.118,-0.3
BNBUSDC,RSI,1m,"{""window"": 10, ""buy_threshold"": 30, ""sell_threshold"": 70}",atr,"{""atr_window"": 14, ""sl_mult"": 1.5, ""tp_mult"": 3.0}",3109,5.28,-99.99,-99.99,-74.413,0.009,0.146,-0.318
BNBUSDC,RSI,1m,"{""window"": 10, ""buy_threshold"": 30, ""sell_threshold"": 70}",atr,"{""atr_window"": 14, ""sl_mult"": 2.0, ""tp_mult"": 4.0}",2639,9.28,-99.95,-99.95,-67.378,0.027,0.187,-0.338
BNBUSDC,RSI,1m,"{""window"": 10, ""buy_threshold"": 30, ""sell_threshold"": 80}",flat,"{""sl_pct"": 2.0, ""tp_pct"": 4.0}",53,32.08,-21.38,-30.61,-2.363,0.719,3.562,-2.294
BNBUSDC,RSI,1m,"{""window"": 10, ""buy_threshold"": 30, ""sell_threshold"": 80}",flat,"{""sl_pct"": 1.0, ""tp_pct"": 2.0}",183,31.69,-47.51,-49.59,-5.621,0.614,1.694,-1.287
BNBUSDC,RSI,1m,"{""window"": 10, ""buy_threshold"": 30, ""sell_threshold"": 80}",flat,"{""sl_pct"": 3.0, ""tp_pct"": 6.0}",27,25.93,-22.74,-32.77,-2.369,0.612,5.682,-3.171
BNBUSDC,RSI,1m,"{""window"": 10, ""buy_threshold"": 30, ""sell_threshold"": 80}",atr,"{""atr_window"": 14, ""sl_mult"": 1.0, ""tp_mult"": 2.0}",3771,2.02,-100.0,-100.0,-80.914,0.001,0.118,-0.3
BNBUSDC,RSI,1m,"{""window"": 10, ""buy_threshold"": 30, ""sell_threshold"": 80}",atr,"{""atr_window"": 14, ""sl_mult"": 1.5, ""tp_mult"": 3.0}",3109,5.28,-99.99,-99.99,-74.413,0.009,0.146,-0.318
BNBUSDC,RSI,1m,"{""window"": 10, ""buy_threshold"": 30, ""sell_threshold"": 80}",atr,"{""atr_window"": 14, ""sl_mult"": 2.0, ""tp_mult"": 4.0}",2639,9.28,-99.95,-99.95,-67.378,0.027,0.187,-0.338
BNBUSDC,RSI,1m,"{""window"": 14, ""buy_threshold"": 20, ""sell_threshold"": 70}",flat,"{""sl_pct"": 2.0, ""tp_pct"": 4.0}",44,36.36,-8.55,-20.61,-0.789,0.868,3.565,-2.294
BNBUSDC,RSI,1m,"{""window"": 14, ""buy_threshold"": 20, ""sell_threshold"": 70}",flat,"{""sl_pct"": 1.0, ""tp_pct"": 2.0}",109,32.11,-31.45,-34.99,-4.812,0.613,1.694,-1.297
BNBUSDC,RSI,1m,"{""window"": 14, ""buy_threshold"": 20, ""sell_threshold"": 70}",flat,"{""sl_pct"": 3.0, ""tp_pct"": 6.0}",21,33.33,-11.37,-25.91,-1.15,0.746,5.103,-3.291
BNBUSDC,RSI,1m,"{""window"": 14, ""buy_threshold"": 20, ""sell_threshold"": 70}",atr,"{""atr_window"": 14, ""sl_mult"": 1.0, ""tp_mult"": 2.0}",336,6.25,-60.51,-60.51,-21.329,0.03,0.143,-0.304
BNBUSDC,RSI,1m,"{""window"": 14, ""buy_threshold"": 20, ""sell_threshold"": 70}",atr,"{""atr_window"": 14, ""sl_mult"": 1.5, ""tp_mult"": 3.0}",306,11.44,-57.61,-57.61,-17.86,0.083,0.224,-0.345
BNBUSDC,RSI,1m,"{""window"": 14, ""buy_threshold"": 20, ""sell_threshold"": 70}",atr,"{""atr_window"": 14, ""sl_mult"": 2.0, ""tp_mult"": 4.0}",289,16.61,-55.25,-55.25,-16.335,0.144,0.285,-0.389
BNBUSDC,RSI,1m,"{""window"": 14, ""buy_threshold"": 20, ""sell_threshold"": 80}",flat,"{""sl_pct"": 2.0, ""tp_pct"": 4.0}",44,36.36,-8.55,-20.61,-0.789,0.868,3.565,-2.294
BNBUSDC,RSI,1m,"{""window"": 14, ""buy_threshold"": 20, ""sell_threshold"": 80}",flat,"{""sl_pct"": 1.0, ""tp_pct"": 2.0}",109,32.11,-31.45,-34.99,-4.812,0.613,1.694,-1.297
BNBUSDC,RSI,1m,"{""window"": 14, ""buy_threshold"": 20, ""sell_threshold"": 80}",flat,"{""sl_pct"": 3.0, ""tp_pct"": 6.0}",21,33.33,-11.37,-25.91,-1.15,0.746,5.103,-3.291
BNBUSDC,RSI,1m,"{""window"": 14, ""buy_threshold"": 20, ""sell_threshold"": 80}",atr,"{""atr_window"": 14, ""sl_mult"": 1.0, ""tp_mult"": 2.0}",336,6.25,-60.51,-60.51,-21.329,0.03,0.143,-0.304
BNBUSDC,RSI,1m,"{""window"": 14, ""buy_threshold"": 20, ""sell_threshold"": 80}",atr,"{""atr_window"": 14, ""sl_mult"": 1.5, ""tp_mult"": 3.0}",306,11.44,-57.61,-57.61,-17.86,0.083,0.224,-0.345
BNBUSDC,RSI,1m,"{""window"": 14, ""buy_threshold"": 20, ""sell_threshold"": 80}",atr,"{""atr_window"": 14, ""sl_mult"": 2.0, ""tp_mult"": 4.0}",289,16.61,-55.25,-55.25,-16.335,0.144,0.285,-0.389
BNBUSDC,RSI,1m,"{""window"": 14, ""buy_threshold"": 30, ""sell_threshold"": 70}",flat,"{""sl_pct"": 2.0, ""tp_pct"": 4.0}",53,30.19,-26.18,-32.18,-2.862,0.656,3.531,-2.294
BNBUSDC,RSI,1m,"{""window"": 14, ""buy_threshold"": 30, ""sell_threshold"": 70}",flat,"{""sl_pct"": 1.0, ""tp_pct"": 2.0}",174,31.61,-47.55,-48.96,-6.342,0.584,1.664,-1.297
BNBUSDC,RSI,1m,"{""window"": 14, ""buy_threshold"": 30, ""sell_threshold"": 70}",flat,"{""sl_pct"": 3.0, ""tp_pct"": 6.0}",24,33.33,-13.52,-29.68,-1.17,0.741,5.012,-3.291
BNBUSDC,RSI,1m,"{""window"": 14, ""buy_threshold"": 30, ""sell_threshold"": 70}",atr,"{""atr_window"": 14, ""sl_mult"": 1.0, ""tp_mult"": 2.0}",2133,2.81,-99.8,-99.8,-56.452,0.004,0.114,-0.302
BNBUSDC,RSI,1m,"{""window"": 14, ""buy_threshold"": 30, ""sell_threshold"": 70}",atr,"{""atr_window"": 14, ""sl_mult"": 1.5, ""tp_mult"": 3.0}",1793,7.36,-99.43,-99.43,-50.132,0.025,0.171,-0.324
BNBUSDC,RSI,1m,"{""window"": 14, ""buy_threshold"": 30, ""sell_threshold"": 70}",atr,"{""atr_window"": 14, ""sl_mult"": 2.0, ""tp_mult"": 4.0}",1567,11.1,-98.84,-98.84,-47.122,0.062,0.227,-0.347
BNBUSDC,RSI,1m,"{""window"": 14, ""buy_threshold"": 30, ""sell_threshold"": 80}",flat,"{""sl_pct"": 2.0, ""tp_pct"": 4.0}",53,30.19,-26.18,-32.18,-2.862,0.656,3.531,-2.294
BNBUSDC,RSI,1m,"{""window"": 14, ""buy_threshold"": 30, ""sell_threshold"": 80}",flat,"{""sl_pct"": 1.0, ""tp_pct"": 2.0}",174,31.61,-47.55,-48.96,-6.342,0.584,1.664,-1.297
BNBUSDC,RSI,1m,"{""window"": 14, ""buy_threshold"": 30, ""sell_threshold"": 80}",flat,"{""sl_pct"": 3.0, ""tp_pct"": 6.0}",24,33.33,-13.52,-29.68,-1.17,0.741,5.012,-3.291
BNBUSDC,RSI,1m,"{""window"": 14, ""buy_threshold"": 30, ""sell_threshold"": 80}",atr,"{""atr_window"": 14, ""sl_mult"": 1.0, ""tp_mult"": 2.0}",2133,2.81,-99.8,-99.8,-56.452,0.004,0.114,-0.302
BNBUSDC,RSI,1m,"{""window"": 14, ""buy_threshold"": 30, ""sell_threshold"": 80}",atr,"{""atr_window"": 14, ""sl_mult"": 1.5, ""tp_mult"": 3.0}",1793,7.36,-99.43,-99.43,-50.132,0.025,0.171,-0.324
BNBUSDC,RSI,1m,"{""window"": 14, ""buy_threshold"": 30, ""sell_threshold"": 80}",atr,"{""atr_window"": 14, ""sl_mult"": 2.0, ""tp_mult"": 4.0}",1567,11.1,-98.84,-98.84,-47.122,0.062,0.227,-0.347
BNBUSDC,EMA,1m,"{""short_span"": 5, ""long_span"": 20}",flat,"{""sl_pct"": 2.0, ""tp_pct"": 4.0}",62,30.65,-28.1,-35.42,-3.059,0.682,3.578,-2.294
BNBUSDC,EMA,1m,"{""short_span"": 5, ""long_span"": 20}",flat,"{""sl_pct"": 1.0, ""tp_pct"": 2.0}",193,31.09,-52.01,-54.36,-6.073,0.589,1.683,-1.297
BNBUSDC,EMA,1m,"{""short_span"": 5, ""long_span"": 20}",flat,"{""sl_pct"": 3.0, ""tp_pct"": 6.0}",23,26.09,-18.49,-32.54,-1.661,0.634,5.682,-3.101
BNBUSDC,EMA,1m,"{""short_span"": 5, ""long_span"": 20}",atr,"{""atr_window"": 14, ""sl_mult"": 1.0, ""tp_mult"": 2.0}",4109,1.22,-100.0,-100.0,-155.151,0.0,0.112,-0.304
BNBUSDC,EMA,1m,"{""short_span"": 5, ""long_span"": 20}",atr,"{""atr_window"": 14, ""sl_mult"": 1.5, ""tp_mult"": 3.0}",3671,3.16,-100.0,-100.0,-143.383,0.002,0.144,-0.316
BNBUSDC,EMA,1m,"{""short_span"": 5, ""long_span"": 20}",atr,"{""atr_window"": 14, ""sl_mult"": 2.0, ""tp_mult"": 4.0}",3128,6.33,-99.99,-99.99,-105.812,0.009,0.179,-0.336
BNBUSDC,EMA,1m,"{""short_span"": 9, ""long_span"": 21}",flat,"{""sl_pct"": 2.0, ""tp_pct"": 4.0}",58,29.31,-30.01,-36.75,-3.343,0.641,3.56,-2.294
BNBUSDC,EMA,1m,"{""short_span"": 9, ""long_span"": 21}",flat,"{""sl_pct"": 1.0, ""tp_pct"": 2.0}",188,31.91,-48.5,-50.34,-6.156,0.608,1.692,-1.297
BNBUSDC,EMA,1m,"{""short_span"": 9, ""long_span"": 21}",flat,"{""sl_pct"": 3.0, ""tp_pct"": 6.0}",27,33.33,-14.7,-29.36,-1.259,0.747,5.063,-3.291
BNBUSDC,EMA,1m,"{""short_span"": 9, ""long_span"": 21}",atr,"{""atr_window"": 14, ""sl_mult"": 1.0, ""tp_mult"": 2.0}",3068,1.21,-99.99,-99.99,-139.092,0.001,0.115,-0.304
BNBUSDC,EMA,1m,"{""short_span"": 9, ""long_span"": 21}",atr,"{""atr_window"": 14, ""sl_mult"": 1.5, ""tp_mult"": 3.0}",2907,3.44,-99.98,-99.98,-117.567,0.004,0.136,-0.318
BNBUSDC,EMA,1m,"{""short_span"": 9, ""long_span"": 21}",atr,"{""atr_window"": 14, ""sl_mult"": 2.0, ""tp_mult"": 4.0}",2566,6.08,-99.96,-99.96,-91.166,0.012,0.178,-0.335
BNBUSDC,EMA,1m,"{""short_span"": 12, ""long_span"": 26}",flat,"{""sl_pct"": 2.0, ""tp_pct"": 4.0}",61,29.51,-30.76,-38.02,-3.21,0.643,3.564,-2.294
BNBUSDC,EMA,1m,"{""short_span"": 12, ""long_span"": 26}",flat,"{""sl_pct"": 1.0, ""tp_pct"": 2.0}",184,30.43,-51.85,-54.69,-6.276,0.574,1.692,-1.297
BNBUSDC,EMA,1m,"{""short_span"": 12, ""long_span"": 26}",flat,"{""sl_pct"": 3.0, ""tp_pct"": 6.0}",27,29.63,-14.8,-29.2,-1.266,0.746,5.682,-3.118
BNBUSDC,EMA,1m,"{""short_span"": 12, ""long_span"": 26}",atr,"{""atr_window"": 14, ""sl_mult"": 1.0, ""tp_mult"": 2.0}",2475,1.01,-99.94,-99.94,-121.808,0.001,0.106,-0.306
BNBUSDC,EMA,1m,"{""short_span"": 12, ""long_span"": 26}",atr,"{""atr_window"": 14, ""sl_mult"": 1.5, ""tp_mult"": 3.0}",2398,3.21,-99.93,-99.93,-104.339,0.005,0.141,-0.319
BNBUSDC,EMA,1m,"{""short_span"": 12, ""long_span"": 26}",atr,"{""atr_window"": 14, ""sl_mult"": 2.0, ""tp_mult"": 4.0}",2195,6.29,-99.88,-99.88,-91.161,0.015,0.169,-0.337
BNBUSDC,EMA,1m,"{""short_span"": 5, ""long_span"": 13}",flat,"{""sl_pct"": 2.0, ""tp_pct"": 4.0}",57,31.58,-25.01,-34.72,-2.391,0.698,3.491,-2.294
BNBUSDC,EMA,1m,"{""short_span"": 5, ""long_span"": 13}",flat,"{""sl_pct"": 1.0, ""tp_pct"": 2.0}",191,30.89,-51.99,-53.77,-5.999,0.584,1.69,-1.297
BNBUSDC,EMA,1m,"{""short_span"": 5, ""long_span"": 13}",flat,"{""sl_pct"": 3.0, ""tp_pct"": 6.0}",23,30.43,-18.43,-32.22,-1.695,0.635,4.871,-3.291
BNBUSDC,EMA,1m,"{""short_span"": 5, ""long_span"": 13}",atr,"{""atr_window"": 14, ""sl_mult"": 1.0, ""tp_mult"": 2.0}",4908,1.24,-100.0,-100.0,-170.803,0.0,0.124,-0.301
BNBUSDC,EMA,1m,"{""short_span"": 5, ""long_span"": 13}",atr,"{""atr_window"": 14, ""sl_mult"": 1.5, ""tp_mult"": 3.0}",4249,3.6,-100.0,-100.0,-149.402,0.003,0.146,-0.315
BNBUSDC,EMA,1m,"{""short_span"": 5, ""long_span"": 13}",atr,"{""atr_window"": 14, ""sl_mult"": 2.0, ""tp_mult"": 4.0}",3503,6.68,-100.0,-100.0,-112.788,0.011,0.185,-0.336
BNBUSDC,MACD,1m,"{""fast"": 12, ""slow"": 26, ""signal"": 9}",flat,"{""sl_pct"": 2.0, ""tp_pct"": 4.0}",54,31.48,-23.19,-31.5,-2.342,0.7,3.561,-2.294
BNBUSDC,MACD,1m,"{""fast"": 12, ""slow"": 26, ""signal"": 9}",flat,"{""sl_pct"": 1.0, ""tp_pct"": 2.0}",187,31.02,-50.87,-52.31,-5.961,0.59,1.691,-1.297
BNBUSDC,MACD,1m,"{""fast"": 12, ""slow"": 26, ""signal"": 9}",flat,"{""sl_pct"": 3.0, ""tp_pct"": 6.0}",28,32.14,-16.09,-29.36,-1.463,0.738,5.255,-3.291
BNBUSDC,MACD,1m,"{""fast"": 12, ""slow"": 26, ""signal"": 9}",atr,"{""atr_window"": 14, ""sl_mult"": 1.0, ""tp_mult"": 2.0}",5031,1.31,-100.0,-100.0,-207.695,0.0,0.12,-0.303
BNBUSDC,MACD,1m,"{""fast"": 12, ""slow"": 26, ""signal"": 9}",atr,"{""atr_window"": 14, ""sl_mult"": 1.5, ""tp_mult"": 3.0}",4552,3.89,-100.0,-100.0,-162.624,0.003,0.148,-0.315
BNBUSDC,MACD,1m,"{""fast"": 12, ""slow"": 26, ""signal"": 9}",atr,"{""atr_window"": 14, ""sl_mult"": 2.0, ""tp_mult"": 4.0}",3811,7.19,-100.0,-100.0,-123.289,0.013,0.184,-0.336
BNBUSDC,MACD,1m,"{""fast"": 5, ""slow"": 35, ""signal"": 5}",flat,"{""sl_pct"": 2.0, ""tp_pct"": 4.0}",56,32.14,-23.17,-33.71,-2.248,0.711,3.497,-2.294
BNBUSDC,MACD,1m,"{""fast"": 5, ""slow"": 35, ""signal"": 5}",flat,"{""sl_pct"": 1.0, ""tp_pct"": 2.0}",193,31.61,-50.5,-52.65,-5.128,0.608,1.685,-1.297
BNBUSDC,MACD,1m,"{""fast"": 5, ""slow"": 35, ""signal"": 5}",flat,"{""sl_pct"": 3.0, ""tp_pct"": 6.0}",27,29.63,-20.52,-32.96,-1.955,0.649,5.215,-3.291
BNBUSDC,MACD,1m,"{""fast"": 5, ""slow"": 35, ""signal"": 5}",atr,"{""atr_window"": 14, ""sl_mult"": 1.0, ""tp_mult"": 2.0}",8147,1.1,-100.0,-100.0,-242.239,0.0,0.121,-0.302
BNBUSDC,MACD,1m,"{""fast"": 5, ""slow"": 35, ""signal"": 5}",atr,"{""atr_window"": 14, ""sl_mult"": 1.5, ""tp_mult"": 3.0}",6511,3.72,-100.0,-100.0,-185.29,0.002,0.139,-0.316
BNBUSDC,MACD,1m,"{""fast"": 5, ""slow"": 35, ""signal"": 5}",atr,"{""atr_window"": 14, ""sl_mult"": 2.0, ""tp_mult"": 4.0}",4908,7.44,-100.0,-100.0,-130.15,0.01,0.176,-0.337
BNBUSDC,MACD,1m,"{""fast"": 8, ""slow"": 21, ""signal"": 5}",flat,"{""sl_pct"": 2.0, ""tp_pct"": 4.0}",54,31.48,-23.17,-33.96,-2.247,0.704,3.562,-2.294
BNBUSDC,MACD,1m,"{""fast"": 8, ""slow"": 21, ""signal"": 5}",flat,"{""sl_pct"": 1.0, ""tp_pct"": 2.0}",194,31.44,-51.15,-53.26,-5.22,0.601,1.685,-1.297
BNBUSDC,MACD,1m,"{""fast"": 8, ""slow"": 21, ""signal"": 5}",flat,"{""sl_pct"": 3.0, ""tp_pct"": 6.0}",27,29.63,-20.5,-32.97,-1.951,0.65,5.218,-3.291
BNBUSDC,MACD,1m,"{""fast"": 8, ""slow"": 21, ""signal"": 5}",atr,"{""atr_window"": 14, ""sl_mult"": 1.0, ""tp_mult"": 2.0}",7444,1.05,-100.0,-100.0,-225.231,0.0,0.12,-0.301
BNBUSDC,MACD,1m,"{""fast"": 8, ""slow"": 21, ""signal"": 5}",atr,"{""atr_window"": 14, ""sl_mult"": 1.5, ""tp_mult"": 3.0}",6150,3.66,-100.0,-100.0,-181.436,0.002,0.133,-0.316
BNBUSDC,MACD,1m,"{""fast"": 8, ""slow"": 21, ""signal"": 5}",atr,"{""atr_window"": 14, ""sl_mult"": 2.0, ""tp_mult"": 4.0}",4764,7.39,-100.0,-100.0,-120.001,0.009,0.18,-0.338
BNBUSDC,MACD,1m,"{""fast"": 12, ""slow"": 26, ""signal"": 5}",flat,"{""sl_pct"": 2.0, ""tp_pct"": 4.0}",50,32.0,-20.62,-31.57,-2.037,0.719,3.55,-2.294
BNBUSDC,MACD,1m,"{""fast"": 12, ""slow"": 26, ""signal"": 5}",flat,"{""sl_pct"": 1.0, ""tp_pct"": 2.0}",195,30.77,-53.24,-55.31,-5.903,0.586,1.683,-1.297
BNBUSDC,MACD,1m,"{""fast"": 12, ""slow"": 26, ""signal"": 5}",flat,"{""sl_pct"": 3.0, ""tp_pct"": 6.0}",28,32.14,-16.03,-29.65,-1.413,0.737,5.262,-3.291
BNBUSDC,MACD,1m,"{""fast"": 12, ""slow"": 26, ""signal"": 5}",atr,"{""atr_window"": 14, ""sl_mult"": 1.0, ""tp_mult"": 2.0}",6302,1.24,-100.0,-100.0,-211.962,0.0,0.124,-0.302
BNBUSDC,MACD,1m,"{""fast"": 12, ""slow"": 26, ""signal"": 5}",atr,"{""atr_window"": 14, ""sl_mult"": 1.5, ""tp_mult"": 3.0}",5455,3.89,-100.0,-100.0,-162.014,0.003,0.145,-0.316
BNBUSDC,MACD,1m,"{""fast"": 12, ""slow"": 26, ""signal"": 5}",atr,"{""atr_window"": 14, ""sl_mult"": 2.0, ""tp_mult"": 4.0}",4313,7.16,-100.0,-100.0,-119.6,0.012,0.174,-0.338
BNBUSDC,BOLL,1m,"{""window"": 14, ""window_dev"": 1.5}",flat,"{""sl_pct"": 2.0, ""tp_pct"": 4.0}",58,32.76,-22.28,-31.56,-2.187,0.733,3.499,-2.294
BNBUSDC,BOLL,1m,"{""window"": 14, ""window_dev"": 1.5}",flat,"{""sl_pct"": 1.0, ""tp_pct"": 2.0}",210,31.43,-53.18,-55.14,-5.718,0.606,1.694,-1.289
BNBUSDC,BOLL,1m,"{""window"": 14, ""window_dev"": 1.5}",flat,"{""sl_pct"": 3.0, ""tp_pct"": 6.0}",27,25.93,-22.45,-33.41,-2.251,0.615,5.682,-3.153
BNBUSDC,BOLL,1m,"{""window"": 14, ""window_dev"": 1.5}",atr,"{""atr_window"": 14, ""sl_mult"": 1.0, ""tp_mult"": 2.0}",7887,1.12,-100.0,-100.0,-165.38,0.0,0.094,-0.299
BNBUSDC,BOLL,1m,"{""window"": 14, ""window_dev"": 1.5}",atr,"{""atr_window"": 14, ""sl_mult"": 1.5, ""tp_mult"": 3.0}",6118,4.33,-100.0,-100.0,-134.163,0.003,0.126,-0.315
BNBUSDC,BOLL,1m,"{""window"": 14, ""window_dev"": 1.5}",atr,"{""atr_window"": 14, ""sl_mult"": 2.0, ""tp_mult"": 4.0}",4696,7.67,-100.0,-100.0,-100.285,0.011,0.176,-0.335
BNBUSDC,BOLL,1m,"{""window"": 14, ""window_dev"": 2}",flat,"{""sl_pct"": 2.0, ""tp_pct"": 4.0}",53,28.3,-30.49,-37.42,-3.333,0.609,3.516,-2.294
BNBUSDC,BOLL,1m,"{""window"": 14, ""window_dev"": 2}",flat,"{""sl_pct"": 1.0, ""tp_pct"": 2.0}",203,32.51,-48.66,-51.53,-5.446,0.636,1.694,-1.288
BNBUSDC,BOLL,1m,"{""window"": 14, ""window_dev"": 2}",flat,"{""sl_pct"": 3.0, ""tp_pct"": 6.0}",27,29.63,-15.63,-29.56,-1.397,0.734,5.682,-3.169
BNBUSDC,BOLL,1m,"{""window"": 14, ""window_dev"": 2}",atr,"{""atr_window"": 14, ""sl_mult"": 1.0, ""tp_mult"": 2.0}",4173,1.15,-100.0,-100.0,-121.683,0.0,0.102,-0.299
BNBUSDC,BOLL,1m,"{""window"": 14, ""window_dev"": 2}",atr,"{""atr_window"": 14, ""sl_mult"": 1.5, ""tp_mult"": 3.0}",3642,4.34,-100.0,-100.0,-107.005,0.004,0.13,-0.312
BNBUSDC,BOLL,1m,"{""window"": 14, ""window_dev"": 2}",atr,"{""atr_window"": 14, ""sl_mult"": 2.0, ""tp_mult"": 4.0}",3085,8.1,-99.99,-99.99,-95.468,0.018,0.16,-0.335
BNBUSDC,BOLL,1m,"{""window"": 14, ""window_dev"": 2.5}",flat,"{""sl_pct"": 2.0, ""tp_pct"": 4.0}",55,32.73,-21.19,-29.53,-2.251,0.735,3.51,-2.294
BNBUSDC,BOLL,1m,"{""window"": 14, ""window_dev"": 2.5}",flat,"{""sl_pct"": 1.0, ""tp_pct"": 2.0}",163,33.13,-40.57,-42.86,-5.62,0.641,1.685,-1.297
BNBUSDC,BOLL,1m,"{""window"": 14, ""window_dev"": 2.5}",flat,"{""sl_pct"": 3.0, ""tp_pct"": 6.0}",26,34.62,-11.72,-26.44,-0.999,0.79,5.073,-3.291
BNBUSDC,BOLL,1m,"{""window"": 14, ""window_dev"": 2.5}",atr,"{""atr_window"": 14, ""sl_mult"": 1.0, ""tp_mult"": 2.0}",1438,0.97,-98.54,-98.54,-80.093,0.002,0.071,-0.297
BNBUSDC,BOLL,1m,"{""window"": 14, ""window_dev"": 2.5}",atr,"{""atr_window"": 14, ""sl_mult"": 1.5, ""tp_mult"": 3.0}",1354,4.43,-98.21,-98.21,-73.623,0.011,0.111,-0.316
BNBUSDC,BOLL,1m,"{""window"": 14, ""window_dev"": 2.5}",atr,"{""atr_window"": 14, ""sl_mult"": 2.0, ""tp_mult"": 4.0}",1283,8.5,-97.79,-97.79,-68.124,0.03,0.154,-0.338
BNBUSDC,BOLL,1m,"{""window"": 20, ""window_dev"": 1.5}",flat,"{""sl_pct"": 2.0, ""tp_pct"": 4.0}",53,30.19,-25.91,-34.99,-2.58,0.665,3.554,-2.294
BNBUSDC,BOLL,1m,"{""window"": 20, ""window_dev"": 1.5}",flat,"{""sl_pct"": 1.0, ""tp_pct"": 2.0}",206,31.07,-53.49,-55.47,-6.003,0.597,1.694,-1.288
BNBUSDC,BOLL,1m,"{""window"": 20, ""window_dev"": 1.5}",flat,"{""sl_pct"": 3.0, ""tp_pct"": 6.0}",27,25.93,-22.41,-33.17,-2.216,0.616,5.682,-3.15
BNBUSDC,BOLL,1m,"{""window"": 20, ""window_dev"": 1.5}",atr,"{""atr_window"": 14, ""sl_mult"": 1.0, ""tp_mult"": 2.0}",7350,1.36,-100.0,-100.0,-141.042,0.0,0.106,-0.298
BNBUSDC,BOLL,1m,"{""window"": 20, ""window_dev"": 1.5}",atr,"{""atr_window"": 14, ""sl_mult"": 1.5, ""tp_mult"": 3.0}",5635,4.6,-100.0,-100.0,-116.138,0.003,0.142,-0.314
BNBUSDC,BOLL,1m,"{""window"": 20, ""window_dev"": 1.5}",atr,"{""atr_window"": 14, ""sl_mult"": 2.0, ""tp_mult"": 4.0}",4361,8.28,-100.0,-100.0,-97.336,0.013,0.181,-0.335
BNBUSDC,BOLL,1m,"{""window"": 20, ""window_dev"": 2}",flat,"{""sl_pct"": 2.0, ""tp_pct"": 4.0}",54,31.48,-24.07,-32.32,-2.582,0.689,3.493,-2.294
BNBUSDC,BOLL,1m,"{""window"": 20, ""window_dev"": 2}",flat,"{""sl_pct"": 1.0, ""tp_pct"": 2.0}",195,31.79,-49.41,-52.1,-5.988,0.615,1.694,-1.287
BNBUSDC,BOLL,1m,"{""window"": 20, ""window_dev"": 2}",flat,"{""sl_pct"": 3.0, ""tp_pct"": 6.0}",25,32.0,-16.47,-29.4,-1.705,0.695,4.997,-3.291
BNBUSDC,BOLL,1m,"{""window"": 20, ""window_dev"": 2}",atr,"{""atr_window"": 14, ""sl_mult"": 1.0, ""tp_mult"": 2.0}",4187,1.34,-100.0,-100.0,-107.055,0.0,0.101,-0.298
BNBUSDC,BOLL,1m,"{""window"": 20, ""window_dev"": 2}",atr,"{""atr_window"": 14, ""sl_mult"": 1.5, ""tp_mult"": 3.0}",3601,4.64,-100.0,-100.0,-95.362,0.006,0.133,-0.311
BNBUSDC,BOLL,1m,"{""window"": 20, ""window_dev"": 2}",atr,"{""atr_window"": 14, ""sl_mult"": 2.0, ""tp_mult"": 4.0}",3035,9.09,-99.98,-99.98,-84.27,0.021,0.168,-0.335
BNBUSDC,BOLL,1m,"{""window"": 20, ""window_dev"": 2.5}",flat,"{""sl_pct"": 2.0, ""tp_pct"": 4.0}",57,33.33,-20.37,-29.7,-2.224,0.75,3.505,-2.294
BNBUSDC,BOLL,1m,"{""window"": 20, ""window_dev"": 2.5}",flat,"{""sl_pct"": 1.0, ""tp_pct"": 2.0}",173,34.68,-37.41,-42.19,-4.905,0.693,1.691,-1.297
BNBUSDC,BOLL,1m,"{""window"": 20, ""window_dev"": 2.5}",flat,"{""sl_pct"": 3.0, ""tp_pct"": 6.0}",25,24.0,-24.43,-33.35,-2.685,0.549,5.682,-3.167
BNBUSDC,BOLL,1m,"{""window"": 20, ""window_dev"": 2.5}",atr,"{""atr_window"": 14, ""sl_mult"": 1.0, ""tp_mult"": 2.0}",1694,1.53,-99.26,-99.26,-77.614,0.004,0.112,-0.295
BNBUSDC,BOLL,1m,"{""window"": 20, ""window_dev"": 2.5}",atr,"{""atr_window"": 14, ""sl_mult"": 1.5, ""tp_mult"": 3.0}",1581,5.0,-99.02,-99.02,-74.371,0.015,0.129,-0.314
BNBUSDC,BOLL,1m,"{""window"": 20, ""window_dev"": 2.5}",atr,"{""atr_window"": 14, ""sl_mult"": 2.0, ""tp_mult"": 4.0}",1491,9.93,-98.6,-98.6,-70.263,0.04,0.17,-0.336
BNBUSDC,MOM,1m,"{""window"": 5, ""buy_threshold"": 2, ""sell_threshold"": -2}",flat,"{""sl_pct"": 2.0, ""tp_pct"": 4.0}",2,0.0,-4.53,-4.69,-3.147,0.0,,-2.294
BNBUSDC,MOM,1m,"{""window"": 5, ""buy_threshold"": 2, ""sell_threshold"": -2}",flat,"{""sl_pct"": 1.0, ""tp_pct"": 2.0}",2,0.0,-2.58,-2.73,-3.287,0.0,,-1.297
BNBUSDC,MOM,1m,"{""window"": 5, ""buy_threshold"": 2, ""sell_threshold"": -2}",flat,"{""sl_pct"": 3.0, ""tp_pct"": 6.0}",2,0.0,-6.47,-6.62,-3.248,0.0,,-3.291
BNBUSDC,MOM,1m,"{""window"": 5, ""buy_threshold"": 2, ""sell_threshold"": -2}",atr,"{""atr_window"": 14, ""sl_mult"": 1.0, ""tp_mult"": 2.0}",2,0.0,-1.34,-1.5,-2.803,0.0,,-0.673
BNBUSDC,MOM,1m,"{""window"": 5, ""buy_threshold"": 2, ""sell_threshold"": -2}",atr,"{""atr_window"": 14, ""sl_mult"": 1.5, ""tp_mult"": 3.0}",2,0.0,-1.71,-1.87,-2.781,0.0,,-0.86
BNBUSDC,MOM,1m,"{""window"": 5, ""buy_threshold"": 2, ""sell_threshold"": -2}",atr,"{""atr_window"": 14, ""sl_mult"": 2.0, ""tp_mult"": 4.0}",2,0.0,-2.08,-2.24,-2.766,0.0,,-1.046
BNBUSDC,MOM,1m,"{""window"": 5, ""buy_threshold"": 3, ""sell_threshold"": -3}",flat,"{""sl_pct"": 2.0, ""tp_pct"": 4.0}",0,,0.0,0.0,,,,
BNBUSDC,MOM,1m,"{""window"": 5, ""buy_threshold"": 3, ""sell_threshold"": -3}",flat,"{""sl_pct"": 1.0, ""tp_pct"": 2.0}",0,,0.0,0.0,,,,
BNBUSDC,MOM,1m,"{""window"": 5, ""buy_threshold"": 3, ""sell_threshold"": -3}",flat,"{""sl_pct"": 3.0, ""tp_pct"": 6.0}",0,,0.0,0.0,,,,
BNBUSDC,MOM,1m,"{""window"": 5, ""buy_threshold"": 3, ""sell_threshold"": -3}",atr,"{""atr_window"": 14, ""sl_mult"": 1.0, ""tp_mult"": 2.0}",0,,0.0,0.0,,,,
BNBUSDC,MOM,1m,"{""window"": 5, ""buy_threshold"": 3, ""sell_threshold"": -3}",atr,"{""atr_window"": 14, ""sl_mult"": 1.5, ""tp_mult"": 3.0}",0,,0.0,0.0,,,,
BNBUSDC,MOM,1m,"{""window"": 5, ""buy_threshold"": 3, ""sell_threshold"": -3}",atr,"{""atr_window"": 14, ""sl_mult"": 2.0, ""tp_mult"": 4.0}",0,,0.0,0.0,,,,
BNBUSDC,MOM,1m,"{""window"": 5, ""buy_threshold"": 5, ""sell_threshold"": -5}",flat,"{""sl_pct"": 2.0, ""tp_pct"": 4.0}",0,,0.0,0.0,,,,
BNBUSDC,MOM,1m,"{""window"": 5, ""buy_threshold"": 5, ""sell_threshold"": -5}",flat,"{""sl_pct"": 1.0, ""tp_pct"": 2.0}",0,,0.0,0.0,,,,
BNBUSDC,MOM,1m,"{""window"": 5, ""buy_threshold"": 5, ""sell_threshold"": -5}",flat,"{""sl_pct"": 3.0, ""tp_pct"": 6.0}",0,,0.0,0.0,,,,
BNBUSDC,MOM,1m,"{""window"": 5, ""buy_threshold"": 5, ""sell_threshold"": -5}",atr,"{""atr_window"": 14, ""sl_mult"": 1.0, ""tp_mult"": 2.0}",0,,0.0,0.0,,,,
BNBUSDC,MOM,1m,"{""window"": 5, ""buy_threshold"": 5, ""sell_threshold"": -5}",atr,"{""atr_window"": 14, ""sl_mult"": 1.5, ""tp_mult"": 3.0}",0,,0.0,0.0,,,,
BNBUSDC,MOM,1m,"{""window"": 5, ""buy_threshold"": 5, ""sell_threshold"": -5}",atr,"{""atr_window"": 14, ""sl_mult"": 2.0, ""tp_mult"": 4.0}",0,,0.0,0.0,,,,
BNBUSDC,MOM,1m,"{""window"": 10, ""buy_threshold"": 2, ""sell_threshold"": -2}",flat,"{""sl_pct"": 2.0, ""tp_pct"": 4.0}",3,33.33,-1.01,-5.64,-0.438,0.781,3.688,-2.294
BNBUSDC,MOM,1m,"{""window"": 10, ""buy_threshold"": 2, ""sell_threshold"": -2}",flat,"{""sl_pct"": 1.0, ""tp_pct"": 2.0}",4,50.0,0.75,-2.33,1.073,1.285,1.694,-1.297
BNBUSDC,MOM,1m,"{""window"": 10, ""buy_threshold"": 2, ""sell_threshold"": -2}",flat,"{""sl_pct"": 3.0, ""tp_pct"": 6.0}",3,33.33,-1.16,-6.61,-0.27,0.826,5.682,-3.291
BNBUSDC,MOM,1m,"{""window"": 10, ""buy_threshold"": 2, ""sell_threshold"": -2}",atr,"{""atr_window"": 14, ""sl_mult"": 1.0, ""tp_mult"": 2.0}",6,33.33,-1.6,-2.6,-2.518,0.373,0.476,-0.639
BNBUSDC,MOM,1m,"{""window"": 10, ""buy_threshold"": 2, ""sell_threshold"": -2}",atr,"{""atr_window"": 14, ""sl_mult"": 1.5, ""tp_mult"": 3.0}",5,20.0,-2.45,-3.75,-3.096,0.217,0.68,-0.787
BNBUSDC,MOM,1m,"{""window"": 10, ""buy_threshold"": 2, ""sell_threshold"": -2}",atr,"{""atr_window"": 14, ""sl_mult"": 2.0, ""tp_mult"": 4.0}",4,25.0,-1.91,-3.52,-3.149,0.345,1.006,-0.972
BNBUSDC,MOM,1m,"{""window"": 10, ""buy_threshold"": 3, ""sell_threshold"": -3}",flat,"{""sl_pct"": 2.0, ""tp_pct"": 4.0}",1,0.0,-2.29,-2.45,-2.014,0.0,,-2.294
BNBUSDC,MOM,1m,"{""window"": 10, ""buy_threshold"": 3, ""sell_threshold"": -3}",flat,"{""sl_pct"": 1.0, ""tp_pct"": 2.0}",1,0.0,-1.3,-1.46,-2.014,0.0,,-1.297
BNBUSDC,MOM,1m,"{""window"": 10, ""buy_threshold"": 3, ""sell_threshold"": -3}",flat,"{""sl_pct"": 3.0, ""tp_pct"": 6.0}",1,0.0,-3.29,-3.45,-2.014,0.0,,-3.291
BNBUSDC,MOM,1m,"{""window"": 10, ""buy_threshold"": 3, ""sell_threshold"": -3}",atr,"{""atr_window"": 14, ""sl_mult"": 1.0, ""tp_mult"": 2.0}",1,0.0,-0.81,-0.97,-2.014,0.0,,-0.812
BNBUSDC,MOM,1m,"{""window"": 10, ""buy_threshold"": 3, ""sell_threshold"": -3}",atr,"{""atr_window"": 14, ""sl_mult"": 1.5, ""tp_mult"": 3.0}",1,0.0,-1.07,-1.23,-2.014,0.0,,-1.068
BNBUSDC,MOM,1m,"{""window"": 10, ""buy_threshold"": 3, ""sell_threshold"": -3}",atr,"{""atr_window"": 14, ""sl_mult"": 2.0, ""tp_mult"": 4.0}",1,0.0,-1.32,-1.48,-2.014,0.0,,-1.325
BNBUSDC,MOM,1m,"{""window"": 10, ""buy_threshold"": 5, ""sell_threshold"": -5}",flat,"{""sl_pct"": 2.0, ""tp_pct"": 4.0}",0,,0.0,0.0,,,,
BNBUSDC,MOM,1m,"{""window"": 10, ""buy_threshold"": 5, ""sell_threshold"": -5}",flat,"{""sl_pct"": 1.0, ""tp_pct"": 2.0}",0,,0.0,0.0,,,,
BNBUSDC,MOM,1m,"{""window"": 10, ""buy_threshold"": 5, ""sell_threshold"": -5}",flat,"{""sl_pct"": 3.0, ""tp_pct"": 6.0}",0,,0.0,0.0,,,,
BNBUSDC,MOM,1m,"{""window"": 10, ""buy_threshold"": 5, ""sell_threshold"": -5}",atr,"{""atr_window"": 14, ""sl_mult"": 1.0, ""tp_mult"": 2.0}",0,,0.0,0.0,,,,
BNBUSDC,MOM,1m,"{""window"": 10, ""buy_threshold"": 5, ""sell_threshold"": -5}",atr,"{""atr_window"": 14, ""sl_mult"": 1.5, ""tp_mult"": 3.0}",0,,0.0,0.0,,,,
BNBUSDC,MOM,1m,"{""window"": 10, ""buy_threshold"": 5, ""sell_threshold"": -5}",atr,"{""atr_window"": 14, ""sl_mult"": 2.0, ""tp_mult"": 4.0}",0,,0.0,0.0,,,,
BNBUSDC,RSI,15m,"{""window"": 10, ""buy_threshold"": 20, ""sell_threshold"": 70}",flat,"{""sl_pct"": 2.0, ""tp_pct"": 4.0}",51,27.45,-31.84,-34.55,-2.766,0.539,3.456,-2.294
BNBUSDC,RSI,15m,"{""window"": 10, ""buy_threshold"": 20, ""sell_threshold"": 70}",flat,"{""sl_pct"": 1.0, ""tp_pct"": 2.0}",80,30.0,-28.37,-31.61,-3.683,0.529,1.669,-1.297
BNBUSDC,RSI,15m,"{""window"": 10, ""buy_threshold"": 20, ""sell_threshold"": 70}",flat,"{""sl_pct"": 3.0, ""tp_pct"": 6.0}",36,33.33,-16.14,-26.97,-0.811,0.761,5.369,-3.291
BNBUSDC,RSI,15m,"{""window"": 10, ""buy_threshold"": 20, ""sell_threshold"": 70}",atr,"{""atr_window"": 14, ""sl_mult"": 1.0, ""tp_mult"": 2.0}",117,29.06,-32.94,-33.12,-5.828,0.275,0.449,-0.662
BNBUSDC,RSI,15m,"{""window"": 10, ""buy_threshold"": 20, ""sell_threshold"": 70}",atr,"{""atr_window"": 14, ""sl_mult"": 1.5, ""tp_mult"": 3.0}",103,31.07,-30.01,-31.14,-4.675,0.404,0.813,-0.863
BNBUSDC,RSI,15m,"{""window"": 10, ""buy_threshold"": 20, ""sell_threshold"": 70}",atr,"{""atr_window"": 14, ""sl_mult"": 2.0, ""tp_mult"": 4.0}",95,29.47,-35.05,-36.65,-4.526,0.393,1.061,-1.078
BNBUSDC,RSI,15m,"{""window"": 10, ""buy_threshold"": 20, ""sell_threshold"": 80}",flat,"{""sl_pct"": 2.0, ""tp_pct"": 4.0}",51,27.45,-31.84,-34.55,-2.766,0.539,3.456,-2.294
BNBUSDC,RSI,15m,"{""window"": 10, ""buy_threshold"": 20, ""sell_threshold"": 80}",flat,"{""sl_pct"": 1.0, ""tp_pct"": 2.0}",80,30.0,-28.37,-31.61,-3.683,0.529,1.669,-1.297
BNBUSDC,RSI,15m,"{""window"": 10, ""buy_threshold"": 20, ""sell_threshold"": 80}",flat,"{""sl_pct"": 3.0, ""tp_pct"": 6.0}",36,33.33,-16.14,-26.97,-0.811,0.761,5.369,-3.291
BNBUSDC,RSI,15m,"{""window"": 10, ""buy_threshold"": 20, ""sell_threshold"": 80}",atr,"{""atr_window"": 14, ""sl_mult"": 1.0, ""tp_mult"": 2.0}",117,29.06,-32.94,-33.12,-5.828,0.275,0.449,-0.662
BNBUSDC,RSI,15m,"{""window"": 10, ""buy_threshold"": 20, ""sell_threshold"": 80}",atr,"{""atr_window"": 14, ""sl_mult"": 1.5, ""tp_mult"": 3.0}",103,31.07,-30.01,-31.14,-4.675,0.404,0.813,-0.863
BNBUSDC,RSI,15m,"{""window"": 10, ""buy_threshold"": 20, ""sell_threshold"": 80}",atr,"{""atr_window"": 14, ""sl_mult"": 2.0, ""tp_mult"": 4.0}",95,29.47,-35.05,-36.65,-4.526,0.393,1.061,-1.078
BNBUSDC,RSI,15m,"{""window"": 10, ""buy_threshold"": 30, ""sell_threshold"": 70}",flat,"{""sl_pct"": 2.0, ""tp_pct"": 4.0}",102,32.35,-35.44,-39.16,-1.915,0.7,3.59,-2.294
BNBUSDC,RSI,15m,"{""window"": 10, ""buy_threshold"": 30, ""sell_threshold"": 70}",flat,"{""sl_pct"": 1.0, ""tp_pct"": 2.0}",241,33.61,-51.67,-53.64,-4.29,0.612,1.694,-1.297
BNBUSDC,RSI,15m,"{""window"": 10, ""buy_threshold"": 30, ""sell_threshold"": 70}",flat,"{""sl_pct"": 3.0, ""tp_pct"": 6.0}",54,27.78,-40.43,-43.27,-2.208,0.572,5.392,-3.291
BNBUSDC,RSI,15m,"{""window"": 10, ""buy_threshold"": 30, ""sell_threshold"": 70}",atr,"{""atr_window"": 14, ""sl_mult"": 1.0, ""tp_mult"": 2.0}",489,31.49,-76.9,-77.06,-10.215,0.346,0.486,-0.657
BNBUSDC,RSI,15m,"{""window"": 10, ""buy_threshold"": 30, ""sell_threshold"": 70}",atr,"{""atr_window"": 14, ""sl_mult"": 1.5, ""tp_mult"": 3.0}",388,34.54,-67.61,-68.0,-7.27,0.476,0.819,-0.869
BNBUSDC,RSI,15m,"{""window"": 10, ""buy_threshold"": 30, ""sell_threshold"": 70}",atr,"{""atr_window"": 14, ""sl_mult"": 2.0, ""tp_mult"": 4.0}",320,33.12,-66.96,-67.53,-6.385,0.497,1.136,-1.068
BNBUSDC,RSI,15m,"{""window"": 10, ""buy_threshold"": 30, ""sell_threshold"": 80}",flat,"{""sl_pct"": 2.0, ""tp_pct"": 4.0}",102,32.35,-35.44,-39.16,-1.915,0.7,3.59,-2.294
BNBUSDC,RSI,15m,"{""window"": 10, ""buy_threshold"": 30, ""sell_threshold"": 80}",flat,"{""sl_pct"": 1.0, ""tp_pct"": 2.0}",241,33.61,-51.67,-53.64,-4.29,0.612,1.694,-1.297
BNBUSDC,RSI,15m,"{""window"": 10, ""buy_threshold"": 30, ""sell_threshold"": 80}",flat,"{""sl_pct"": 3.0, ""tp_pct"": 6.0}",54,27.78,-40.43,-43.27,-2.208,0.572,5.392,-3.291
BNBUSDC,RSI,15m,"{""window"": 10, ""buy_threshold"": 30, ""sell_threshold"": 80}",atr,"{""atr_window"": 14, ""sl_mult"": 1.0, ""tp_mult"": 2.0}",489,31.49,-76.9,-77.06,-10.215,0.346,0.486,-0.657
BNBUSDC,RSI,15m,"{""window"": 10, ""buy_threshold"": 30, ""sell_threshold"": 80}",atr,"{""atr_window"": 14, ""sl_mult"": 1.5, ""tp_mult"": 3.0}",388,34.54,-67.61,-68.0,-7.27,0.476,0.819,-0.869
BNBUSDC,RSI,15m,"{""window"": 10, ""buy_threshold"": 30, ""sell_threshold"": 80}",atr,"{""atr_window"": 14, ""sl_mult"": 2.0, ""tp_mult"": 4.0}",320,33.12,-66.96,-67.53,-6.385,0.497,1.136,-1.068
BNBUSDC,RSI,15m,"{""window"": 14, ""buy_threshold"": 20, ""sell_threshold"": 70}",flat,"{""sl_pct"": 2.0, ""tp_pct"": 4.0}",28,32.14,-12.64,-26.08,-1.16,0.669,3.457,-2.294
BNBUSDC,RSI,15m,"{""window"": 14, ""buy_threshold"": 20, ""sell_threshold"": 70}",flat,"{""sl_pct"": 1.0, ""tp_pct"": 2.0}",37,27.03,-16.83,-18.22,-2.792,0.472,1.694,-1.297
BNBUSDC,RSI,15m,"{""window"": 14, ""buy_threshold"": 20, ""sell_threshold"": 70}",flat,"{""sl_pct"": 3.0, ""tp_pct"": 6.0}",22,31.82,-14.3,-20.88,-0.902,0.679,5.1,-3.291
BNBUSDC,RSI,15m,"{""window"": 14, ""buy_threshold"": 20, ""sell_threshold"": 70}",atr,"{""atr_window"": 14, ""sl_mult"": 1.0, ""tp_mult"": 2.0}",47,27.66,-17.42,-17.99,-4.206,0.265,0.541,-0.766
BNBUSDC,RSI,15m,"{""window"": 14, ""buy_threshold"": 20, ""sell_threshold"": 70}",atr,"{""atr_window"": 14, ""sl_mult"": 1.5, ""tp_mult"": 3.0}",44,31.82,-16.21,-19.94,-3.223,0.404,0.924,-1.013
BNBUSDC,RSI,15m,"{""window"": 14, ""buy_threshold"": 20, ""sell_threshold"": 70}",atr,"{""atr_window"": 14, ""sl_mult"": 2.0, ""tp_mult"": 4.0}",39,28.21,-19.35,-22.45,-3.11,0.37,1.239,-1.242
BNBUSDC,RSI,15m,"{""window"": 14, ""buy_threshold"": 20, ""sell_threshold"": 80}",flat,"{""sl_pct"": 2.0, ""tp_pct"": 4.0}",28,32.14,-12.64,-26.08,-1.16,0.669,3.457,-2.294
BNBUSDC,RSI,15m,"{""window"": 14, ""buy_threshold"": 20, ""sell_threshold"": 80}",flat,"{""sl_pct"": 1.0, ""tp_pct"": 2.0}",37,27.03,-16.83,-18.22,-2.792,0.472,1.694,-1.297
BNBUSDC,RSI,15m,"{""window"": 14, ""buy_threshold"": 20, ""sell_threshold"": 80}",flat,"{""sl_pct"": 3.0, ""tp_pct"": 6.0}",22,31.82,-14.3,-20.88,-0.902,0.679,5.1,-3.291
BNBUSDC,RSI,15m,"{""window"": 14, ""buy_threshold"": 20, ""sell_threshold"": 80}",atr,"{""atr_window"": 14, ""sl_mult"": 1.0, ""tp_mult"": 2.0}",47,27.66,-17.42,-17.99,-4.206,0.265,0.541,-0.766
BNBUSDC,RSI,15m,"{""window"": 14, ""buy_threshold"": 20, ""sell_threshold"": 80}",atr,"{""atr_window"": 14, ""sl_mult"": 1.5, ""tp_mult"": 3.0}",44,31.82,-16.21,-19.94,-3.223,0.404,0.924,-1.013
BNBUSDC,RSI,15m,"{""window"": 14, ""buy_threshold"": 20, ""sell_threshold"": 80}",atr,"{""atr_window"": 14, ""sl_mult"": 2.0, ""tp_mult"": 4.0}",39,28.21,-19.35,-22.45,-3.11,0.37,1.239,-1.242
BNBUSDC,RSI,15m,"{""window"": 14, ""buy_threshold"": 30, ""sell_threshold"": 70}",flat,"{""sl_pct"": 2.0, ""tp_pct"": 4.0}",88,30.68,-37.45,-41.48,-2.207,0.631,3.568,-2.294
BNBUSDC,RSI,15m,"{""window"": 14, ""buy_threshold"": 30, ""sell_threshold"": 70}",flat,"{""sl_pct"": 1.0, ""tp_pct"": 2.0}",169,34.91,-36.26,-40.17,-2.975,0.651,1.684,-1.297
BNBUSDC,RSI,15m,"{""window"": 14, ""buy_threshold"": 30, ""sell_threshold"": 70}",flat,"{""sl_pct"": 3.0, ""tp_pct"": 6.0}",53,33.96,-19.62,-30.91,-0.848,0.801,5.44,-3.291
BNBUSDC,RSI,15m,"{""window"": 14, ""buy_threshold"": 30, ""sell_threshold"": 70}",atr,"{""atr_window"": 14, ""sl_mult"": 1.0, ""tp_mult"": 2.0}",307,32.9,-56.74,-56.86,-6.649,0.401,0.565,-0.68
BNBUSDC,RSI,15m,"{""window"": 14, ""buy_threshold"": 30, ""sell_threshold"": 70}",atr,"{""atr_window"": 14, ""sl_mult"": 1.5, ""tp_mult"": 3.0}",250,34.4,-51.02,-51.3,-5.221,0.5,0.917,-0.907
BNBUSDC,RSI,15m,"{""window"": 14, ""buy_threshold"": 30, ""sell_threshold"": 70}",atr,"{""atr_window"": 14, ""sl_mult"": 2.0, ""tp_mult"": 4.0}",210,31.9,-54.68,-55.42,-5.415,0.475,1.215,-1.109
BNBUSDC,RSI,15m,"{""window"": 14, ""buy_threshold"": 30, ""sell_threshold"": 80}",flat,"{""sl_pct"": 2.0, ""tp_pct"": 4.0}",88,30.68,-37.45,-41.48,-2.207,0.631,3.568,-2.294
BNBUSDC,RSI,15m,"{""window"": 14, ""buy_threshold"": 30, ""sell_threshold"": 80}",flat,"{""sl_pct"": 1.0, ""tp_pct"": 2.0}",169,34.91,-36.26,-40.17,-2.975,0.651,1.684,-1.297
BNBUSDC,RSI,15m,"{""window"": 14, ""buy_threshold"": 30, ""sell_threshold"": 80}",flat,"{""sl_pct"": 3.0, ""tp_pct"": 6.0}",53,33.96,-19.62,-30.91,-0.848,0.801,5.44,-3.291
BNBUSDC,RSI,15m,"{""window"": 14, ""buy_threshold"": 30, ""sell_threshold"": 80}",atr,"{""atr_window"": 14, ""sl_mult"": 1.0, ""tp_mult"": 2.0}",307,32.9,-56.74,-56.86,-6.649,0.401,0.565,-0.68
BNBUSDC,RSI,15m,"{""window"": 14, ""buy_threshold"": 30, ""sell_threshold"": 80}",atr,"{""atr_window"": 14, ""sl_mult"": 1.5, ""tp_mult"": 3.0}",250,34.4,-51.02,-51.3,-5.221,0.5,0.917,-0.907
BNBUSDC,RSI,15m,"{""window"": 14, ""buy_threshold"": 30, ""sell_threshold"": 80}",atr,"{""atr_window"": 14, ""sl_mult"": 2.0, ""tp_mult"": 4.0}",210,31.9,-54.68,-55.42,-5.415,0.475,1.215,-1.109
BNBUSDC,EMA,15m,"{""short_span"": 5, ""long_span"": 20}",flat,"{""sl_pct"": 2.0, ""tp_pct"": 4.0}",95,27.37,-50.02,-51.04,-3.598,0.559,3.554,-2.294
BNBUSDC,EMA,15m,"{""short_span"": 5, ""long_span"": 20}",flat,"{""sl_pct"": 1.0, ""tp_pct"": 2.0}",223,27.8,-65.65,-66.0,-6.426,0.471,1.68,-1.297
BNBUSDC,EMA,15m,"{""short_span"": 5, ""long_span"": 20}",flat,"{""sl_pct"": 3.0, ""tp_pct"": 6.0}",56,25.0,-49.59,-51.61,-3.151,0.497,5.29,-3.291
BNBUSDC,EMA,15m,"{""short_span"": 5, ""long_span"": 20}",atr,"{""atr_window"": 14, ""sl_mult"": 1.0, ""tp_mult"": 2.0}",507,30.77,-79.91,-79.93,-14.695,0.274,0.337,-0.604
BNBUSDC,EMA,15m,"{""short_span"": 5, ""long_span"": 20}",atr,"{""atr_window"": 14, ""sl_mult"": 1.5, ""tp_mult"": 3.0}",425,33.18,-74.89,-75.07,-10.058,0.401,0.619,-0.789
BNBUSDC,EMA,15m,"{""short_span"": 5, ""long_span"": 20}",atr,"{""atr_window"": 14, ""sl_mult"": 2.0, ""tp_mult"": 4.0}",325,31.69,-71.66,-71.9,-8.515,0.412,0.857,-0.958
BNBUSDC,EMA,15m,"{""short_span"": 9, ""long_span"": 21}",flat,"{""sl_pct"": 2.0, ""tp_pct"": 4.0}",94,26.6,-51.76,-52.91,-3.842,0.518,3.552,-2.294
BNBUSDC,EMA,15m,"{""short_span"": 9, ""long_span"": 21}",flat,"{""sl_pct"": 1.0, ""tp_pct"": 2.0}",204,28.92,-59.91,-61.56,-5.917,0.498,1.672,-1.297
BNBUSDC,EMA,15m,"{""short_span"": 9, ""long_span"": 21}",flat,"{""sl_pct"": 3.0, ""tp_pct"": 6.0}",53,24.53,-48.95,-51.16,-3.167,0.483,5.267,-3.291
BNBUSDC,EMA,15m,"{""short_span"": 9, ""long_span"": 21}",atr,"{""atr_window"": 14, ""sl_mult"": 1.0, ""tp_mult"": 2.0}",385,30.13,-72.93,-73.15,-13.798,0.217,0.306,-0.615
BNBUSDC,EMA,15m,"{""short_span"": 9, ""long_span"": 21}",atr,"{""atr_window"": 14, ""sl_mult"": 1.5, ""tp_mult"": 3.0}",343,32.94,-67.71,-68.05,-9.239,0.395,0.63,-0.795
BNBUSDC,EMA,15m,"{""short_span"": 9, ""long_span"": 21}",atr,"{""atr_window"": 14, ""sl_mult"": 2.0, ""tp_mult"": 4.0}",282,34.4,-63.93,-64.26,-7.081,0.428,0.834,-0.98
BNBUSDC,EMA,15m,"{""short_span"": 12, ""long_span"": 26}",flat,"{""sl_pct"": 2.0, ""tp_pct"": 4.0}",89,26.97,-49.05,-49.99,-3.529,0.531,3.538,-2.294
BNBUSDC,EMA,15m,"{""short_span"": 12, ""long_span"": 26}",flat,"{""sl_pct"": 1.0, ""tp_pct"": 2.0}",179,30.73,-50.74,-51.13,-4.845,0.559,1.669,-1.297
BNBUSDC,EMA,15m,"{""short_span"": 12, ""long_span"": 26}",flat,"{""sl_pct"": 3.0, ""tp_pct"": 6.0}",45,26.67,-33.58,-35.89,-1.955,0.602,5.682,-3.196
BNBUSDC,EMA,15m,"{""short_span"": 12, ""long_span"": 26}",atr,"{""atr_window"": 14, ""sl_mult"": 1.0, ""tp_mult"": 2.0}",313,27.16,-66.72,-67.13,-14.222,0.228,0.345,-0.609
BNBUSDC,EMA,15m,"{""short_span"": 12, ""long_span"": 26}",atr,"{""atr_window"": 14, ""sl_mult"": 1.5, ""tp_mult"": 3.0}",290,27.93,-67.26,-67.6,-11.142,0.348,0.656,-0.783
BNBUSDC,EMA,15m,"{""short_span"": 12, ""long_span"": 26}",atr,"{""atr_window"": 14, ""sl_mult"": 2.0, ""tp_mult"": 4.0}",247,30.77,-62.04,-62.39,-7.372,0.419,0.935,-0.974
BNBUSDC,EMA,15m,"{""short_span"": 5, ""long_span"": 13}",flat,"{""sl_pct"": 2.0, ""tp_pct"": 4.0}",98,27.55,-50.49,-51.93,-3.544,0.566,3.562,-2.294
BNBUSDC,EMA,15m,"{""short_span"": 5, ""long_span"": 13}",flat,"{""sl_pct"": 1.0, ""tp_pct"": 2.0}",240,29.58,-63.99,-64.58,-5.95,0.502,1.682,-1.297
BNBUSDC,EMA,15m,"{""short_span"": 5, ""long_span"": 13}",flat,"{""sl_pct"": 3.0, ""tp_pct"": 6.0}",57,26.32,-46.47,-47.36,-2.875,0.54,5.348,-3.291
BNBUSDC,EMA,15m,"{""short_span"": 5, ""long_span"": 13}",atr,"{""atr_window"": 14, ""sl_mult"": 1.0, ""tp_mult"": 2.0}",600,29.83,-85.48,-85.48,-16.159,0.276,0.342,-0.601
BNBUSDC,EMA,15m,"{""short_span"": 5, ""long_span"": 13}",atr,"{""atr_window"": 14, ""sl_mult"": 1.5, ""tp_mult"": 3.0}",483,33.13,-78.32,-78.47,-11.387,0.405,0.647,-0.788
BNBUSDC,EMA,15m,"{""short_span"": 5, ""long_span"": 13}",atr,"{""atr_window"": 14, ""sl_mult"": 2.0, ""tp_mult"": 4.0}",346,32.37,-71.88,-72.12,-7.933,0.444,0.916,-0.972
BNBUSDC,MACD,15m,"{""fast"": 12, ""slow"": 26, ""signal"": 9}",flat,"{""sl_pct"": 2.0, ""tp_pct"": 4.0}",110,29.09,-49.23,-50.11,-3.11,0.617,3.602,-2.294
BNBUSDC,MACD,15m,"{""fast"": 12, ""slow"": 26, ""signal"": 9}",flat,"{""sl_pct"": 1.0, ""tp_pct"": 2.0}",274,31.39,-63.85,-64.3,-5.725,0.571,1.684,-1.297
BNBUSDC,MACD,15m,"{""fast"": 12, ""slow"": 26, ""signal"": 9}",flat,"{""sl_pct"": 3.0, ""tp_pct"": 6.0}",61,26.23,-48.7,-50.01,-2.765,0.522,5.384,-3.291
BNBUSDC,MACD,15m,"{""fast"": 12, ""slow"": 26, ""signal"": 9}",atr,"{""atr_window"": 14, ""sl_mult"": 1.0, ""tp_mult"": 2.0}",617,32.25,-84.09,-84.11,-15.967,0.322,0.353,-0.605
BNBUSDC,MACD,15m,"{""fast"": 12, ""slow"": 26, ""signal"": 9}",atr,"{""atr_window"": 14, ""sl_mult"": 1.5, ""tp_mult"": 3.0}",519,34.3,-80.01,-80.22,-11.062,0.417,0.647,-0.804
BNBUSDC,MACD,15m,"{""fast"": 12, ""slow"": 26, ""signal"": 9}",atr,"{""atr_window"": 14, ""sl_mult"": 2.0, ""tp_mult"": 4.0}",364,34.89,-72.39,-72.67,-7.081,0.434,0.875,-1.003
BNBUSDC,MACD,15m,"{""fast"": 5, ""slow"": 35, ""signal"": 5}",flat,"{""sl_pct"": 2.0, ""tp_pct"": 4.0}",114,30.7,-45.05,-46.19,-2.654,0.661,3.591,-2.294
BNBUSDC,MACD,15m,"{""fast"": 5, ""slow"": 35, ""signal"": 5}",flat,"{""sl_pct"": 1.0, ""tp_pct"": 2.0}",325,31.08,-70.84,-71.49,-5.855,0.546,1.688,-1.297
BNBUSDC,MACD,15m,"{""fast"": 5, ""slow"": 35, ""signal"": 5}",flat,"{""sl_pct"": 3.0, ""tp_pct"": 6.0}",66,25.76,-52.64,-54.13,-3.098,0.512,5.394,-3.291
BNBUSDC,MACD,15m,"{""fast"": 5, ""slow"": 35, ""signal"": 5}",atr,"{""atr_window"": 14, ""sl_mult"": 1.0, ""tp_mult"": 2.0}",963,30.63,-95.15,-95.15,-20.286,0.289,0.366,-0.612
BNBUSDC,MACD,15m,"{""fast"": 5, ""slow"": 35, ""signal"": 5}",atr,"{""atr_window"": 14, ""sl_mult"": 1.5, ""tp_mult"": 3.0}",687,35.23,-87.44,-87.53,-12.067,0.439,0.67,-0.825
BNBUSDC,MACD,15m,"{""fast"": 5, ""slow"": 35, ""signal"": 5}",atr,"{""atr_window"": 14, ""sl_mult"": 2.0, ""tp_mult"": 4.0}",427,33.96,-80.26,-80.42,-8.562,0.404,0.9,-1.029
BNBUSDC,MACD,15m,"{""fast"": 8, ""slow"": 21, ""signal"": 5}",flat,"{""sl_pct"": 2.0, ""tp_pct"": 4.0}",120,30.0,-49.26,-50.32,-2.956,0.636,3.594,-2.294
BNBUSDC,MACD,15m,"{""fast"": 8, ""slow"": 21, ""signal"": 5}",flat,"{""sl_pct"": 1.0, ""tp_pct"": 2.0}",321,30.53,-71.95,-72.54,-6.138,0.53,1.687,-1.297
BNBUSDC,MACD,15m,"{""fast"": 8, ""slow"": 21, ""signal"": 5}",flat,"{""sl_pct"": 3.0, ""tp_pct"": 6.0}",67,25.37,-54.2,-55.64,-3.209,0.502,5.394,-3.291
BNBUSDC,MACD,15m,"{""fast"": 8, ""slow"": 21, ""signal"": 5}",atr,"{""atr_window"": 14, ""sl_mult"": 1.0, ""tp_mult"": 2.0}",895,30.17,-94.2,-94.2,-20.776,0.292,0.366,-0.611
BNBUSDC,MACD,15m,"{""fast"": 8, ""slow"": 21, ""signal"": 5}",atr,"{""atr_window"": 14, ""sl_mult"": 1.5, ""tp_mult"": 3.0}",669,34.83,-86.87,-86.96,-12.002,0.44,0.674,-0.82
BNBUSDC,MACD,15m,"{""fast"": 8, ""slow"": 21, ""signal"": 5}",atr,"{""atr_window"": 14, ""sl_mult"": 2.0, ""tp_mult"": 4.0}",427,33.26,-81.3,-81.48,-8.999,0.385,0.89,-1.023
BNBUSDC,MACD,15m,"{""fast"": 12, ""slow"": 26, ""signal"": 5}",flat,"{""sl_pct"": 2.0, ""tp_pct"": 4.0}",113,28.32,-52.71,-53.5,-3.323,0.591,3.597,-2.294
BNBUSDC,MACD,15m,"{""fast"": 12, ""slow"": 26, ""signal"": 5}",flat,"{""sl_pct"": 1.0, ""tp_pct"": 2.0}",298,30.54,-69.27,-69.64,-6.111,0.532,1.686,-1.297
BNBUSDC,MACD,15m,"{""fast"": 12, ""slow"": 26, ""signal"": 5}",flat,"{""sl_pct"": 3.0, ""tp_pct"": 6.0}",59,25.42,-49.88,-51.06,-2.758,0.495,5.355,-3.291
BNBUSDC,MACD,15m,"{""fast"": 12, ""slow"": 26, ""signal"": 5}",atr,"{""atr_window"": 14, ""sl_mult"": 1.0, ""tp_mult"": 2.0}",759,32.41,-89.55,-89.55,-16.556,0.318,0.36,-0.61
BNBUSDC,MACD,15m,"{""fast"": 12, ""slow"": 26, ""signal"": 5}",atr,"{""atr_window"": 14, ""sl_mult"": 1.5, ""tp_mult"": 3.0}",607,34.76,-84.73,-84.84,-11.33,0.424,0.653,-0.816
BNBUSDC,MACD,15m,"{""fast"": 12, ""slow"": 26, ""signal"": 5}",atr,"{""atr_window"": 14, ""sl_mult"": 2.0, ""tp_mult"": 4.0}",394,34.01,-77.6,-77.83,-7.91,0.407,0.901,-1.03
BNBUSDC,BOLL,15m,"{""window"": 14, ""window_dev"": 1.5}",flat,"{""sl_pct"": 2.0, ""tp_pct"": 4.0}",112,28.57,-51.34,-53.4,-3.022,0.572,3.615,-2.294
BNBUSDC,BOLL,15m,"{""window"": 14, ""window_dev"": 1.5}",flat,"{""sl_pct"": 1.0, ""tp_pct"": 2.0}",326,29.14,-75.96,-76.45,-7.04,0.472,1.687,-1.297
BNBUSDC,BOLL,15m,"{""window"": 14, ""window_dev"": 1.5}",flat,"{""sl_pct"": 3.0, ""tp_pct"": 6.0}",64,28.12,-45.08,-46.93,-2.257,0.579,5.368,-3.291
BNBUSDC,BOLL,15m,"{""window"": 14, ""window_dev"": 1.5}",atr,"{""atr_window"": 14, ""sl_mult"": 1.0, ""tp_mult"": 2.0}",950,30.74,-94.77,-94.79,-16.294,0.294,0.393,-0.62
BNBUSDC,BOLL,15m,"{""window"": 14, ""window_dev"": 1.5}",atr,"{""atr_window"": 14, ""sl_mult"": 1.5, ""tp_mult"": 3.0}",674,31.9,-89.77,-89.87,-11.79,0.397,0.732,-0.833
BNBUSDC,BOLL,15m,"{""window"": 14, ""window_dev"": 1.5}",atr,"{""atr_window"": 14, ""sl_mult"": 2.0, ""tp_mult"": 4.0}",503,33.0,-82.06,-82.31,-7.757,0.483,1.065,-1.024
BNBUSDC,BOLL,15m,"{""window"": 14, ""window_dev"": 2}",flat,"{""sl_pct"": 2.0, ""tp_pct"": 4.0}",109,30.28,-44.82,-47.66,-2.549,0.613,3.607,-2.294
BNBUSDC,BOLL,15m,"{""window"": 14, ""window_dev"": 2}",flat,"{""sl_pct"": 1.0, ""tp_pct"": 2.0}",251,28.69,-67.8,-68.46,-6.541,0.475,1.685,-1.297
BNBUSDC,BOLL,15m,"{""window"": 14, ""window_dev"": 2}",flat,"{""sl_pct"": 3.0, ""tp_pct"": 6.0}",53,26.42,-44.32,-46.23,-2.488,0.511,5.282,-3.291
BNBUSDC,BOLL,15m,"{""window"": 14, ""window_dev"": 2}",atr,"{""atr_window"": 14, ""sl_mult"": 1.0, ""tp_mult"": 2.0}",560,28.93,-84.34,-84.39,-15.216,0.269,0.398,-0.625
BNBUSDC,BOLL,15m,"{""window"": 14, ""window_dev"": 2}",atr,"{""atr_window"": 14, ""sl_mult"": 1.5, ""tp_mult"": 3.0}",451,31.93,-80.48,-80.56,-10.307,0.323,0.647,-0.83
BNBUSDC,BOLL,15m,"{""window"": 14, ""window_dev"": 2}",atr,"{""atr_window"": 14, ""sl_mult"": 2.0, ""tp_mult"": 4.0}",374,31.28,-76.18,-76.3,-8.632,0.42,1.016,-1.012
BNBUSDC,BOLL,15m,"{""window"": 14, ""window_dev"": 2.5}",flat,"{""sl_pct"": 2.0, ""tp_pct"": 4.0}",73,31.51,-29.46,-35.09,-1.986,0.663,3.591,-2.294
BNBUSDC,BOLL,15m,"{""window"": 14, ""window_dev"": 2.5}",flat,"{""sl_pct"": 1.0, ""tp_pct"": 2.0}",140,27.86,-48.77,-50.16,-5.975,0.488,1.679,-1.297
BNBUSDC,BOLL,15m,"{""window"": 14, ""window_dev"": 2.5}",flat,"{""sl_pct"": 3.0, ""tp_pct"": 6.0}",47,29.79,-25.99,-29.59,-1.5,0.711,5.682,-3.203
BNBUSDC,BOLL,15m,"{""window"": 14, ""window_dev"": 2.5}",atr,"{""atr_window"": 14, ""sl_mult"": 1.0, ""tp_mult"": 2.0}",216,31.02,-43.28,-43.52,-8.575,0.383,0.522,-0.612
BNBUSDC,BOLL,15m,"{""window"": 14, ""window_dev"": 2.5}",atr,"{""atr_window"": 14, ""sl_mult"": 1.5, ""tp_mult"": 3.0}",195,33.33,-43.03,-43.4,-6.224,0.478,0.8,-0.826
BNBUSDC,BOLL,15m,"{""window"": 14, ""window_dev"": 2.5}",atr,"{""atr_window"": 14, ""sl_mult"": 2.0, ""tp_mult"": 4.0}",177,30.51,-42.36,-42.86,-4.589,0.562,1.27,-0.993
BNBUSDC,BOLL,15m,"{""window"": 20, ""window_dev"": 1.5}",flat,"{""sl_pct"": 2.0, ""tp_pct"": 4.0}",120,27.5,-57.11,-58.99,-3.46,0.538,3.617,-2.294
BNBUSDC,BOLL,15m,"{""window"": 20, ""window_dev"": 1.5}",flat,"{""sl_pct"": 1.0, ""tp_pct"": 2.0}",321,29.28,-75.07,-75.58,-6.663,0.492,1.688,-1.297
BNBUSDC,BOLL,15m,"{""window"": 20, ""window_dev"": 1.5}",flat,"{""sl_pct"": 3.0, ""tp_pct"": 6.0}",63,25.4,-52.45,-53.82,-2.845,0.474,5.329,-3.291
BNBUSDC,BOLL,15m,"{""window"": 20, ""window_dev"": 1.5}",atr,"{""atr_window"": 14, ""sl_mult"": 1.0, ""tp_mult"": 2.0}",923,28.49,-95.64,-95.66,-16.293,0.274,0.411,-0.635
BNBUSDC,BOLL,15m,"{""window"": 20, ""window_dev"": 1.5}",atr,"{""atr_window"": 14, ""sl_mult"": 1.5, ""tp_mult"": 3.0}",660,31.82,-89.41,-89.5,-11.475,0.396,0.734,-0.835
BNBUSDC,BOLL,15m,"{""window"": 20, ""window_dev"": 1.5}",atr,"{""atr_window"": 14, ""sl_mult"": 2.0, ""tp_mult"": 4.0}",496,32.26,-84.36,-84.56,-8.06,0.436,1.071,-1.051
BNBUSDC,BOLL,15m,"{""window"": 20, ""window_dev"": 2}",flat,"{""sl_pct"": 2.0, ""tp_pct"": 4.0}",103,30.1,-43.49,-46.92,-2.511,0.606,3.612,-2.294
BNBUSDC,BOLL,15m,"{""window"": 20, ""window_dev"": 2}",flat,"{""sl_pct"": 1.0, ""tp_pct"": 2.0}",251,32.67,-56.56,-57.45,-5.023,0.589,1.687,-1.297
BNBUSDC,BOLL,15m,"{""window"": 20, ""window_dev"": 2}",flat,"{""sl_pct"": 3.0, ""tp_pct"": 6.0}",54,27.78,-41.16,-43.63,-2.251,0.557,5.309,-3.291
BNBUSDC,BOLL,15m,"{""window"": 20, ""window_dev"": 2}",atr,"{""atr_window"": 14, ""sl_mult"": 1.0, ""tp_mult"": 2.0}",553,29.29,-82.18,-82.22,-13.576,0.318,0.442,-0.621
BNBUSDC,BOLL,15m,"{""window"": 20, ""window_dev"": 2}",atr,"{""atr_window"": 14, ""sl_mult"": 1.5, ""tp_mult"": 3.0}",444,31.98,-76.9,-77.04,-9.109,0.393,0.738,-0.826
BNBUSDC,BOLL,15m,"{""window"": 20, ""window_dev"": 2}",atr,"{""atr_window"": 14, ""sl_mult"": 2.0, ""tp_mult"": 4.0}",373,34.85,-67.63,-67.95,-7.051,0.529,1.042,-1.012
BNBUSDC,BOLL,15m,"{""window"": 20, ""window_dev"": 2.5}",flat,"{""sl_pct"": 2.0, ""tp_pct"": 4.0}",86,31.4,-34.23,-39.85,-2.206,0.66,3.583,-2.294
BNBUSDC,BOLL,15m,"{""window"": 20, ""window_dev"": 2.5}",flat,"{""sl_pct"": 1.0, ""tp_pct"": 2.0}",158,31.65,-43.75,-45.11,-4.629,0.58,1.682,-1.297
BNBUSDC,BOLL,15m,"{""window"": 20, ""window_dev"": 2.5}",flat,"{""sl_pct"": 3.0, ""tp_pct"": 6.0}",54,29.63,-34.52,-38.94,-1.833,0.645,5.448,-3.291
BNBUSDC,BOLL,15m,"{""window"": 20, ""window_dev"": 2.5}",atr,"{""atr_window"": 14, ""sl_mult"": 1.0, ""tp_mult"": 2.0}",261,32.18,-51.0,-51.29,-10.116,0.389,0.482,-0.628
BNBUSDC,BOLL,15m,"{""window"": 20, ""window_dev"": 2.5}",atr,"{""atr_window"": 14, ""sl_mult"": 1.5, ""tp_mult"": 3.0}",240,35.42,-50.01,-50.01,-6.107,0.474,0.727,-0.839
BNBUSDC,BOLL,15m,"{""window"": 20, ""window_dev"": 2.5}",atr,"{""atr_window"": 14, ""sl_mult"": 2.0, ""tp_mult"": 4.0}",215,33.49,-48.26,-48.7,-4.886,0.543,1.08,-0.993
BNBUSDC,MOM,15m,"{""window"": 5, ""buy_threshold"": 2, ""sell_threshold"": -2}",flat,"{""sl_pct"": 2.0, ""tp_pct"": 4.0}",25,24.0,-20.03,-20.03,-2.224,0.49,3.688,-2.294
BNBUSDC,MOM,15m,"{""window"": 5, ""buy_threshold"": 2, ""sell_threshold"": -2}",flat,"{""sl_pct"": 1.0, ""tp_pct"": 2.0}",32,31.25,-11.23,-11.58,-2.184,0.591,1.694,-1.297
BNBUSDC,MOM,15m,"{""window"": 5, ""buy_threshold"": 2, ""sell_threshold"": -2}",flat,"{""sl_pct"": 3.0, ""tp_pct"": 6.0}",20,20.0,-26.97,-27.46,-2.139,0.4,5.682,-3.291
BNBUSDC,MOM,15m,"{""window"": 5, ""buy_threshold"": 2, ""sell_threshold"": -2}",atr,"{""atr_window"": 14, ""sl_mult"": 1.0, ""tp_mult"": 2.0}",34,20.59,-17.47,-17.47,-3.736,0.36,1.476,-1.083
BNBUSDC,MOM,15m,"{""window"": 5, ""buy_threshold"": 2, ""sell_threshold"": -2}",atr,"{""atr_window"": 14, ""sl_mult"": 1.5, ""tp_mult"": 3.0}",29,17.24,-20.96,-20.96,-2.907,0.35,2.551,-1.489
BNBUSDC,MOM,15m,"{""window"": 5, ""buy_threshold"": 2, ""sell_threshold"": -2}",atr,"{""atr_window"": 14, ""sl_mult"": 2.0, ""tp_mult"": 4.0}",27,18.52,-29.75,-30.59,-3.67,0.21,2.088,-2.049
BNBUSDC,MOM,15m,"{""window"": 5, ""buy_threshold"": 3, ""sell_threshold"": -3}",flat,"{""sl_pct"": 2.0, ""tp_pct"": 4.0}",6,16.67,-7.67,-8.86,-1.82,0.32,3.688,-2.294
BNBUSDC,MOM,15m,"{""window"": 5, ""buy_threshold"": 3, ""sell_threshold"": -3}",flat,"{""sl_pct"": 1.0, ""tp_pct"": 2.0}",7,0.0,-8.73,-8.78,-3.368,0.0,,-1.297
BNBUSDC,MOM,15m,"{""window"": 5, ""buy_threshold"": 3, ""sell_threshold"": -3}",flat,"{""sl_pct"": 3.0, ""tp_pct"": 6.0}",6,16.67,-10.6,-12.53,-1.764,0.341,5.682,-3.291
BNBUSDC,MOM,15m,"{""window"": 5, ""buy_threshold"": 3, ""sell_threshold"": -3}",atr,"{""atr_window"": 14, ""sl_mult"": 1.0, ""tp_mult"": 2.0}",6,16.67,-1.35,-3.74,-0.382,0.744,3.981,-1.046
BNBUSDC,MOM,15m,"{""window"": 5, ""buy_threshold"": 3, ""sell_threshold"": -3}",atr,"{""atr_window"": 14, ""sl_mult"": 1.5, ""tp_mult"": 3.0}",6,16.67,-1.2,-4.89,-0.2,0.833,6.121,-1.419
BNBUSDC,MOM,15m,"{""window"": 5, ""buy_threshold"": 3, ""sell_threshold"": -3}",atr,"{""atr_window"": 14, ""sl_mult"": 2.0, ""tp_mult"": 4.0}",6,0.0,-12.83,-16.4,-1.947,0.0,,-2.257
BNBUSDC,MOM,15m,"{""window"": 5, ""buy_threshold"": 5, ""sell_threshold"": -5}",flat,"{""sl_pct"": 2.0, ""tp_pct"": 4.0}",1,100.0,3.69,-3.23,1.424,inf,3.688,
BNBUSDC,MOM,15m,"{""window"": 5, ""buy_threshold"": 5, ""sell_threshold"": -5}",flat,"{""sl_pct"": 1.0, ""tp_pct"": 2.0}",1,0.0,-1.3,-2.63,-1.424,0.0,,-1.297
BNBUSDC,MOM,15m,"{""window"": 5, ""buy_threshold"": 5, ""sell_threshold"": -5}",flat,"{""sl_pct"": 3.0, ""tp_pct"": 6.0}",1,100.0,5.68,-3.23,1.424,inf,5.682,
BNBUSDC,MOM,15m,"{""window"": 5, ""buy_threshold"": 5, ""sell_threshold"": -5}",atr,"{""atr_window"": 14, ""sl_mult"": 1.0, ""tp_mult"": 2.0}",1,100.0,3.98,-3.23,1.424,inf,3.981,
BNBUSDC,MOM,15m,"{""window"": 5, ""buy_threshold"": 5, ""sell_threshold"": -5}",atr,"{""atr_window"": 14, ""sl_mult"": 1.5, ""tp_mult"": 3.0}",1,100.0,6.12,-3.23,1.424,inf,6.121,
BNBUSDC,MOM,15m,"{""window"": 5, ""buy_threshold"": 5, ""sell_threshold"": -5}",atr,"{""atr_window"": 14, ""sl_mult"": 2.0, ""tp_mult"": 4.0}",1,0.0,-4.58,-10.97,-0.775,0.0,,-4.58
BNBUSDC,MOM,15m,"{""window"": 10, ""buy_threshold"": 2, ""sell_threshold"": -2}",flat,"{""sl_pct"": 2.0, ""tp_pct"": 4.0}",48,20.83,-40.52,-40.72,-3.466,0.413,3.688,-2.294
BNBUSDC,MOM,15m,"{""window"": 10, ""buy_threshold"": 2, ""sell_threshold"": -2}",flat,"{""sl_pct"": 1.0, ""tp_pct"": 2.0}",59,28.81,-23.09,-23.18,-2.956,0.536,1.694,-1.297
BNBUSDC,MOM,15m,"{""window"": 10, ""buy_threshold"": 2, ""sell_threshold"": -2}",flat,"{""sl_pct"": 3.0, ""tp_pct"": 6.0}",33,27.27,-26.33,-26.47,-1.513,0.623,5.682,-3.291
BNBUSDC,MOM,15m,"{""window"": 10, ""buy_threshold"": 2, ""sell_threshold"": -2}",atr,"{""atr_window"": 14, ""sl_mult"": 1.0, ""tp_mult"": 2.0}",66,31.82,-22.73,-23.24,-3.822,0.416,0.863,-0.969
BNBUSDC,MOM,15m,"{""window"": 10, ""buy_threshold"": 2, ""sell_threshold"": -2}",atr,"{""atr_window"": 14, ""sl_mult"": 1.5, ""tp_mult"": 3.0}",58,29.31,-20.31,-24.71,-2.754,0.563,1.656,-1.224
BNBUSDC,MOM,15m,"{""window"": 10, ""buy_threshold"": 2, ""sell_threshold"": -2}",atr,"{""atr_window"": 14, ""sl_mult"": 2.0, ""tp_mult"": 4.0}",50,26.0,-31.67,-32.68,-3.384,0.37,1.721,-1.613
BNBUSDC,MOM,15m,"{""window"": 10, ""buy_threshold"": 3, ""sell_threshold"": -3}",flat,"{""sl_pct"": 2.0, ""tp_pct"": 4.0}",14,21.43,-13.63,-18.15,-1.72,0.412,3.688,-2.294
BNBUSDC,MOM,15m,"{""window"": 10, ""buy_threshold"": 3, ""sell_threshold"": -3}",flat,"{""sl_pct"": 1.0, ""tp_pct"": 2.0}",18,22.22,-10.91,-11.13,-2.375,0.368,1.694,-1.297
BNBUSDC,MOM,15m,"{""window"": 10, ""buy_threshold"": 3, ""sell_threshold"": -3}",flat,"{""sl_pct"": 3.0, ""tp_pct"": 6.0}",13,23.08,-15.53,-22.99,-1.658,0.488,5.682,-3.291
BNBUSDC,MOM,15m,"{""window"": 10, ""buy_threshold"": 3, ""sell_threshold"": -3}",atr,"{""atr_window"": 14, ""sl_mult"": 1.0, ""tp_mult"": 2.0}",20,20.0,-13.48,-13.7,-3.022,0.182,0.824,-1.104
BNBUSDC,MOM,15m,"{""window"": 10, ""buy_threshold"": 3, ""sell_threshold"": -3}",atr,"{""atr_window"": 14, ""sl_mult"": 1.5, ""tp_mult"": 3.0}",17,29.41,-5.66,-8.9,-1.027,0.655,2.176,-1.368
BNBUSDC,MOM,15m,"{""window"": 10, ""buy_threshold"": 3, ""sell_threshold"": -3}",atr,"{""atr_window"": 14, ""sl_mult"": 2.0, ""tp_mult"": 4.0}",16,25.0,-14.29,-17.64,-2.05,0.331,1.92,-1.898
BNBUSDC,MOM,15m,"{""window"": 10, ""buy_threshold"": 5, ""sell_threshold"": -5}",flat,"{""sl_pct"": 2.0, ""tp_pct"": 4.0}",1,0.0,-2.29,-2.29,-1.424,0.0,,-2.294
BNBUSDC,MOM,15m,"{""window"": 10, ""buy_threshold"": 5, ""sell_threshold"": -5}",flat,"{""sl_pct"": 1.0, ""tp_pct"": 2.0}",1,0.0,-1.3,-1.3,-1.424,0.0,,-1.297
BNBUSDC,MOM,15m,"{""window"": 10, ""buy_threshold"": 5, ""sell_threshold"": -5}",flat,"{""sl_pct"": 3.0, ""tp_pct"": 6.0}",1,100.0,5.68,-3.23,1.424,inf,5.682,
BNBUSDC,MOM,15m,"{""window"": 10, ""buy_threshold"": 5, ""sell_threshold"": -5}",atr,"{""atr_window"": 14, ""sl_mult"": 1.0, ""tp_mult"": 2.0}",1,0.0,-2.18,-2.18,-1.424,0.0,,-2.178
BNBUSDC,MOM,15m,"{""window"": 10, ""buy_threshold"": 5, ""sell_threshold"": -5}",atr,"{""atr_window"": 14, ""sl_mult"": 1.5, ""tp_mult"": 3.0}",1,100.0,5.34,-3.23,1.424,inf,5.335,
BNBUSDC,MOM,15m,"{""window"": 10, ""buy_threshold"": 5, ""sell_threshold"": -5}",atr,"{""atr_window"": 14, ""sl_mult"": 2.0, ""tp_mult"": 4.0}",1,0.0,-4.06,-9.79,-0.823,0.0,,-4.056
BNBUSDC,RSI,1h,"{""window"": 10, ""buy_threshold"": 20, ""sell_threshold"": 70}",flat,"{""sl_pct"": 2.0, ""tp_pct"": 4.0}",49,28.57,-27.9,-37.48,-1.591,0.568,3.527,-2.294
BNBUSDC,RSI,1h,"{""window"": 10, ""buy_threshold"": 20, ""sell_threshold"": 70}",flat,"{""sl_pct"": 1.0, ""tp_pct"": 2.0}",61,27.87,-25.27,-26.59,-2.352,0.479,1.678,-1.297
BNBUSDC,RSI,1h,"{""window"": 10, ""buy_threshold"": 20, ""sell_threshold"": 70}",flat,"{""sl_pct"": 3.0, ""tp_pct"": 6.0}",38,39.47,1.85,-35.86,0.201,1.025,5.398,-3.291
BNBUSDC,RSI,1h,"{""window"": 10, ""buy_threshold"": 20, ""sell_threshold"": 70}",atr,"{""atr_window"": 14, ""sl_mult"": 1.0, ""tp_mult"": 2.0}",65,30.77,-25.22,-30.69,-1.902,0.54,1.698,-1.377
BNBUSDC,RSI,1h,"{""window"": 10, ""buy_threshold"": 20, ""sell_threshold"": 70}",atr,"{""atr_window"": 14, ""sl_mult"": 1.5, ""tp_mult"": 3.0}",55,30.91,-13.2,-32.36,-0.629,0.81,3.181,-1.742
BNBUSDC,RSI,1h,"{""window"": 10, ""buy_threshold"": 20, ""sell_threshold"": 70}",atr,"{""atr_window"": 14, ""sl_mult"": 2.0, ""tp_mult"": 4.0}",50,26.0,-27.59,-40.51,-1.231,0.654,4.248,-2.281
BNBUSDC,RSI,1h,"{""window"": 10, ""buy_threshold"": 20, ""sell_threshold"": 80}",flat,"{""sl_pct"": 2.0, ""tp_pct"": 4.0}",49,28.57,-27.9,-37.48,-1.591,0.568,3.527,-2.294
BNBUSDC,RSI,1h,"{""window"": 10, ""buy_threshold"": 20, ""sell_threshold"": 80}",flat,"{""sl_pct"": 1.0, ""tp_pct"": 2.0}",61,27.87,-25.27,-26.59,-2.352,0.479,1.678,-1.297
BNBUSDC,RSI,1h,"{""window"": 10, ""buy_threshold"": 20, ""sell_threshold"": 80}",flat,"{""sl_pct"": 3.0, ""tp_pct"": 6.0}",38,39.47,1.85,-35.86,0.201,1.025,5.398,-3.291
BNBUSDC,RSI,1h,"{""window"": 10, ""buy_threshold"": 20, ""sell_threshold"": 80}",atr,"{""atr_window"": 14, ""sl_mult"": 1.0, ""tp_mult"": 2.0}",65,30.77,-25.22,-30.69,-1.902,0.54,1.698,-1.377
BNBUSDC,RSI,1h,"{""window"": 10, ""buy_threshold"": 20, ""sell_threshold"": 80}",atr,"{""atr_window"": 14, ""sl_mult"": 1.5, ""tp_mult"": 3.0}",55,30.91,-13.2,-32.36,-0.629,0.81,3.181,-1.742
BNBUSDC,RSI,1h,"{""window"": 10, ""buy_threshold"": 20, ""sell_threshold"": 80}",atr,"{""atr_window"": 14, ""sl_mult"": 2.0, ""tp_mult"": 4.0}",50,26.0,-27.59,-40.51,-1.231,0.654,4.248,-2.281
BNBUSDC,RSI,1h,"{""window"": 10, ""buy_threshold"": 30, ""sell_threshold"": 70}",flat,"{""sl_pct"": 2.0, ""tp_pct"": 4.0}",131,32.06,-43.53,-53.61,-1.559,0.709,3.621,-2.294
BNBUSDC,RSI,1h,"{""window"": 10, ""buy_threshold"": 30, ""sell_threshold"": 70}",flat,"{""sl_pct"": 1.0, ""tp_pct"": 2.0}",206,32.04,-51.53,-57.77,-3.109,0.627,1.685,-1.297
BNBUSDC,RSI,1h,"{""window"": 10, ""buy_threshold"": 30, ""sell_threshold"": 70}",flat,"{""sl_pct"": 3.0, ""tp_pct"": 6.0}",93,31.18,-44.3,-61.97,-1.255,0.771,5.516,-3.291
BNBUSDC,RSI,1h,"{""window"": 10, ""buy_threshold"": 30, ""sell_threshold"": 70}",atr,"{""atr_window"": 14, ""sl_mult"": 1.0, ""tp_mult"": 2.0}",228,32.46,-53.73,-57.85,-3.025,0.621,1.497,-1.203
BNBUSDC,RSI,1h,"{""window"": 10, ""buy_threshold"": 30, ""sell_threshold"": 70}",atr,"{""atr_window"": 14, ""sl_mult"": 1.5, ""tp_mult"": 3.0}",188,30.32,-53.69,-59.73,-2.357,0.674,2.462,-1.625
BNBUSDC,RSI,1h,"{""window"": 10, ""buy_threshold"": 30, ""sell_threshold"": 70}",atr,"{""atr_window"": 14, ""sl_mult"": 2.0, ""tp_mult"": 4.0}",151,30.46,-54.09,-65.4,-1.91,0.69,3.27,-2.114
BNBUSDC,RSI,1h,"{""window"": 10, ""buy_threshold"": 30, ""sell_threshold"": 80}",flat,"{""sl_pct"": 2.0, ""tp_pct"": 4.0}",131,32.06,-43.53,-53.61,-1.559,0.709,3.621,-2.294
BNBUSDC,RSI,1h,"{""window"": 10, ""buy_threshold"": 30, ""sell_threshold"": 80}",flat,"{""sl_pct"": 1.0, ""tp_pct"": 2.0}",206,32.04,-51.53,-57.77,-3.109,0.627,1.685,-1.297
BNBUSDC,RSI,1h,"{""window"": 10, ""buy_threshold"": 30, ""sell_threshold"": 80}",flat,"{""sl_pct"": 3.0, ""tp_pct"": 6.0}",93,31.18,-44.3,-61.97,-1.255,0.771,5.516,-3.291
BNBUSDC,RSI,1h,"{""window"": 10, ""buy_threshold"": 30, ""sell_threshold"": 80}",atr,"{""atr_window"": 14, ""sl_mult"": 1.0, ""tp_mult"": 2.0}",228,32.46,-53.73,-57.85,-3.025,0.621,1.497,-1.203
BNBUSDC,RSI,1h,"{""window"": 10, ""buy_threshold"": 30, ""sell_threshold"": 80}",atr,"{""atr_window"": 14, ""sl_mult"": 1.5, ""tp_mult"": 3.0}",188,30.32,-53.69,-59.73,-2.357,0.674,2.462,-1.625
BNBUSDC,RSI,1h,"{""window"": 10, ""buy_threshold"": 30, ""sell_threshold"": 80}",atr,"{""atr_window"": 14, ""sl_mult"": 2.0, ""tp_mult"": 4.0}",151,30.46,-54.09,-65.4,-1.91,0.69,3.27,-2.114
BNBUSDC,RSI,1h,"{""window"": 14, ""buy_threshold"": 20, ""sell_threshold"": 70}",flat,"{""sl_pct"": 2.0, ""tp_pct"": 4.0}",20,30.0,-10.19,-23.31,-0.785,0.653,3.688,-2.294
BNBUSDC,RSI,1h,"{""window"": 14, ""buy_threshold"": 20, ""sell_threshold"": 70}",flat,"{""sl_pct"": 1.0, ""tp_pct"": 2.0}",25,32.0,-8.37,-14.04,-1.117,0.587,1.694,-1.297
BNBUSDC,RSI,1h,"{""window"": 14, ""buy_threshold"": 20, ""sell_threshold"": 70}",flat,"{""sl_pct"": 3.0, ""tp_pct"": 6.0}",16,31.25,-8.76,-22.36,-0.456,0.746,5.682,-3.291
BNBUSDC,RSI,1h,"{""window"": 14, ""buy_threshold"": 20, ""sell_threshold"": 70}",atr,"{""atr_window"": 14, ""sl_mult"": 1.0, ""tp_mult"": 2.0}",25,28.0,-13.02,-19.53,-1.484,0.439,1.594,-1.377
BNBUSDC,RSI,1h,"{""window"": 14, ""buy_threshold"": 20, ""sell_threshold"": 70}",atr,"{""atr_window"": 14, ""sl_mult"": 1.5, ""tp_mult"": 3.0}",23,30.43,-12.94,-23.45,-1.13,0.557,2.576,-1.953
BNBUSDC,RSI,1h,"{""window"": 14, ""buy_threshold"": 20, ""sell_threshold"": 70}",atr,"{""atr_window"": 14, ""sl_mult"": 2.0, ""tp_mult"": 4.0}",21,38.1,-3.45,-19.54,-0.17,0.896,3.839,-2.538
BNBUSDC,RSI,1h,"{""window"": 14, ""buy_threshold"": 20, ""sell_threshold"": 80}",flat,"{""sl_pct"": 2.0, ""tp_pct"": 4.0}",20,30.0,-10.19,-23.31,-0.785,0.653,3.688,-2.294
BNBUSDC,RSI,1h,"{""window"": 14, ""buy_threshold"": 20, ""sell_threshold"": 80}",flat,"{""sl_pct"": 1.0, ""tp_pct"": 2.0}",25,32.0,-8.37,-14.04,-1.117,0.587,1.694,-1.297
BNBUSDC,RSI,1h,"{""window"": 14, ""buy_threshold"": 20, ""sell_threshold"": 80}",flat,"{""sl_pct"": 3.0, ""tp_pct"": 6.0}",16,31.25,-8.76,-22.36,-0.456,0.746,5.682,-3.291
BNBUSDC,RSI,1h,"{""window"": 14, ""buy_threshold"": 20, ""sell_threshold"": 80}",atr,"{""atr_window"": 14, ""sl_mult"": 1.0, ""tp_mult"": 2.0}",25,28.0,-13.02,-19.53,-1.484,0.439,1.594,-1.377
BNBUSDC,RSI,1h,"{""window"": 14, ""buy_threshold"": 20, ""sell_threshold"": 80}",atr,"{""atr_window"": 14, ""sl_mult"": 1.5, ""tp_mult"": 3.0}",23,30.43,-12.94,-23.45,-1.13,0.557,2.576,-1.953
BNBUSDC,RSI,1h,"{""window"": 14, ""buy_threshold"": 20, ""sell_threshold"": 80}",atr,"{""atr_window"": 14, ""sl_mult"": 2.0, ""tp_mult"": 4.0}",21,38.1,-3.45,-19.54,-0.17,0.896,3.839,-2.538
BNBUSDC,RSI,1h,"{""window"": 14, ""buy_threshold"": 30, ""sell_threshold"": 70}",flat,"{""sl_pct"": 2.0, ""tp_pct"": 4.0}",94,29.79,-42.5,-49.6,-1.793,0.617,3.557,-2.294
BNBUSDC,RSI,1h,"{""window"": 14, ""buy_threshold"": 30, ""sell_threshold"": 70}",flat,"{""sl_pct"": 1.0, ""tp_pct"": 2.0}",138,29.71,-43.99,-51.44,-3.003,0.542,1.688,-1.297
BNBUSDC,RSI,1h,"{""window"": 14, ""buy_threshold"": 30, ""sell_threshold"": 70}",flat,"{""sl_pct"": 3.0, ""tp_pct"": 6.0}",70,31.43,-35.94,-53.7,-1.067,0.725,5.425,-3.291
BNBUSDC,RSI,1h,"{""window"": 14, ""buy_threshold"": 30, ""sell_threshold"": 70}",atr,"{""atr_window"": 14, ""sl_mult"": 1.0, ""tp_mult"": 2.0}",145,33.1,-37.14,-47.1,-2.164,0.641,1.654,-1.276
BNBUSDC,RSI,1h,"{""window"": 14, ""buy_threshold"": 30, ""sell_threshold"": 70}",atr,"{""atr_window"": 14, ""sl_mult"": 1.5, ""tp_mult"": 3.0}",122,30.33,-39.13,-53.25,-1.703,0.677,2.724,-1.728
BNBUSDC,RSI,1h,"{""window"": 14, ""buy_threshold"": 30, ""sell_threshold"": 70}",atr,"{""atr_window"": 14, ""sl_mult"": 2.0, ""tp_mult"": 4.0}",103,29.13,-47.78,-64.15,-1.782,0.629,3.455,-2.242
BNBUSDC,RSI,1h,"{""window"": 14, ""buy_threshold"": 30, ""sell_threshold"": 80}",flat,"{""sl_pct"": 2.0, ""tp_pct"": 4.0}",94,29.79,-42.5,-49.6,-1.793,0.617,3.557,-2.294
BNBUSDC,RSI,1h,"{""window"": 14, ""buy_threshold"": 30, ""sell_threshold"": 80}",flat,"{""sl_pct"": 1.0, ""tp_pct"": 2.0}",138,29.71,-43.99,-51.44,-3.003,0.542,1.688,-1.297
BNBUSDC,RSI,1h,"{""window"": 14, ""buy_threshold"": 30, ""sell_threshold"": 80}",flat,"{""sl_pct"": 3.0, ""tp_pct"": 6.0}",70,31.43,-35.94,-53.7,-1.067,0.725,5.425,-3.291
BNBUSDC,RSI,1h,"{""window"": 14, ""buy_threshold"": 30, ""sell_threshold"": 80}",atr,"{""atr_window"": 14, ""sl_mult"": 1.0, ""tp_mult"": 2.0}",145,33.1,-37.14,-47.1,-2.164,0.641,1.654,-1.276
BNBUSDC,RSI,1h,"{""window"": 14, ""buy_threshold"": 30, ""sell_threshold"": 80}",atr,"{""atr_window"": 14, ""sl_mult"": 1.5, ""tp_mult"": 3.0}",122,30.33,-39.13,-53.25,-1.703,0.677,2.724,-1.728
BNBUSDC,RSI,1h,"{""window"": 14, ""buy_threshold"": 30, ""sell_threshold"": 80}",atr,"{""atr_window"": 14, ""sl_mult"": 2.0, ""tp_mult"": 4.0}",103,29.13,-47.78,-64.15,-1.782,0.629,3.455,-2.242
BNBUSDC,EMA,1h,"{""short_span"": 5, ""long_span"": 20}",flat,"{""sl_pct"": 2.0, ""tp_pct"": 4.0}",126,35.71,-24.76,-47.72,-0.731,0.857,3.609,-2.294
BNBUSDC,EMA,1h,"{""short_span"": 5, ""long_span"": 20}",flat,"{""sl_pct"": 1.0, ""tp_pct"": 2.0}",217,37.79,-32.94,-35.5,-1.774,0.774,1.675,-1.297
BNBUSDC,EMA,1h,"{""short_span"": 5, ""long_span"": 20}",flat,"{""sl_pct"": 3.0, ""tp_pct"": 6.0}",74,35.14,-12.98,-49.75,-0.183,0.92,5.682,-3.229
BNBUSDC,EMA,1h,"{""short_span"": 5, ""long_span"": 20}",atr,"{""atr_window"": 14, ""sl_mult"": 1.0, ""tp_mult"": 2.0}",242,35.54,-53.86,-55.05,-3.938,0.556,1.068,-1.074
BNBUSDC,EMA,1h,"{""short_span"": 5, ""long_span"": 20}",atr,"{""atr_window"": 14, ""sl_mult"": 1.5, ""tp_mult"": 3.0}",202,37.62,-37.92,-40.9,-1.768,0.752,1.832,-1.458
BNBUSDC,EMA,1h,"{""short_span"": 5, ""long_span"": 20}",atr,"{""atr_window"": 14, ""sl_mult"": 2.0, ""tp_mult"": 4.0}",161,37.27,-40.93,-47.69,-1.595,0.727,2.378,-1.892
BNBUSDC,EMA,1h,"{""short_span"": 9, ""long_span"": 21}",flat,"{""sl_pct"": 2.0, ""tp_pct"": 4.0}",113,35.4,-24.36,-46.68,-0.78,0.844,3.601,-2.294
BNBUSDC,EMA,1h,"{""short_span"": 9, ""long_span"": 21}",flat,"{""sl_pct"": 1.0, ""tp_pct"": 2.0}",168,38.69,-23.42,-32.0,-1.328,0.804,1.671,-1.297
BNBUSDC,EMA,1h,"{""short_span"": 9, ""long_span"": 21}",flat,"{""sl_pct"": 3.0, ""tp_pct"": 6.0}",77,32.47,-27.97,-52.93,-0.702,0.836,5.682,-3.234
BNBUSDC,EMA,1h,"{""short_span"": 9, ""long_span"": 21}",atr,"{""atr_window"": 14, ""sl_mult"": 1.0, ""tp_mult"": 2.0}",189,34.92,-46.09,-47.08,-3.748,0.545,1.066,-1.064
BNBUSDC,EMA,1h,"{""short_span"": 9, ""long_span"": 21}",atr,"{""atr_window"": 14, ""sl_mult"": 1.5, ""tp_mult"": 3.0}",168,35.71,-41.95,-44.43,-2.363,0.665,1.794,-1.477
BNBUSDC,EMA,1h,"{""short_span"": 9, ""long_span"": 21}",atr,"{""atr_window"": 14, ""sl_mult"": 2.0, ""tp_mult"": 4.0}",144,39.58,-31.79,-50.29,-1.188,0.784,2.379,-1.954
BNBUSDC,EMA,1h,"{""short_span"": 12, ""long_span"": 26}",flat,"{""sl_pct"": 2.0, ""tp_pct"": 4.0}",100,36.0,-14.6,-37.87,-0.438,0.9,3.688,-2.258
BNBUSDC,EMA,1h,"{""short_span"": 12, ""long_span"": 26}",flat,"{""sl_pct"": 1.0, ""tp_pct"": 2.0}",136,39.71,-13.91,-27.0,-0.798,0.858,1.694,-1.281
BNBUSDC,EMA,1h,"{""short_span"": 12, ""long_span"": 26}",flat,"{""sl_pct"": 3.0, ""tp_pct"": 6.0}",67,35.82,-8.34,-47.34,-0.091,0.945,5.682,-3.233
BNBUSDC,EMA,1h,"{""short_span"": 12, ""long_span"": 26}",atr,"{""atr_window"": 14, ""sl_mult"": 1.0, ""tp_mult"": 2.0}",146,36.3,-34.63,-36.68,-3.061,0.582,1.053,-1.047
BNBUSDC,EMA,1h,"{""short_span"": 12, ""long_span"": 26}",atr,"{""atr_window"": 14, ""sl_mult"": 1.5, ""tp_mult"": 3.0}",135,39.26,-20.92,-31.76,-1.115,0.805,1.802,-1.426
BNBUSDC,EMA,1h,"{""short_span"": 12, ""long_span"": 26}",atr,"{""atr_window"": 14, ""sl_mult"": 2.0, ""tp_mult"": 4.0}",122,37.7,-26.38,-39.6,-1.108,0.793,2.44,-1.839
BNBUSDC,EMA,1h,"{""short_span"": 5, ""long_span"": 13}",flat,"{""sl_pct"": 2.0, ""tp_pct"": 4.0}",149,34.23,-36.85,-54.24,-1.189,0.811,3.622,-2.294
BNBUSDC,EMA,1h,"{""short_span"": 5, ""long_span"": 13}",flat,"{""sl_pct"": 1.0, ""tp_pct"": 2.0}",249,36.95,-40.35,-44.73,-2.06,0.757,1.68,-1.297
BNBUSDC,EMA,1h,"{""short_span"": 5, ""long_span"": 13}",flat,"{""sl_pct"": 3.0, ""tp_pct"": 6.0}",79,31.65,-32.57,-56.4,-0.81,0.805,5.682,-3.234
BNBUSDC,EMA,1h,"{""short_span"": 5, ""long_span"": 13}",atr,"{""atr_window"": 14, ""sl_mult"": 1.0, ""tp_mult"": 2.0}",297,35.02,-62.23,-63.0,-4.532,0.552,1.082,-1.077
BNBUSDC,EMA,1h,"{""short_span"": 5, ""long_span"": 13}",atr,"{""atr_window"": 14, ""sl_mult"": 1.5, ""tp_mult"": 3.0}",235,34.89,-48.96,-52.95,-2.208,0.713,1.861,-1.413
BNBUSDC,EMA,1h,"{""short_span"": 5, ""long_span"": 13}",atr,"{""atr_window"": 14, ""sl_mult"": 2.0, ""tp_mult"": 4.0}",178,37.08,-42.87,-51.78,-1.487,0.746,2.512,-1.933
BNBUSDC,MACD,1h,"{""fast"": 12, ""slow"": 26, ""signal"": 9}",flat,"{""sl_pct"": 2.0, ""tp_pct"": 4.0}",153,35.29,-31.42,-54.65,-0.913,0.858,3.62,-2.294
BNBUSDC,MACD,1h,"{""fast"": 12, ""slow"": 26, ""signal"": 9}",flat,"{""sl_pct"": 1.0, ""tp_pct"": 2.0}",258,33.72,-54.31,-56.39,-3.167,0.657,1.679,-1.297
BNBUSDC,MACD,1h,"{""fast"": 12, ""slow"": 26, ""signal"": 9}",flat,"{""sl_pct"": 3.0, ""tp_pct"": 6.0}",91,35.16,-22.94,-55.13,-0.424,0.893,5.505,-3.291
BNBUSDC,MACD,1h,"{""fast"": 12, ""slow"": 26, ""signal"": 9}",atr,"{""atr_window"": 14, ""sl_mult"": 1.0, ""tp_mult"": 2.0}",297,33.67,-61.34,-61.98,-4.198,0.568,1.189,-1.074
BNBUSDC,MACD,1h,"{""fast"": 12, ""slow"": 26, ""signal"": 9}",atr,"{""atr_window"": 14, ""sl_mult"": 1.5, ""tp_mult"": 3.0}",237,34.18,-57.21,-59.18,-2.748,0.669,1.919,-1.514
BNBUSDC,MACD,1h,"{""fast"": 12, ""slow"": 26, ""signal"": 9}",atr,"{""atr_window"": 14, ""sl_mult"": 2.0, ""tp_mult"": 4.0}",177,37.29,-34.48,-54.86,-0.926,0.829,2.718,-1.943
BNBUSDC,MACD,1h,"{""fast"": 5, ""slow"": 35, ""signal"": 5}",flat,"{""sl_pct"": 2.0, ""tp_pct"": 4.0}",197,31.47,-60.22,-71.25,-2.202,0.741,3.631,-2.294
BNBUSDC,MACD,1h,"{""fast"": 5, ""slow"": 35, ""signal"": 5}",flat,"{""sl_pct"": 1.0, ""tp_pct"": 2.0}",371,32.08,-72.84,-73.84,-4.452,0.629,1.682,-1.297
BNBUSDC,MACD,1h,"{""fast"": 5, ""slow"": 35, ""signal"": 5}",flat,"{""sl_pct"": 3.0, ""tp_pct"": 6.0}",114,30.7,-53.37,-72.11,-1.455,0.773,5.523,-3.291
BNBUSDC,MACD,1h,"{""fast"": 5, ""slow"": 35, ""signal"": 5}",atr,"{""atr_window"": 14, ""sl_mult"": 1.0, ""tp_mult"": 2.0}",473,30.44,-85.39,-85.62,-6.505,0.497,1.16,-1.081
BNBUSDC,MACD,1h,"{""fast"": 5, ""slow"": 35, ""signal"": 5}",atr,"{""atr_window"": 14, ""sl_mult"": 1.5, ""tp_mult"": 3.0}",345,32.46,-78.07,-79.77,-4.133,0.631,1.861,-1.52
BNBUSDC,MACD,1h,"{""fast"": 5, ""slow"": 35, ""signal"": 5}",atr,"{""atr_window"": 14, ""sl_mult"": 2.0, ""tp_mult"": 4.0}",241,33.61,-62.69,-71.83,-2.138,0.739,2.767,-1.966
BNBUSDC,MACD,1h,"{""fast"": 8, ""slow"": 21, ""signal"": 5}",flat,"{""sl_pct"": 2.0, ""tp_pct"": 4.0}",182,31.32,-57.99,-69.79,-2.1,0.733,3.632,-2.294
BNBUSDC,MACD,1h,"{""fast"": 8, ""slow"": 21, ""signal"": 5}",flat,"{""sl_pct"": 1.0, ""tp_pct"": 2.0}",345,34.49,-61.86,-62.81,-3.498,0.692,1.682,-1.297
BNBUSDC,MACD,1h,"{""fast"": 8, ""slow"": 21, ""signal"": 5}",flat,"{""sl_pct"": 3.0, ""tp_pct"": 6.0}",106,31.13,-48.78,-67.99,-1.261,0.773,5.525,-3.291
BNBUSDC,MACD,1h,"{""fast"": 8, ""slow"": 21, ""signal"": 5}",atr,"{""atr_window"": 14, ""sl_mult"": 1.0, ""tp_mult"": 2.0}",427,32.32,-79.6,-79.74,-6.178,0.513,1.152,-1.089
BNBUSDC,MACD,1h,"{""fast"": 8, ""slow"": 21, ""signal"": 5}",atr,"{""atr_window"": 14, ""sl_mult"": 1.5, ""tp_mult"": 3.0}",329,33.43,-75.0,-76.39,-3.863,0.63,1.815,-1.519
BNBUSDC,MACD,1h,"{""fast"": 8, ""slow"": 21, ""signal"": 5}",atr,"{""atr_window"": 14, ""sl_mult"": 2.0, ""tp_mult"": 4.0}",233,34.76,-59.56,-67.78,-1.96,0.737,2.697,-1.982
BNBUSDC,MACD,1h,"{""fast"": 12, ""slow"": 26, ""signal"": 5}",flat,"{""sl_pct"": 2.0, ""tp_pct"": 4.0}",175,34.29,-40.98,-61.2,-1.27,0.835,3.634,-2.294
BNBUSDC,MACD,1h,"{""fast"": 12, ""slow"": 26, ""signal"": 5}",flat,"{""sl_pct"": 1.0, ""tp_pct"": 2.0}",314,32.48,-65.59,-66.26,-4.077,0.625,1.68,-1.297
BNBUSDC,MACD,1h,"{""fast"": 12, ""slow"": 26, ""signal"": 5}",flat,"{""sl_pct"": 3.0, ""tp_pct"": 6.0}",100,32.0,-42.76,-65.95,-1.081,0.808,5.518,-3.291
BNBUSDC,MACD,1h,"{""fast"": 12, ""slow"": 26, ""signal"": 5}",atr,"{""atr_window"": 14, ""sl_mult"": 1.0, ""tp_mult"": 2.0}",370,33.78,-71.54,-71.91,-5.139,0.559,1.143,-1.085
BNBUSDC,MACD,1h,"{""fast"": 12, ""slow"": 26, ""signal"": 5}",atr,"{""atr_window"": 14, ""sl_mult"": 1.5, ""tp_mult"": 3.0}",296,33.11,-70.33,-71.79,-3.706,0.636,1.872,-1.515
BNBUSDC,MACD,1h,"{""fast"": 12, ""slow"": 26, ""signal"": 5}",atr,"{""atr_window"": 14, ""sl_mult"": 2.0, ""tp_mult"": 4.0}",209,35.89,-49.74,-59.81,-1.547,0.776,2.682,-1.962
BNBUSDC,BOLL,1h,"{""window"": 14, ""window_dev"": 1.5}",flat,"{""sl_pct"": 2.0, ""tp_pct"": 4.0}",205,35.12,-39.57,-57.07,-0.984,0.844,3.652,-2.294
BNBUSDC,BOLL,1h,"{""window"": 14, ""window_dev"": 1.5}",flat,"{""sl_pct"": 1.0, ""tp_pct"": 2.0}",403,35.24,-64.17,-66.99,-3.022,0.701,1.69,-1.297
BNBUSDC,BOLL,1h,"{""window"": 14, ""window_dev"": 1.5}",flat,"{""sl_pct"": 3.0, ""tp_pct"": 6.0}",115,33.91,-35.19,-60.54,-0.641,0.857,5.56,-3.291
BNBUSDC,BOLL,1h,"{""window"": 14, ""window_dev"": 1.5}",atr,"{""atr_window"": 14, ""sl_mult"": 1.0, ""tp_mult"": 2.0}",489,34.76,-77.69,-79.31,-4.275,0.614,1.283,-1.14
BNBUSDC,BOLL,1h,"{""window"": 14, ""window_dev"": 1.5}",atr,"{""atr_window"": 14, ""sl_mult"": 1.5, ""tp_mult"": 3.0}",346,34.39,-68.05,-71.52,-2.692,0.721,2.122,-1.584
BNBUSDC,BOLL,1h,"{""window"": 14, ""window_dev"": 1.5}",atr,"{""atr_window"": 14, ""sl_mult"": 2.0, ""tp_mult"": 4.0}",255,36.47,-54.08,-63.49,-1.527,0.796,2.846,-2.058
BNBUSDC,BOLL,1h,"{""window"": 14, ""window_dev"": 2}",flat,"{""sl_pct"": 2.0, ""tp_pct"": 4.0}",153,32.03,-47.18,-59.82,-1.572,0.738,3.688,-2.294
BNBUSDC,BOLL,1h,"{""window"": 14, ""window_dev"": 2}",flat,"{""sl_pct"": 1.0, ""tp_pct"": 2.0}",243,34.16,-50.01,-50.53,-2.869,0.648,1.694,-1.297
BNBUSDC,BOLL,1h,"{""window"": 14, ""window_dev"": 2}",flat,"{""sl_pct"": 3.0, ""tp_pct"": 6.0}",96,30.21,-45.93,-67.48,-1.203,0.753,5.682,-3.255
BNBUSDC,BOLL,1h,"{""window"": 14, ""window_dev"": 2}",atr,"{""atr_window"": 14, ""sl_mult"": 1.0, ""tp_mult"": 2.0}",284,34.15,-58.29,-59.63,-3.492,0.597,1.324,-1.14
BNBUSDC,BOLL,1h,"{""window"": 14, ""window_dev"": 2}",atr,"{""atr_window"": 14, ""sl_mult"": 1.5, ""tp_mult"": 3.0}",231,30.3,-66.16,-66.88,-3.026,0.585,2.202,-1.6
BNBUSDC,BOLL,1h,"{""window"": 14, ""window_dev"": 2}",atr,"{""atr_window"": 14, ""sl_mult"": 2.0, ""tp_mult"": 4.0}",188,31.91,-61.53,-65.09,-2.217,0.659,2.889,-2.047
BNBUSDC,BOLL,1h,"{""window"": 14, ""window_dev"": 2.5}",flat,"{""sl_pct"": 2.0, ""tp_pct"": 4.0}",93,30.11,-38.98,-47.9,-1.745,0.665,3.688,-2.294
BNBUSDC,BOLL,1h,"{""window"": 14, ""window_dev"": 2.5}",flat,"{""sl_pct"": 1.0, ""tp_pct"": 2.0}",123,35.77,-25.5,-27.77,-1.784,0.71,1.688,-1.297
BNBUSDC,BOLL,1h,"{""window"": 14, ""window_dev"": 2.5}",flat,"{""sl_pct"": 3.0, ""tp_pct"": 6.0}",61,29.51,-33.97,-56.91,-1.103,0.699,5.682,-3.225
BNBUSDC,BOLL,1h,"{""window"": 14, ""window_dev"": 2.5}",atr,"{""atr_window"": 14, ""sl_mult"": 1.0, ""tp_mult"": 2.0}",127,33.07,-37.55,-38.19,-2.808,0.532,1.318,-1.191
BNBUSDC,BOLL,1h,"{""window"": 14, ""window_dev"": 2.5}",atr,"{""atr_window"": 14, ""sl_mult"": 1.5, ""tp_mult"": 3.0}",120,31.67,-36.27,-41.83,-1.89,0.646,2.302,-1.583
BNBUSDC,BOLL,1h,"{""window"": 14, ""window_dev"": 2.5}",atr,"{""atr_window"": 14, ""sl_mult"": 2.0, ""tp_mult"": 4.0}",102,28.43,-45.69,-50.83,-2.023,0.591,3.125,-2.022
BNBUSDC,BOLL,1h,"{""window"": 20, ""window_dev"": 1.5}",flat,"{""sl_pct"": 2.0, ""tp_pct"": 4.0}",192,35.42,-35.57,-52.58,-0.89,0.852,3.65,-2.294
BNBUSDC,BOLL,1h,"{""window"": 20, ""window_dev"": 1.5}",flat,"{""sl_pct"": 1.0, ""tp_pct"": 2.0}",366,34.43,-63.98,-67.1,-3.173,0.674,1.69,-1.297
BNBUSDC,BOLL,1h,"{""window"": 20, ""window_dev"": 1.5}",flat,"{""sl_pct"": 3.0, ""tp_pct"": 6.0}",112,31.25,-49.74,-64.47,-1.215,0.763,5.546,-3.291
BNBUSDC,BOLL,1h,"{""window"": 20, ""window_dev"": 1.5}",atr,"{""atr_window"": 14, ""sl_mult"": 1.0, ""tp_mult"": 2.0}",449,36.53,-70.15,-72.97,-3.609,0.67,1.271,-1.141
BNBUSDC,BOLL,1h,"{""window"": 20, ""window_dev"": 1.5}",atr,"{""atr_window"": 14, ""sl_mult"": 1.5, ""tp_mult"": 3.0}",330,34.24,-66.35,-71.4,-2.605,0.728,2.136,-1.583
BNBUSDC,BOLL,1h,"{""window"": 20, ""window_dev"": 1.5}",atr,"{""atr_window"": 14, ""sl_mult"": 2.0, ""tp_mult"": 4.0}",232,34.91,-55.78,-67.42,-1.646,0.777,2.906,-2.043
BNBUSDC,BOLL,1h,"{""window"": 20, ""window_dev"": 2}",flat,"{""sl_pct"": 2.0, ""tp_pct"": 4.0}",148,35.14,-30.89,-50.98,-0.892,0.828,3.638,-2.294
BNBUSDC,BOLL,1h,"{""window"": 20, ""window_dev"": 2}",flat,"{""sl_pct"": 1.0, ""tp_pct"": 2.0}",227,35.24,-43.83,-46.89,-2.349,0.702,1.691,-1.297
BNBUSDC,BOLL,1h,"{""window"": 20, ""window_dev"": 2}",flat,"{""sl_pct"": 3.0, ""tp_pct"": 6.0}",95,27.37,-56.86,-68.25,-1.967,0.684,5.682,-3.247
BNBUSDC,BOLL,1h,"{""window"": 20, ""window_dev"": 2}",atr,"{""atr_window"": 14, ""sl_mult"": 1.0, ""tp_mult"": 2.0}",263,34.22,-52.55,-54.39,-2.986,0.651,1.393,-1.14
BNBUSDC,BOLL,1h,"{""window"": 20, ""window_dev"": 2}",atr,"{""atr_window"": 14, ""sl_mult"": 1.5, ""tp_mult"": 3.0}",217,34.1,-50.49,-52.59,-2.051,0.714,2.219,-1.607
BNBUSDC,BOLL,1h,"{""window"": 20, ""window_dev"": 2}",atr,"{""atr_window"": 14, ""sl_mult"": 2.0, ""tp_mult"": 4.0}",172,31.4,-55.51,-61.2,-2.021,0.703,3.009,-2.008
BNBUSDC,BOLL,1h,"{""window"": 20, ""window_dev"": 2.5}",flat,"{""sl_pct"": 2.0, ""tp_pct"": 4.0}",89,30.34,-39.0,-50.37,-1.731,0.66,3.561,-2.294
BNBUSDC,BOLL,1h,"{""window"": 20, ""window_dev"": 2.5}",flat,"{""sl_pct"": 1.0, ""tp_pct"": 2.0}",116,34.48,-27.36,-31.86,-1.891,0.682,1.694,-1.297
BNBUSDC,BOLL,1h,"{""window"": 20, ""window_dev"": 2.5}",flat,"{""sl_pct"": 3.0, ""tp_pct"": 6.0}",66,28.79,-39.19,-54.37,-1.27,0.683,5.682,-3.238
BNBUSDC,BOLL,1h,"{""window"": 20, ""window_dev"": 2.5}",atr,"{""atr_window"": 14, ""sl_mult"": 1.0, ""tp_mult"": 2.0}",127,33.07,-37.81,-40.12,-2.827,0.535,1.307,-1.191
BNBUSDC,BOLL,1h,"{""window"": 20, ""window_dev"": 2.5}",atr,"{""atr_window"": 14, ""sl_mult"": 1.5, ""tp_mult"": 3.0}",115,33.91,-28.89,-42.44,-1.388,0.734,2.356,-1.62
BNBUSDC,BOLL,1h,"{""window"": 20, ""window_dev"": 2.5}",atr,"{""atr_window"": 14, ""sl_mult"": 2.0, ""tp_mult"": 4.0}",100,31.0,-40.36,-52.91,-1.642,0.664,2.991,-2.036
BNBUSDC,MOM,1h,"{""window"": 5, ""buy_threshold"": 2, ""sell_threshold"": -2}",flat,"{""sl_pct"": 2.0, ""tp_pct"": 4.0}",109,26.61,-55.33,-61.37,-2.696,0.621,3.688,-2.294
BNBUSDC,MOM,1h,"{""window"": 5, ""buy_threshold"": 2, ""sell_threshold"": -2}",flat,"{""sl_pct"": 1.0, ""tp_pct"": 2.0}",157,31.21,-44.35,-45.68,-3.251,0.586,1.694,-1.297
BNBUSDC,MOM,1h,"{""window"": 5, ""buy_threshold"": 2, ""sell_threshold"": -2}",flat,"{""sl_pct"": 3.0, ""tp_pct"": 6.0}",74,35.14,-15.55,-46.88,-0.255,0.919,5.682,-3.291
BNBUSDC,MOM,1h,"{""window"": 5, ""buy_threshold"": 2, ""sell_threshold"": -2}",atr,"{""atr_window"": 14, ""sl_mult"": 1.0, ""tp_mult"": 2.0}",143,33.57,-35.35,-37.07,-1.944,0.673,1.835,-1.364
BNBUSDC,MOM,1h,"{""window"": 5, ""buy_threshold"": 2, ""sell_threshold"": -2}",atr,"{""atr_window"": 14, ""sl_mult"": 1.5, ""tp_mult"": 3.0}",115,30.43,-41.33,-43.0,-1.917,0.665,2.755,-1.828
BNBUSDC,MOM,1h,"{""window"": 5, ""buy_threshold"": 2, ""sell_threshold"": -2}",atr,"{""atr_window"": 14, ""sl_mult"": 2.0, ""tp_mult"": 4.0}",94,28.72,-48.08,-54.17,-1.853,0.641,3.687,-2.389
BNBUSDC,MOM,1h,"{""window"": 5, ""buy_threshold"": 3, ""sell_threshold"": -3}",flat,"{""sl_pct"": 2.0, ""tp_pct"": 4.0}",50,28.0,-27.98,-34.25,-1.521,0.625,3.688,-2.294
BNBUSDC,MOM,1h,"{""window"": 5, ""buy_threshold"": 3, ""sell_threshold"": -3}",flat,"{""sl_pct"": 1.0, ""tp_pct"": 2.0}",61,32.79,-18.05,-22.95,-1.92,0.638,1.694,-1.297
BNBUSDC,MOM,1h,"{""window"": 5, ""buy_threshold"": 3, ""sell_threshold"": -3}",flat,"{""sl_pct"": 3.0, ""tp_pct"": 6.0}",43,25.58,-37.04,-48.94,-1.418,0.633,5.682,-3.291
BNBUSDC,MOM,1h,"{""window"": 5, ""buy_threshold"": 3, ""sell_threshold"": -3}",atr,"{""atr_window"": 14, ""sl_mult"": 1.0, ""tp_mult"": 2.0}",57,33.33,-23.87,-27.38,-1.614,0.598,2.0,-1.689
BNBUSDC,MOM,1h,"{""window"": 5, ""buy_threshold"": 3, ""sell_threshold"": -3}",atr,"{""atr_window"": 14, ""sl_mult"": 1.5, ""tp_mult"": 3.0}",44,29.55,-21.21,-31.49,-1.065,0.667,3.456,-2.155
BNBUSDC,MOM,1h,"{""window"": 5, ""buy_threshold"": 3, ""sell_threshold"": -3}",atr,"{""atr_window"": 14, ""sl_mult"": 2.0, ""tp_mult"": 4.0}",43,20.93,-42.46,-48.96,-1.918,0.475,4.694,-2.779
BNBUSDC,MOM,1h,"{""window"": 5, ""buy_threshold"": 5, ""sell_threshold"": -5}",flat,"{""sl_pct"": 2.0, ""tp_pct"": 4.0}",10,40.0,0.57,-9.39,0.105,1.042,3.688,-2.294
BNBUSDC,MOM,1h,"{""window"": 5, ""buy_threshold"": 5, ""sell_threshold"": -5}",flat,"{""sl_pct"": 1.0, ""tp_pct"": 2.0}",12,8.33,-11.9,-12.41,-2.598,0.118,1.694,-1.297
BNBUSDC,MOM,1h,"{""window"": 5, ""buy_threshold"": 5, ""sell_threshold"": -5}",flat,"{""sl_pct"": 3.0, ""tp_pct"": 6.0}",8,12.5,-16.38,-16.86,-1.665,0.233,5.682,-3.291
BNBUSDC,MOM,1h,"{""window"": 5, ""buy_threshold"": 5, ""sell_threshold"": -5}",atr,"{""atr_window"": 14, ""sl_mult"": 1.0, ""tp_mult"": 2.0}",10,40.0,4.67,-5.27,0.495,1.484,3.541,-1.544
BNBUSDC,MOM,1h,"{""window"": 5, ""buy_threshold"": 5, ""sell_threshold"": -5}",atr,"{""atr_window"": 14, ""sl_mult"": 1.5, ""tp_mult"": 3.0}",8,25.0,-7.79,-11.99,-0.838,0.484,3.991,-2.612
BNBUSDC,MOM,1h,"{""window"": 5, ""buy_threshold"": 5, ""sell_threshold"": -5}",atr,"{""atr_window"": 14, ""sl_mult"": 2.0, ""tp_mult"": 4.0}",8,25.0,-9.68,-14.12,-0.796,0.5,5.421,-3.383
BNBUSDC,MOM,1h,"{""window"": 10, ""buy_threshold"": 2, ""sell_threshold"": -2}",flat,"{""sl_pct"": 2.0, ""tp_pct"": 4.0}",129,30.23,-49.12,-59.75,-1.895,0.721,3.688,-2.294
BNBUSDC,MOM,1h,"{""window"": 10, ""buy_threshold"": 2, ""sell_threshold"": -2}",flat,"{""sl_pct"": 1.0, ""tp_pct"": 2.0}",201,31.34,-52.4,-53.34,-3.796,0.6,1.694,-1.297
BNBUSDC,MOM,1h,"{""window"": 10, ""buy_threshold"": 2, ""sell_threshold"": -2}",flat,"{""sl_pct"": 3.0, ""tp_pct"": 6.0}",87,33.33,-28.67,-55.74,-0.668,0.865,5.682,-3.291
BNBUSDC,MOM,1h,"{""window"": 10, ""buy_threshold"": 2, ""sell_threshold"": -2}",atr,"{""atr_window"": 14, ""sl_mult"": 1.0, ""tp_mult"": 2.0}",198,32.83,-48.91,-49.61,-3.087,0.618,1.585,-1.263
BNBUSDC,MOM,1h,"{""window"": 10, ""buy_threshold"": 2, ""sell_threshold"": -2}",atr,"{""atr_window"": 14, ""sl_mult"": 1.5, ""tp_mult"": 3.0}",154,33.12,-40.33,-54.31,-1.547,0.753,2.519,-1.712
BNBUSDC,MOM,1h,"{""window"": 10, ""buy_threshold"": 2, ""sell_threshold"": -2}",atr,"{""atr_window"": 14, ""sl_mult"": 2.0, ""tp_mult"": 4.0}",119,29.41,-51.73,-61.96,-1.966,0.663,3.348,-2.204
BNBUSDC,MOM,1h,"{""window"": 10, ""buy_threshold"": 3, ""sell_threshold"": -3}",flat,"{""sl_pct"": 2.0, ""tp_pct"": 4.0}",73,28.77,-35.98,-48.39,-1.809,0.679,3.688,-2.294
BNBUSDC,MOM,1h,"{""window"": 10, ""buy_threshold"": 3, ""sell_threshold"": -3}",flat,"{""sl_pct"": 1.0, ""tp_pct"": 2.0}",94,32.98,-26.01,-29.92,-2.044,0.641,1.694,-1.297
BNBUSDC,MOM,1h,"{""window"": 10, ""buy_threshold"": 3, ""sell_threshold"": -3}",flat,"{""sl_pct"": 3.0, ""tp_pct"": 6.0}",53,32.08,-23.28,-44.85,-0.659,0.82,5.682,-3.291
BNBUSDC,MOM,1h,"{""window"": 10, ""buy_threshold"": 3, ""sell_threshold"": -3}",atr,"{""atr_window"": 14, ""sl_mult"": 1.0, ""tp_mult"": 2.0}",87,34.48,-19.26,-26.26,-1.101,0.745,2.017,-1.412
BNBUSDC,MOM,1h,"{""window"": 10, ""buy_threshold"": 3, ""sell_threshold"": -3}",atr,"{""atr_window"": 14, ""sl_mult"": 1.5, ""tp_mult"": 3.0}",70,35.71,-10.52,-25.79,-0.319,0.881,3.108,-1.919
BNBUSDC,MOM,1h,"{""window"": 10, ""buy_threshold"": 3, ""sell_threshold"": -3}",atr,"{""atr_window"": 14, ""sl_mult"": 2.0, ""tp_mult"": 4.0}",55,32.73,-21.48,-40.92,-0.75,0.779,4.046,-2.534
BNBUSDC,MOM,1h,"{""window"": 10, ""buy_threshold"": 5, ""sell_threshold"": -5}",flat,"{""sl_pct"": 2.0, ""tp_pct"": 4.0}",22,22.73,-19.21,-22.55,-2.069,0.45,3.688,-2.294
BNBUSDC,MOM,1h,"{""window"": 10, ""buy_threshold"": 5, ""sell_threshold"": -5}",flat,"{""sl_pct"": 1.0, ""tp_pct"": 2.0}",28,21.43,-17.0,-18.38,-2.594,0.344,1.694,-1.297
BNBUSDC,MOM,1h,"{""window"": 10, ""buy_threshold"": 5, ""sell_threshold"": -5}",flat,"{""sl_pct"": 3.0, ""tp_pct"": 6.0}",19,10.53,-36.76,-37.14,-2.627,0.201,5.682,-3.291
BNBUSDC,MOM,1h,"{""window"": 10, ""buy_threshold"": 5, ""sell_threshold"": -5}",atr,"{""atr_window"": 14, ""sl_mult"": 1.0, ""tp_mult"": 2.0}",23,26.09,-12.16,-13.73,-1.302,0.532,2.544,-1.633
BNBUSDC,MOM,1h,"{""window"": 10, ""buy_threshold"": 5, ""sell_threshold"": -5}",atr,"{""atr_window"": 14, ""sl_mult"": 1.5, ""tp_mult"": 3.0}",21,23.81,-20.24,-24.71,-1.69,0.421,3.51,-2.455
BNBUSDC,MOM,1h,"{""window"": 10, ""buy_threshold"": 5, ""sell_threshold"": -5}",atr,"{""atr_window"": 14, ""sl_mult"": 2.0, ""tp_mult"": 4.0}",19,21.05,-23.19,-25.95,-1.607,0.436,5.219,-3.057
SOLUSDC,RSI,1m,"{""window"": 10, ""buy_threshold"": 20, ""sell_threshold"": 70}",flat,"{""sl_pct"": 2.0, ""tp_pct"": 4.0}",83,31.33,-30.28,-42.67,-2.491,0.708,3.688,-2.259
SOLUSDC,RSI,1m,"{""window"": 10, ""buy_threshold"": 20, ""sell_threshold"": 70}",flat,"{""sl_pct"": 1.0, ""tp_pct"": 2.0}",239,31.38,-58.85,-61.41,-7.874,0.579,1.684,-1.297
SOLUSDC,RSI,1m,"{""window"": 10, ""buy_threshold"": 20, ""sell_threshold"": 70}",flat,"{""sl_pct"": 3.0, ""tp_pct"": 6.0}",43,27.91,-29.42,-45.36,-2.205,0.628,5.682,-3.21
SOLUSDC,RSI,1m,"{""window"": 10, ""buy_threshold"": 20, ""sell_threshold"": 70}",atr,"{""atr_window"": 14, ""sl_mult"": 1.0, ""tp_mult"": 2.0}",917,7.09,-92.97,-92.98,-36.522,0.024,0.12,-0.32
SOLUSDC,RSI,1m,"{""window"": 10, ""buy_threshold"": 20, ""sell_threshold"": 70}",atr,"{""atr_window"": 14, ""sl_mult"": 1.5, ""tp_mult"": 3.0}",834,15.47,-90.66,-90.68,-38.417,0.093,0.19,-0.37
SOLUSDC,RSI,1m,"{""window"": 10, ""buy_threshold"": 20, ""sell_threshold"": 70}",atr,"{""atr_window"": 14, ""sl_mult"": 2.0, ""tp_mult"": 4.0}",768,21.61,-89.6,-89.65,-33.409,0.155,0.251,-0.444
SOLUSDC,RSI,1m,"{""window"": 10, ""buy_threshold"": 20, ""sell_threshold"": 80}",flat,"{""sl_pct"": 2.0, ""tp_pct"": 4.0}",83,31.33,-30.28,-42.67,-2.491,0.708,3.688,-2.259
SOLUSDC,RSI,1m,"{""window"": 10, ""buy_threshold"": 20, ""sell_threshold"": 80}",flat,"{""sl_pct"": 1.0, ""tp_pct"": 2.0}",239,31.38,-58.85,-61.41,-7.874,0.579,1.684,-1.297
SOLUSDC,RSI,1m,"{""window"": 10, ""buy_threshold"": 20, ""sell_threshold"": 80}",flat,"{""sl_pct"": 3.0, ""tp_pct"": 6.0}",43,27.91,-29.42,-45.36,-2.205,0.628,5.682,-3.21
SOLUSDC,RSI,1m,"{""window"": 10, ""buy_threshold"": 20, ""sell_threshold"": 80}",atr,"{""atr_window"": 14, ""sl_mult"": 1.0, ""tp_mult"": 2.0}",917,7.09,-92.97,-92.98,-36.522,0.024,0.12,-0.32
SOLUSDC,RSI,1m,"{""window"": 10, ""buy_threshold"": 20, ""sell_threshold"": 80}",atr,"{""atr_window"": 14, ""sl_mult"": 1.5, ""tp_mult"": 3.0}",834,15.47,-90.66,-90.68,-38.417,0.093,0.19,-0.37
SOLUSDC,RSI,1m,"{""window"": 10, ""buy_threshold"": 20, ""sell_threshold"": 80}",atr,"{""atr_window"": 14, ""sl_mult"": 2.0, ""tp_mult"": 4.0}",768,21.61,-89.6,-89.65,-33.409,0.155,0.251,-0.444
SOLUSDC,RSI,1m,"{""window"": 10, ""buy_threshold"": 30, ""sell_threshold"": 70}",flat,"{""sl_pct"": 2.0, ""tp_pct"": 4.0}",112,34.82,-26.4,-42.57,-1.966,0.804,3.622,-2.294
SOLUSDC,RSI,1m,"{""window"": 10, ""buy_threshold"": 30, ""sell_threshold"": 70}",flat,"{""sl_pct"": 1.0, ""tp_pct"": 2.0}",356,32.3,-70.64,-71.44,-8.585,0.597,1.683,-1.297
SOLUSDC,RSI,1m,"{""window"": 10, ""buy_threshold"": 30, ""sell_threshold"": 70}",flat,"{""sl_pct"": 3.0, ""tp_pct"": 6.0}",43,30.23,-22.78,-43.05,-1.644,0.716,5.682,-3.203
SOLUSDC,RSI,1m,"{""window"": 10, ""buy_threshold"": 30, ""sell_threshold"": 70}",atr,"{""atr_window"": 14, ""sl_mult"": 1.0, ""tp_mult"": 2.0}",3823,4.94,-100.0,-100.0,-71.933,0.006,0.132,-0.314
SOLUSDC,RSI,1m,"{""window"": 10, ""buy_threshold"": 30, ""sell_threshold"": 70}",atr,"{""atr_window"": 14, ""sl_mult"": 1.5, ""tp_mult"": 3.0}",3161,12.05,-99.99,-99.99,-67.777,0.026,0.18,-0.353
SOLUSDC,RSI,1m,"{""window"": 10, ""buy_threshold"": 30, ""sell_threshold"": 70}",atr,"{""atr_window"": 14, ""sl_mult"": 2.0, ""tp_mult"": 4.0}",2641,18.78,-99.96,-99.96,-59.253,0.076,0.232,-0.413
SOLUSDC,RSI,1m,"{""window"": 10, ""buy_threshold"": 30, ""sell_threshold"": 80}",flat,"{""sl_pct"": 2.0, ""tp_pct"": 4.0}",112,34.82,-26.4,-42.57,-1.966,0.804,3.622,-2.294
SOLUSDC,RSI,1m,"{""window"": 10, ""buy_threshold"": 30, ""sell_threshold"": 80}",flat,"{""sl_pct"": 1.0, ""tp_pct"": 2.0}",356,32.3,-70.64,-71.44,-8.585,0.597,1.683,-1.297
SOLUSDC,RSI,1m,"{""window"": 10, ""buy_threshold"": 30, ""sell_threshold"": 80}",flat,"{""sl_pct"": 3.0, ""tp_pct"": 6.0}",43,30.23,-22.78,-43.05,-1.644,0.716,5.682,-3.203
SOLUSDC,RSI,1m,"{""window"": 10, ""buy_threshold"": 30, ""sell_threshold"": 80}",atr,"{""atr_window"": 14, ""sl_mult"": 1.0, ""tp_mult"": 2.0}",3823,4.94,-100.0,-100.0,-71.933,0.006,0.132,-0.314
SOLUSDC,RSI,1m,"{""window"": 10, ""buy_threshold"": 30, ""sell_threshold"": 80}",atr,"{""atr_window"": 14, ""sl_mult"": 1.5, ""tp_mult"": 3.0}",3161,12.05,-99.99,-99.99,-67.777,0.026,0.18,-0.353
SOLUSDC,RSI,1m,"{""window"": 10, ""buy_threshold"": 30, ""sell_threshold"": 80}",atr,"{""atr_window"": 14, ""sl_mult"": 2.0, ""tp_mult"": 4.0}",2641,18.78,-99.96,-99.96,-59.253,0.076,0.232,-0.413
SOLUSDC,RSI,1m,"{""window"": 14, ""buy_threshold"": 20, ""sell_threshold"": 70}",flat,"{""sl_pct"": 2.0, ""tp_pct"": 4.0}",66,31.82,-27.35,-39.89,-2.266,0.683,3.514,-2.294
SOLUSDC,RSI,1m,"{""window"": 14, ""buy_threshold"": 20, ""sell_threshold"": 70}",flat,"{""sl_pct"": 1.0, ""tp_pct"": 2.0}",144,34.72,-32.79,-33.53,-4.888,0.662,1.673,-1.297
SOLUSDC,RSI,1m,"{""window"": 14, ""buy_threshold"": 20, ""sell_threshold"": 70}",flat,"{""sl_pct"": 3.0, ""tp_pct"": 6.0}",37,27.03,-27.43,-37.65,-2.302,0.623,5.682,-3.181
SOLUSDC,RSI,1m,"{""window"": 14, ""buy_threshold"": 20, ""sell_threshold"": 70}",atr,"{""atr_window"": 14, ""sl_mult"": 1.0, ""tp_mult"": 2.0}",313,11.18,-56.62,-56.62,-22.023,0.065,0.173,-0.321
SOLUSDC,RSI,1m,"{""window"": 14, ""buy_threshold"": 20, ""sell_threshold"": 70}",atr,"{""atr_window"": 14, ""sl_mult"": 1.5, ""tp_mult"": 3.0}",288,22.57,-51.37,-51.37,-18.733,0.198,0.268,-0.4
SOLUSDC,RSI,1m,"{""window"": 14, ""buy_threshold"": 20, ""sell_threshold"": 70}",atr,"{""atr_window"": 14, ""sl_mult"": 2.0, ""tp_mult"": 4.0}",268,27.61,-50.35,-50.36,-17.837,0.275,0.344,-0.49
SOLUSDC,RSI,1m,"{""window"": 14, ""buy_threshold"": 20, ""sell_threshold"": 80}",flat,"{""sl_pct"": 2.0, ""tp_pct"": 4.0}",66,31.82,-27.35,-39.89,-2.266,0.683,3.514,-2.294
SOLUSDC,RSI,1m,"{""window"": 14, ""buy_threshold"": 20, ""sell_threshold"": 80}",flat,"{""sl_pct"": 1.0, ""tp_pct"": 2.0}",144,34.72,-32.79,-33.53,-4.888,0.662,1.673,-1.297
SOLUSDC,RSI,1m,"{""window"": 14, ""buy_threshold"": 20, ""sell_threshold"": 80}",flat,"{""sl_pct"": 3.0, ""tp_pct"": 6.0}",37,27.03,-27.43,-37.65,-2.302,0.623,5.682,-3.181
SOLUSDC,RSI,1m,"{""window"": 14, ""buy_threshold"": 20, ""sell_threshold"": 80}",atr,"{""atr_window"": 14, ""sl_mult"": 1.0, ""tp_mult"": 2.0}",313,11.18,-56.62,-56.62,-22.023,0.065,0.173,-0.321
SOLUSDC,RSI,1m,"{""window"": 14, ""buy_threshold"": 20, ""sell_threshold"": 80}",atr,"{""atr_window"": 14, ""sl_mult"": 1.5, ""tp_mult"": 3.0}",288,22.57,-51.37,-51.37,-18.733,0.198,0.268,-0.4
SOLUSDC,RSI,1m,"{""window"": 14, ""buy_threshold"": 20, ""sell_threshold"": 80}",atr,"{""atr_window"": 14, ""sl_mult"": 2.0, ""tp_mult"": 4.0}",268,27.61,-50.35,-50.36,-17.837,0.275,0.344,-0.49
SOLUSDC,RSI,1m,"{""window"": 14, ""buy_threshold"": 30, ""sell_threshold"": 70}",flat,"{""sl_pct"": 2.0, ""tp_pct"": 4.0}",98,33.67,-25.65,-41.23,-1.999,0.786,3.688,-2.269
SOLUSDC,RSI,1m,"{""window"": 14, ""buy_threshold"": 30, ""sell_threshold"": 70}",flat,"{""sl_pct"": 1.0, ""tp_pct"": 2.0}",306,31.05,-68.96,-70.15,-8.378,0.565,1.681,-1.297
SOLUSDC,RSI,1m,"{""window"": 14, ""buy_threshold"": 30, ""sell_threshold"": 70}",flat,"{""sl_pct"": 3.0, ""tp_pct"": 6.0}",44,29.55,-25.14,-45.0,-1.717,0.688,5.682,-3.198
SOLUSDC,RSI,1m,"{""window"": 14, ""buy_threshold"": 30, ""sell_threshold"": 70}",atr,"{""atr_window"": 14, ""sl_mult"": 1.0, ""tp_mult"": 2.0}",2204,6.81,-99.82,-99.82,-51.108,0.017,0.143,-0.318
SOLUSDC,RSI,1m,"{""window"": 14, ""buy_threshold"": 30, ""sell_threshold"": 70}",atr,"{""atr_window"": 14, ""sl_mult"": 1.5, ""tp_mult"": 3.0}",1879,13.84,-99.53,-99.53,-48.874,0.053,0.204,-0.363
SOLUSDC,RSI,1m,"{""window"": 14, ""buy_threshold"": 30, ""sell_threshold"": 70}",atr,"{""atr_window"": 14, ""sl_mult"": 2.0, ""tp_mult"": 4.0}",1638,20.63,-99.19,-99.19,-42.803,0.112,0.243,-0.432
SOLUSDC,RSI,1m,"{""window"": 14, ""buy_threshold"": 30, ""sell_threshold"": 80}",flat,"{""sl_pct"": 2.0, ""tp_pct"": 4.0}",98,33.67,-25.65,-41.23,-1.999,0.786,3.688,-2.269
SOLUSDC,RSI,1m,"{""window"": 14, ""buy_threshold"": 30, ""sell_threshold"": 80}",flat,"{""sl_pct"": 1.0, ""tp_pct"": 2.0}",306,31.05,-68.96,-70.15,-8.378,0.565,1.681,-1.297
SOLUSDC,RSI,1m,"{""window"": 14, ""buy_threshold"": 30, ""sell_threshold"": 80}",flat,"{""sl_pct"": 3.0, ""tp_pct"": 6.0}",44,29.55,-25.14,-45.0,-1.717,0.688,5.682,-3.198
SOLUSDC,RSI,1m,"{""window"": 14, ""buy_threshold"": 30, ""sell_threshold"": 80}",atr,"{""atr_window"": 14, ""sl_mult"": 1.0, ""tp_mult"": 2.0}",2204,6.81,-99.82,-99.82,-51.108,0.017,0.143,-0.318
SOLUSDC,RSI,1m,"{""window"": 14, ""buy_threshold"": 30, ""sell_threshold"": 80}",atr,"{""atr_window"": 14, ""sl_mult"": 1.5, ""tp_mult"": 3.0}",1879,13.84,-99.53,-99.53,-48.874,0.053,0.204,-0.363
SOLUSDC,RSI,1m,"{""window"": 14, ""buy_threshold"": 30, ""sell_threshold"": 80}",atr,"{""atr_window"": 14, ""sl_mult"": 2.0, ""tp_mult"": 4.0}",1638,20.63,-99.19,-99.19,-42.803,0.112,0.243,-0.432
SOLUSDC,EMA,1m,"{""short_span"": 5, ""long_span"": 20}",flat,"{""sl_pct"": 2.0, ""tp_pct"": 4.0}",98,29.59,-41.23,-47.52,-3.775,0.637,3.688,-2.266
SOLUSDC,EMA,1m,"{""short_span"": 5, ""long_span"": 20}",flat,"{""sl_pct"": 1.0, ""tp_pct"": 2.0}",334,31.14,-71.74,-72.48,-9.083,0.55,1.685,-1.297
SOLUSDC,EMA,1m,"{""short_span"": 5, ""long_span"": 20}",flat,"{""sl_pct"": 3.0, ""tp_pct"": 6.0}",45,31.11,-21.84,-38.59,-1.76,0.745,5.682,-3.237
SOLUSDC,EMA,1m,"{""short_span"": 5, ""long_span"": 20}",atr,"{""atr_window"": 14, ""sl_mult"": 1.0, ""tp_mult"": 2.0}",4036,3.49,-100.0,-100.0,-143.135,0.002,0.123,-0.315
SOLUSDC,EMA,1m,"{""short_span"": 5, ""long_span"": 20}",atr,"{""atr_window"": 14, ""sl_mult"": 1.5, ""tp_mult"": 3.0}",3614,8.99,-100.0,-100.0,-118.11,0.012,0.162,-0.347
SOLUSDC,EMA,1m,"{""short_span"": 5, ""long_span"": 20}",atr,"{""atr_window"": 14, ""sl_mult"": 2.0, ""tp_mult"": 4.0}",3030,13.8,-99.99,-99.99,-91.232,0.04,0.215,-0.389
SOLUSDC,EMA,1m,"{""short_span"": 9, ""long_span"": 21}",flat,"{""sl_pct"": 2.0, ""tp_pct"": 4.0}",96,32.29,-33.97,-45.16,-2.755,0.702,3.591,-2.294
SOLUSDC,EMA,1m,"{""short_span"": 9, ""long_span"": 21}",flat,"{""sl_pct"": 1.0, ""tp_pct"": 2.0}",320,30.31,-72.49,-73.2,-9.22,0.531,1.684,-1.297
SOLUSDC,EMA,1m,"{""short_span"": 9, ""long_span"": 21}",flat,"{""sl_pct"": 3.0, ""tp_pct"": 6.0}",46,32.61,-16.92,-38.68,-1.164,0.804,5.682,-3.218
SOLUSDC,EMA,1m,"{""short_span"": 9, ""long_span"": 21}",atr,"{""atr_window"": 14, ""sl_mult"": 1.0, ""tp_mult"": 2.0}",3004,3.26,-99.99,-99.99,-148.159,0.002,0.119,-0.313
SOLUSDC,EMA,1m,"{""short_span"": 9, ""long_span"": 21}",atr,"{""atr_window"": 14, ""sl_mult"": 1.5, ""tp_mult"": 3.0}",2850,8.63,-99.98,-99.98,-117.136,0.016,0.16,-0.348
SOLUSDC,EMA,1m,"{""short_span"": 9, ""long_span"": 21}",atr,"{""atr_window"": 14, ""sl_mult"": 2.0, ""tp_mult"": 4.0}",2535,13.89,-99.96,-99.96,-89.287,0.045,0.207,-0.39
SOLUSDC,EMA,1m,"{""short_span"": 12, ""long_span"": 26}",flat,"{""sl_pct"": 2.0, ""tp_pct"": 4.0}",102,32.35,-35.31,-42.86,-3.112,0.707,3.596,-2.294
SOLUSDC,EMA,1m,"{""short_span"": 12, ""long_span"": 26}",flat,"{""sl_pct"": 1.0, ""tp_pct"": 2.0}",306,30.39,-70.7,-71.48,-9.331,0.536,1.683,-1.297
SOLUSDC,EMA,1m,"{""short_span"": 12, ""long_span"": 26}",flat,"{""sl_pct"": 3.0, ""tp_pct"": 6.0}",48,31.25,-22.29,-40.99,-1.653,0.752,5.682,-3.222
SOLUSDC,EMA,1m,"{""short_span"": 12, ""long_span"": 26}",atr,"{""atr_window"": 14, ""sl_mult"": 1.0, ""tp_mult"": 2.0}",2323,3.1,-99.9,-99.9,-119.533,0.004,0.133,-0.312
SOLUSDC,EMA,1m,"{""short_span"": 12, ""long_span"": 26}",atr,"{""atr_window"": 14, ""sl_mult"": 1.5, ""tp_mult"": 3.0}",2248,8.59,-99.89,-99.89,-97.825,0.017,0.159,-0.347
SOLUSDC,EMA,1m,"{""short_span"": 12, ""long_span"": 26}",atr,"{""atr_window"": 14, ""sl_mult"": 2.0, ""tp_mult"": 4.0}",2043,13.66,-99.79,-99.79,-67.745,0.051,0.216,-0.384
SOLUSDC,EMA,1m,"{""short_span"": 5, ""long_span"": 13}",flat,"{""sl_pct"": 2.0, ""tp_pct"": 4.0}",105,29.52,-43.72,-51.07,-3.726,0.629,3.688,-2.268
SOLUSDC,EMA,1m,"{""short_span"": 5, ""long_span"": 13}",flat,"{""sl_pct"": 1.0, ""tp_pct"": 2.0}",340,31.18,-72.29,-73.03,-9.706,0.555,1.684,-1.297
SOLUSDC,EMA,1m,"{""short_span"": 5, ""long_span"": 13}",flat,"{""sl_pct"": 3.0, ""tp_pct"": 6.0}",51,29.41,-29.35,-42.72,-2.409,0.688,5.682,-3.214
SOLUSDC,EMA,1m,"{""short_span"": 5, ""long_span"": 13}",atr,"{""atr_window"": 14, ""sl_mult"": 1.0, ""tp_mult"": 2.0}",4905,3.69,-100.0,-100.0,-158.379,0.002,0.125,-0.314
SOLUSDC,EMA,1m,"{""short_span"": 5, ""long_span"": 13}",atr,"{""atr_window"": 14, ""sl_mult"": 1.5, ""tp_mult"": 3.0}",4260,8.97,-100.0,-100.0,-127.955,0.013,0.166,-0.348
SOLUSDC,EMA,1m,"{""short_span"": 5, ""long_span"": 13}",atr,"{""atr_window"": 14, ""sl_mult"": 2.0, ""tp_mult"": 4.0}",3466,14.6,-100.0,-100.0,-101.934,0.041,0.222,-0.395
SOLUSDC,MACD,1m,"{""fast"": 12, ""slow"": 26, ""signal"": 9}",flat,"{""sl_pct"": 2.0, ""tp_pct"": 4.0}",110,30.91,-43.14,-49.62,-3.716,0.656,3.59,-2.294
SOLUSDC,MACD,1m,"{""fast"": 12, ""slow"": 26, ""signal"": 9}",flat,"{""sl_pct"": 1.0, ""tp_pct"": 2.0}",365,31.78,-73.02,-73.78,-9.728,0.576,1.686,-1.297
SOLUSDC,MACD,1m,"{""fast"": 12, ""slow"": 26, ""signal"": 9}",flat,"{""sl_pct"": 3.0, ""tp_pct"": 6.0}",50,30.0,-27.24,-44.53,-2.087,0.703,5.682,-3.223
SOLUSDC,MACD,1m,"{""fast"": 12, ""slow"": 26, ""signal"": 9}",atr,"{""atr_window"": 14, ""sl_mult"": 1.0, ""tp_mult"": 2.0}",5109,3.8,-100.0,-100.0,-193.963,0.002,0.129,-0.316
SOLUSDC,MACD,1m,"{""fast"": 12, ""slow"": 26, ""signal"": 9}",atr,"{""atr_window"": 14, ""sl_mult"": 1.5, ""tp_mult"": 3.0}",4540,9.76,-100.0,-100.0,-151.116,0.012,0.172,-0.352
SOLUSDC,MACD,1m,"{""fast"": 12, ""slow"": 26, ""signal"": 9}",atr,"{""atr_window"": 14, ""sl_mult"": 2.0, ""tp_mult"": 4.0}",3743,15.47,-100.0,-100.0,-99.251,0.043,0.236,-0.399
SOLUSDC,MACD,1m,"{""fast"": 5, ""slow"": 35, ""signal"": 5}",flat,"{""sl_pct"": 2.0, ""tp_pct"": 4.0}",109,32.11,-38.26,-45.59,-3.159,0.701,3.592,-2.294
SOLUSDC,MACD,1m,"{""fast"": 5, ""slow"": 35, ""signal"": 5}",flat,"{""sl_pct"": 1.0, ""tp_pct"": 2.0}",373,31.9,-73.39,-73.83,-7.865,0.573,1.687,-1.297
SOLUSDC,MACD,1m,"{""fast"": 5, ""slow"": 35, ""signal"": 5}",flat,"{""sl_pct"": 3.0, ""tp_pct"": 6.0}",48,29.17,-28.81,-45.36,-2.132,0.677,5.682,-3.221
SOLUSDC,MACD,1m,"{""fast"": 5, ""slow"": 35, ""signal"": 5}",atr,"{""atr_window"": 14, ""sl_mult"": 1.0, ""tp_mult"": 2.0}",8076,3.78,-100.0,-100.0,-232.677,0.001,0.127,-0.315
SOLUSDC,MACD,1m,"{""fast"": 5, ""slow"": 35, ""signal"": 5}",atr,"{""atr_window"": 14, ""sl_mult"": 1.5, ""tp_mult"": 3.0}",6372,9.84,-100.0,-100.0,-169.546,0.011,0.172,-0.349
SOLUSDC,MACD,1m,"{""fast"": 5, ""slow"": 35, ""signal"": 5}",atr,"{""atr_window"": 14, ""sl_mult"": 2.0, ""tp_mult"": 4.0}",4763,16.36,-100.0,-100.0,-103.2,0.043,0.232,-0.401
SOLUSDC,MACD,1m,"{""fast"": 8, ""slow"": 21, ""signal"": 5}",flat,"{""sl_pct"": 2.0, ""tp_pct"": 4.0}",108,31.48,-40.46,-46.83,-3.371,0.675,3.589,-2.294
SOLUSDC,MACD,1m,"{""fast"": 8, ""slow"": 21, ""signal"": 5}",flat,"{""sl_pct"": 1.0, ""tp_pct"": 2.0}",366,31.15,-74.89,-75.31,-8.38,0.556,1.687,-1.297
SOLUSDC,MACD,1m,"{""fast"": 8, ""slow"": 21, ""signal"": 5}",flat,"{""sl_pct"": 3.0, ""tp_pct"": 6.0}",49,28.57,-31.15,-45.36,-2.409,0.658,5.682,-3.223
SOLUSDC,MACD,1m,"{""fast"": 8, ""slow"": 21, ""signal"": 5}",atr,"{""atr_window"": 14, ""sl_mult"": 1.0, ""tp_mult"": 2.0}",7399,3.69,-100.0,-100.0,-231.741,0.001,0.121,-0.314
SOLUSDC,MACD,1m,"{""fast"": 8, ""slow"": 21, ""signal"": 5}",atr,"{""atr_window"": 14, ""sl_mult"": 1.5, ""tp_mult"": 3.0}",6066,9.78,-100.0,-100.0,-170.711,0.011,0.169,-0.35
SOLUSDC,MACD,1m,"{""fast"": 8, ""slow"": 21, ""signal"": 5}",atr,"{""atr_window"": 14, ""sl_mult"": 2.0, ""tp_mult"": 4.0}",4578,16.12,-100.0,-100.0,-99.225,0.041,0.227,-0.401
SOLUSDC,MACD,1m,"{""fast"": 12, ""slow"": 26, ""signal"": 5}",flat,"{""sl_pct"": 2.0, ""tp_pct"": 4.0}",108,31.48,-40.49,-49.11,-3.324,0.673,3.588,-2.294
SOLUSDC,MACD,1m,"{""fast"": 12, ""slow"": 26, ""signal"": 5}",flat,"{""sl_pct"": 1.0, ""tp_pct"": 2.0}",384,31.77,-74.81,-75.22,-8.855,0.57,1.687,-1.297
SOLUSDC,MACD,1m,"{""fast"": 12, ""slow"": 26, ""signal"": 5}",flat,"{""sl_pct"": 3.0, ""tp_pct"": 6.0}",51,29.41,-29.62,-45.13,-2.217,0.683,5.682,-3.225
SOLUSDC,MACD,1m,"{""fast"": 12, ""slow"": 26, ""signal"": 5}",atr,"{""atr_window"": 14, ""sl_mult"": 1.0, ""tp_mult"": 2.0}",6348,3.72,-100.0,-100.0,-216.562,0.002,0.127,-0.314
SOLUSDC,MACD,1m,"{""fast"": 12, ""slow"": 26, ""signal"": 5}",atr,"{""atr_window"": 14, ""sl_mult"": 1.5, ""tp_mult"": 3.0}",5331,9.49,-100.0,-100.0,-151.598,0.012,0.174,-0.352
SOLUSDC,MACD,1m,"{""fast"": 12, ""slow"": 26, ""signal"": 5}",atr,"{""atr_window"": 14, ""sl_mult"": 2.0, ""tp_mult"": 4.0}",4236,16.1,-100.0,-100.0,-100.706,0.047,0.224,-0.402
SOLUSDC,BOLL,1m,"{""window"": 14, ""window_dev"": 1.5}",flat,"{""sl_pct"": 2.0, ""tp_pct"": 4.0}",104,33.65,-30.13,-43.32,-2.343,0.756,3.614,-2.294
SOLUSDC,BOLL,1m,"{""window"": 14, ""window_dev"": 1.5}",flat,"{""sl_pct"": 1.0, ""tp_pct"": 2.0}",394,30.71,-78.61,-79.14,-9.487,0.547,1.684,-1.297
SOLUSDC,BOLL,1m,"{""window"": 14, ""window_dev"": 1.5}",flat,"{""sl_pct"": 3.0, ""tp_pct"": 6.0}",49,30.61,-24.99,-44.6,-1.707,0.724,5.682,-3.23
SOLUSDC,BOLL,1m,"{""window"": 14, ""window_dev"": 1.5}",atr,"{""atr_window"": 14, ""sl_mult"": 1.0, ""tp_mult"": 2.0}",7857,4.01,-100.0,-100.0,-138.423,0.001,0.113,-0.313
SOLUSDC,BOLL,1m,"{""window"": 14, ""window_dev"": 1.5}",atr,"{""atr_window"": 14, ""sl_mult"": 1.5, ""tp_mult"": 3.0}",6004,9.96,-100.0,-100.0,-111.898,0.011,0.166,-0.351
SOLUSDC,BOLL,1m,"{""window"": 14, ""window_dev"": 1.5}",atr,"{""atr_window"": 14, ""sl_mult"": 2.0, ""tp_mult"": 4.0}",4565,16.82,-100.0,-100.0,-95.4,0.048,0.22,-0.403
SOLUSDC,BOLL,1m,"{""window"": 14, ""window_dev"": 2}",flat,"{""sl_pct"": 2.0, ""tp_pct"": 4.0}",102,31.37,-35.92,-46.14,-2.94,0.701,3.688,-2.265
SOLUSDC,BOLL,1m,"{""window"": 14, ""window_dev"": 2}",flat,"{""sl_pct"": 1.0, ""tp_pct"": 2.0}",363,31.13,-74.65,-75.44,-10.278,0.575,1.687,-1.297
SOLUSDC,BOLL,1m,"{""window"": 14, ""window_dev"": 2}",flat,"{""sl_pct"": 3.0, ""tp_pct"": 6.0}",47,27.66,-32.4,-46.77,-2.499,0.63,5.682,-3.211
SOLUSDC,BOLL,1m,"{""window"": 14, ""window_dev"": 2}",atr,"{""atr_window"": 14, ""sl_mult"": 1.0, ""tp_mult"": 2.0}",4292,4.08,-100.0,-100.0,-111.838,0.002,0.114,-0.31
SOLUSDC,BOLL,1m,"{""window"": 14, ""window_dev"": 2}",atr,"{""atr_window"": 14, ""sl_mult"": 1.5, ""tp_mult"": 3.0}",3677,10.01,-100.0,-100.0,-104.151,0.017,0.163,-0.348
SOLUSDC,BOLL,1m,"{""window"": 14, ""window_dev"": 2}",atr,"{""atr_window"": 14, ""sl_mult"": 2.0, ""tp_mult"": 4.0}",3086,16.62,-99.99,-99.99,-82.498,0.055,0.206,-0.398
SOLUSDC,BOLL,1m,"{""window"": 14, ""window_dev"": 2.5}",flat,"{""sl_pct"": 2.0, ""tp_pct"": 4.0}",84,32.14,-31.65,-42.49,-2.63,0.693,3.553,-2.294
SOLUSDC,BOLL,1m,"{""window"": 14, ""window_dev"": 2.5}",flat,"{""sl_pct"": 1.0, ""tp_pct"": 2.0}",266,34.21,-53.38,-54.62,-7.077,0.661,1.685,-1.297
SOLUSDC,BOLL,1m,"{""window"": 14, ""window_dev"": 2.5}",flat,"{""sl_pct"": 3.0, ""tp_pct"": 6.0}",51,29.41,-29.39,-45.09,-2.141,0.688,5.682,-3.216
SOLUSDC,BOLL,1m,"{""window"": 14, ""window_dev"": 2.5}",atr,"{""atr_window"": 14, ""sl_mult"": 1.0, ""tp_mult"": 2.0}",1455,3.78,-98.53,-98.53,-75.643,0.008,0.111,-0.305
SOLUSDC,BOLL,1m,"{""window"": 14, ""window_dev"": 2.5}",atr,"{""atr_window"": 14, ""sl_mult"": 1.5, ""tp_mult"": 3.0}",1379,11.39,-98.13,-98.13,-66.274,0.045,0.161,-0.346
SOLUSDC,BOLL,1m,"{""window"": 14, ""window_dev"": 2.5}",atr,"{""atr_window"": 14, ""sl_mult"": 2.0, ""tp_mult"": 4.0}",1281,18.11,-97.58,-97.58,-56.38,0.094,0.212,-0.401
SOLUSDC,BOLL,1m,"{""window"": 20, ""window_dev"": 1.5}",flat,"{""sl_pct"": 2.0, ""tp_pct"": 4.0}",111,33.33,-33.11,-44.54,-2.595,0.748,3.618,-2.294
SOLUSDC,BOLL,1m,"{""window"": 20, ""window_dev"": 1.5}",flat,"{""sl_pct"": 1.0, ""tp_pct"": 2.0}",394,31.22,-77.3,-77.86,-9.401,0.562,1.684,-1.297
SOLUSDC,BOLL,1m,"{""window"": 20, ""window_dev"": 1.5}",flat,"{""sl_pct"": 3.0, ""tp_pct"": 6.0}",49,30.61,-24.56,-44.97,-1.63,0.727,5.682,-3.214
SOLUSDC,BOLL,1m,"{""window"": 20, ""window_dev"": 1.5}",atr,"{""atr_window"": 14, ""sl_mult"": 1.0, ""tp_mult"": 2.0}",7437,4.33,-100.0,-100.0,-122.583,0.002,0.114,-0.313
SOLUSDC,BOLL,1m,"{""window"": 20, ""window_dev"": 1.5}",atr,"{""atr_window"": 14, ""sl_mult"": 1.5, ""tp_mult"": 3.0}",5667,10.53,-100.0,-100.0,-101.32,0.012,0.169,-0.35
SOLUSDC,BOLL,1m,"{""window"": 20, ""window_dev"": 1.5}",atr,"{""atr_window"": 14, ""sl_mult"": 2.0, ""tp_mult"": 4.0}",4353,17.39,-100.0,-100.0,-84.393,0.05,0.223,-0.404
SOLUSDC,BOLL,1m,"{""window"": 20, ""window_dev"": 2}",flat,"{""sl_pct"": 2.0, ""tp_pct"": 4.0}",111,34.23,-29.02,-41.44,-2.319,0.784,3.62,-2.294
SOLUSDC,BOLL,1m,"{""window"": 20, ""window_dev"": 2}",flat,"{""sl_pct"": 1.0, ""tp_pct"": 2.0}",357,30.81,-74.92,-75.6,-9.729,0.564,1.687,-1.297
SOLUSDC,BOLL,1m,"{""window"": 20, ""window_dev"": 2}",flat,"{""sl_pct"": 3.0, ""tp_pct"": 6.0}",43,27.91,-29.34,-45.61,-2.122,0.627,5.682,-3.206
SOLUSDC,BOLL,1m,"{""window"": 20, ""window_dev"": 2}",atr,"{""atr_window"": 14, ""sl_mult"": 1.0, ""tp_mult"": 2.0}",4238,3.89,-100.0,-100.0,-97.159,0.004,0.103,-0.312
SOLUSDC,BOLL,1m,"{""window"": 20, ""window_dev"": 2}",atr,"{""atr_window"": 14, ""sl_mult"": 1.5, ""tp_mult"": 3.0}",3598,10.51,-100.0,-100.0,-85.922,0.019,0.158,-0.349
SOLUSDC,BOLL,1m,"{""window"": 20, ""window_dev"": 2}",atr,"{""atr_window"": 14, ""sl_mult"": 2.0, ""tp_mult"": 4.0}",3012,17.8,-99.99,-99.99,-73.663,0.063,0.206,-0.404
SOLUSDC,BOLL,1m,"{""window"": 20, ""window_dev"": 2.5}",flat,"{""sl_pct"": 2.0, ""tp_pct"": 4.0}",88,30.68,-34.12,-44.28,-2.873,0.676,3.688,-2.261
SOLUSDC,BOLL,1m,"{""window"": 20, ""window_dev"": 2.5}",flat,"{""sl_pct"": 1.0, ""tp_pct"": 2.0}",286,31.12,-66.25,-67.41,-9.043,0.566,1.682,-1.297
SOLUSDC,BOLL,1m,"{""window"": 20, ""window_dev"": 2.5}",flat,"{""sl_pct"": 3.0, ""tp_pct"": 6.0}",47,27.66,-32.48,-45.92,-2.663,0.627,5.682,-3.214
SOLUSDC,BOLL,1m,"{""window"": 20, ""window_dev"": 2.5}",atr,"{""atr_window"": 14, ""sl_mult"": 1.0, ""tp_mult"": 2.0}",1707,4.28,-99.29,-99.29,-79.11,0.009,0.119,-0.307
SOLUSDC,BOLL,1m,"{""window"": 20, ""window_dev"": 2.5}",atr,"{""atr_window"": 14, ""sl_mult"": 1.5, ""tp_mult"": 3.0}",1587,11.72,-99.0,-99.01,-71.987,0.043,0.162,-0.35
SOLUSDC,BOLL,1m,"{""window"": 20, ""window_dev"": 2.5}",atr,"{""atr_window"": 14, ""sl_mult"": 2.0, ""tp_mult"": 4.0}",1453,18.38,-98.62,-98.62,-62.564,0.094,0.208,-0.407
SOLUSDC,MOM,1m,"{""window"": 5, ""buy_threshold"": 2, ""sell_threshold"": -2}",flat,"{""sl_pct"": 2.0, ""tp_pct"": 4.0}",6,33.33,-2.02,-7.46,-0.712,0.779,3.688,-2.294
SOLUSDC,MOM,1m,"{""window"": 5, ""buy_threshold"": 2, ""sell_threshold"": -2}",flat,"{""sl_pct"": 1.0, ""tp_pct"": 2.0}",6,16.67,-4.73,-6.3,-2.412,0.259,1.694,-1.297
SOLUSDC,MOM,1m,"{""window"": 5, ""buy_threshold"": 2, ""sell_threshold"": -2}",flat,"{""sl_pct"": 3.0, ""tp_pct"": 6.0}",6,33.33,-2.3,-9.34,-0.506,0.824,5.682,-3.291
SOLUSDC,MOM,1m,"{""window"": 5, ""buy_threshold"": 2, ""sell_threshold"": -2}",atr,"{""atr_window"": 14, ""sl_mult"": 1.0, ""tp_mult"": 2.0}",7,14.29,-3.5,-4.4,-2.982,0.163,0.693,-0.706
SOLUSDC,MOM,1m,"{""window"": 5, ""buy_threshold"": 2, ""sell_threshold"": -2}",atr,"{""atr_window"": 14, ""sl_mult"": 1.5, ""tp_mult"": 3.0}",7,42.86,-0.78,-2.21,-0.621,0.791,0.979,-0.921
SOLUSDC,MOM,1m,"{""window"": 5, ""buy_threshold"": 2, ""sell_threshold"": -2}",atr,"{""atr_window"": 14, ""sl_mult"": 2.0, ""tp_mult"": 4.0}",6,33.33,-2.21,-4.48,-1.256,0.519,1.22,-1.157
SOLUSDC,MOM,1m,"{""window"": 5, ""buy_threshold"": 3, ""sell_threshold"": -3}",flat,"{""sl_pct"": 2.0, ""tp_pct"": 4.0}",1,0.0,-2.29,-2.29,-2.014,0.0,,-2.294
SOLUSDC,MOM,1m,"{""window"": 5, ""buy_threshold"": 3, ""sell_threshold"": -3}",flat,"{""sl_pct"": 1.0, ""tp_pct"": 2.0}",1,0.0,-1.3,-1.3,-2.014,0.0,,-1.297
SOLUSDC,MOM,1m,"{""window"": 5, ""buy_threshold"": 3, ""sell_threshold"": -3}",flat,"{""sl_pct"": 3.0, ""tp_pct"": 6.0}",1,0.0,-3.29,-3.29,-2.795,0.0,,-3.291
SOLUSDC,MOM,1m,"{""window"": 5, ""buy_threshold"": 3, ""sell_threshold"": -3}",atr,"{""atr_window"": 14, ""sl_mult"": 1.0, ""tp_mult"": 2.0}",1,0.0,-0.68,-0.68,-2.014,0.0,,-0.683
SOLUSDC,MOM,1m,"{""window"": 5, ""buy_threshold"": 3, ""sell_threshold"": -3}",atr,"{""atr_window"": 14, ""sl_mult"": 1.5, ""tp_mult"": 3.0}",1,0.0,-0.88,-0.88,-2.014,0.0,,-0.875
SOLUSDC,MOM,1m,"{""window"": 5, ""buy_threshold"": 3, ""sell_threshold"": -3}",atr,"{""atr_window"": 14, ""sl_mult"": 2.0, ""tp_mult"": 4.0}",1,0.0,-1.07,-1.07,-2.014,0.0,,-1.067
SOLUSDC,MOM,1m,"{""window"": 5, ""buy_threshold"": 5, ""sell_threshold"": -5}",flat,"{""sl_pct"": 2.0, ""tp_pct"": 4.0}",0,,0.0,0.0,,,,
SOLUSDC,MOM,1m,"{""window"": 5, ""buy_threshold"": 5, ""sell_threshold"": -5}",flat,"{""sl_pct"": 1.0, ""tp_pct"": 2.0}",0,,0.0,0.0,,,,
SOLUSDC,MOM,1m,"{""window"": 5, ""buy_threshold"": 5, ""sell_threshold"": -5}",flat,"{""sl_pct"": 3.0, ""tp_pct"": 6.0}",0,,0.0,0.0,,,,
SOLUSDC,MOM,1m,"{""window"": 5, ""buy_threshold"": 5, ""sell_threshold"": -5}",atr,"{""atr_window"": 14, ""sl_mult"": 1.0, ""tp_mult"": 2.0}",0,,0.0,0.0,,,,
SOLUSDC,MOM,1m,"{""window"": 5, ""buy_threshold"": 5, ""sell_threshold"": -5}",atr,"{""atr_window"": 14, ""sl_mult"": 1.5, ""tp_mult"": 3.0}",0,,0.0,0.0,,,,
SOLUSDC,MOM,1m,"{""window"": 5, ""buy_threshold"": 5, ""sell_threshold"": -5}",atr,"{""atr_window"": 14, ""sl_mult"": 2.0, ""tp_mult"": 4.0}",0,,0.0,0.0,,,,
SOLUSDC,MOM,1m,"{""window"": 10, ""buy_threshold"": 2, ""sell_threshold"": -2}",flat,"{""sl_pct"": 2.0, ""tp_pct"": 4.0}",9,33.33,-3.01,-11.6,-0.699,0.779,3.688,-2.294
SOLUSDC,MOM,1m,"{""window"": 10, ""buy_threshold"": 2, ""sell_threshold"": -2}",flat,"{""sl_pct"": 1.0, ""tp_pct"": 2.0}",11,36.36,-2.39,-8.69,-0.831,0.733,1.694,-1.297
SOLUSDC,MOM,1m,"{""window"": 10, ""buy_threshold"": 2, ""sell_threshold"": -2}",flat,"{""sl_pct"": 3.0, ""tp_pct"": 6.0}",9,44.44,5.53,-10.42,1.117,1.321,5.682,-3.291
SOLUSDC,MOM,1m,"{""window"": 10, ""buy_threshold"": 2, ""sell_threshold"": -2}",atr,"{""atr_window"": 14, ""sl_mult"": 1.0, ""tp_mult"": 2.0}",15,13.33,-8.37,-8.45,-5.178,0.051,0.24,-0.706
SOLUSDC,MOM,1m,"{""window"": 10, ""buy_threshold"": 2, ""sell_threshold"": -2}",atr,"{""atr_window"": 14, ""sl_mult"": 1.5, ""tp_mult"": 3.0}",12,41.67,-3.17,-6.45,-1.588,0.517,0.708,-0.958
SOLUSDC,MOM,1m,"{""window"": 10, ""buy_threshold"": 2, ""sell_threshold"": -2}",atr,"{""atr_window"": 14, ""sl_mult"": 2.0, ""tp_mult"": 4.0}",11,54.55,0.63,-4.58,0.42,1.107,1.099,-1.178
SOLUSDC,MOM,1m,"{""window"": 10, ""buy_threshold"": 3, ""sell_threshold"": -3}",flat,"{""sl_pct"": 2.0, ""tp_pct"": 4.0}",2,0.0,-4.53,-5.39,-2.864,0.0,,-2.294
SOLUSDC,MOM,1m,"{""window"": 10, ""buy_threshold"": 3, ""sell_threshold"": -3}",flat,"{""sl_pct"": 1.0, ""tp_pct"": 2.0}",2,0.0,-2.58,-2.74,-2.864,0.0,,-1.297
SOLUSDC,MOM,1m,"{""window"": 10, ""buy_threshold"": 3, ""sell_threshold"": -3}",flat,"{""sl_pct"": 3.0, ""tp_pct"": 6.0}",2,0.0,-6.47,-7.31,-3.296,0.0,,-3.291
SOLUSDC,MOM,1m,"{""window"": 10, ""buy_threshold"": 3, ""sell_threshold"": -3}",atr,"{""atr_window"": 14, ""sl_mult"": 1.0, ""tp_mult"": 2.0}",3,0.0,-2.27,-2.43,-2.768,0.0,,-0.761
SOLUSDC,MOM,1m,"{""window"": 10, ""buy_threshold"": 3, ""sell_threshold"": -3}",atr,"{""atr_window"": 14, ""sl_mult"": 1.5, ""tp_mult"": 3.0}",3,0.0,-2.95,-3.11,-2.776,0.0,,-0.992
SOLUSDC,MOM,1m,"{""window"": 10, ""buy_threshold"": 3, ""sell_threshold"": -3}",atr,"{""atr_window"": 14, ""sl_mult"": 2.0, ""tp_mult"": 4.0}",2,0.0,-2.43,-2.6,-2.84,0.0,,-1.224
SOLUSDC,MOM,1m,"{""window"": 10, ""buy_threshold"": 5, ""sell_threshold"": -5}",flat,"{""sl_pct"": 2.0, ""tp_pct"": 4.0}",0,,0.0,0.0,,,,
SOLUSDC,MOM,1m,"{""window"": 10, ""buy_threshold"": 5, ""sell_threshold"": -5}",flat,"{""sl_pct"": 1.0, ""tp_pct"": 2.0}",0,,0.0,0.0,,,,
SOLUSDC,MOM,1m,"{""window"": 10, ""buy_threshold"": 5, ""sell_threshold"": -5}",flat,"{""sl_pct"": 3.0, ""tp_pct"": 6.0}",0,,0.0,0.0,,,,
SOLUSDC,MOM,1m,"{""window"": 10, ""buy_threshold"": 5, ""sell_threshold"": -5}",atr,"{""atr_window"": 14, ""sl_mult"": 1.0, ""tp_mult"": 2.0}",0,,0.0,0.0,,,,
SOLUSDC,MOM,1m,"{""window"": 10, ""buy_threshold"": 5, ""sell_threshold"": -5}",atr,"{""atr_window"": 14, ""sl_mult"": 1.5, ""tp_mult"": 3.0}",0,,0.0,0.0,,,,
SOLUSDC,MOM,1m,"{""window"": 10, ""buy_threshold"": 5, ""sell_threshold"": -5}",atr,"{""atr_window"": 14, ""sl_mult"": 2.0, ""tp_mult"": 4.0}",0,,0.0,0.0,,,,
SOLUSDC,RSI,15m,"{""window"": 10, ""buy_threshold"": 20, ""sell_threshold"": 70}",flat,"{""sl_pct"": 2.0, ""tp_pct"": 4.0}",71,28.17,-35.41,-39.94,-2.379,0.593,3.688,-2.251
SOLUSDC,RSI,15m,"{""window"": 10, ""buy_threshold"": 20, ""sell_threshold"": 70}",flat,"{""sl_pct"": 1.0, ""tp_pct"": 2.0}",99,30.3,-33.26,-34.55,-3.635,0.529,1.668,-1.297
SOLUSDC,RSI,15m,"{""window"": 10, ""buy_threshold"": 20, ""sell_threshold"": 70}",flat,"{""sl_pct"": 3.0, ""tp_pct"": 6.0}",57,28.07,-36.64,-45.11,-1.985,0.61,5.682,-3.216
SOLUSDC,RSI,15m,"{""window"": 10, ""buy_threshold"": 20, ""sell_threshold"": 70}",atr,"{""atr_window"": 14, ""sl_mult"": 1.0, ""tp_mult"": 2.0}",125,24.0,-43.38,-43.87,-6.739,0.288,0.817,-0.851
SOLUSDC,RSI,15m,"{""window"": 10, ""buy_threshold"": 20, ""sell_threshold"": 70}",atr,"{""atr_window"": 14, ""sl_mult"": 1.5, ""tp_mult"": 3.0}",108,26.85,-42.7,-43.2,-5.052,0.372,1.281,-1.163
SOLUSDC,RSI,15m,"{""window"": 10, ""buy_threshold"": 20, ""sell_threshold"": 70}",atr,"{""atr_window"": 14, ""sl_mult"": 2.0, ""tp_mult"": 4.0}",95,25.26,-45.57,-46.63,-4.824,0.4,1.843,-1.46
SOLUSDC,RSI,15m,"{""window"": 10, ""buy_threshold"": 20, ""sell_threshold"": 80}",flat,"{""sl_pct"": 2.0, ""tp_pct"": 4.0}",71,28.17,-35.41,-39.94,-2.379,0.593,3.688,-2.251
SOLUSDC,RSI,15m,"{""window"": 10, ""buy_threshold"": 20, ""sell_threshold"": 80}",flat,"{""sl_pct"": 1.0, ""tp_pct"": 2.0}",99,30.3,-33.26,-34.55,-3.635,0.529,1.668,-1.297
SOLUSDC,RSI,15m,"{""window"": 10, ""buy_threshold"": 20, ""sell_threshold"": 80}",flat,"{""sl_pct"": 3.0, ""tp_pct"": 6.0}",57,28.07,-36.64,-45.11,-1.985,0.61,5.682,-3.216
SOLUSDC,RSI,15m,"{""window"": 10, ""buy_threshold"": 20, ""sell_threshold"": 80}",atr,"{""atr_window"": 14, ""sl_mult"": 1.0, ""tp_mult"": 2.0}",125,24.0,-43.38,-43.87,-6.739,0.288,0.817,-0.851
SOLUSDC,RSI,15m,"{""window"": 10, ""buy_threshold"": 20, ""sell_threshold"": 80}",atr,"{""atr_window"": 14, ""sl_mult"": 1.5, ""tp_mult"": 3.0}",108,26.85,-42.7,-43.2,-5.052,0.372,1.281,-1.163
SOLUSDC,RSI,15m,"{""window"": 10, ""buy_threshold"": 20, ""sell_threshold"": 80}",atr,"{""atr_window"": 14, ""sl_mult"": 2.0, ""tp_mult"": 4.0}",95,25.26,-45.57,-46.63,-4.824,0.4,1.843,-1.46
SOLUSDC,RSI,15m,"{""window"": 10, ""buy_threshold"": 30, ""sell_threshold"": 70}",flat,"{""sl_pct"": 2.0, ""tp_pct"": 4.0}",163,24.54,-74.95,-75.31,-4.929,0.474,3.688,-2.277
SOLUSDC,RSI,15m,"{""window"": 10, ""buy_threshold"": 30, ""sell_threshold"": 70}",flat,"{""sl_pct"": 1.0, ""tp_pct"": 2.0}",307,30.62,-70.22,-70.65,-6.143,0.545,1.682,-1.297
SOLUSDC,RSI,15m,"{""window"": 10, ""buy_threshold"": 30, ""sell_threshold"": 70}",flat,"{""sl_pct"": 3.0, ""tp_pct"": 6.0}",95,26.32,-60.74,-62.14,-2.967,0.544,5.682,-3.255
SOLUSDC,RSI,15m,"{""window"": 10, ""buy_threshold"": 30, ""sell_threshold"": 70}",atr,"{""atr_window"": 14, ""sl_mult"": 1.0, ""tp_mult"": 2.0}",473,29.18,-82.2,-82.54,-11.069,0.425,0.779,-0.83
SOLUSDC,RSI,15m,"{""window"": 10, ""buy_threshold"": 30, ""sell_threshold"": 70}",atr,"{""atr_window"": 14, ""sl_mult"": 1.5, ""tp_mult"": 3.0}",362,28.73,-79.21,-79.29,-7.364,0.462,1.303,-1.121
SOLUSDC,RSI,15m,"{""window"": 10, ""buy_threshold"": 30, ""sell_threshold"": 70}",atr,"{""atr_window"": 14, ""sl_mult"": 2.0, ""tp_mult"": 4.0}",302,28.81,-75.87,-76.22,-6.551,0.535,1.845,-1.386
SOLUSDC,RSI,15m,"{""window"": 10, ""buy_threshold"": 30, ""sell_threshold"": 80}",flat,"{""sl_pct"": 2.0, ""tp_pct"": 4.0}",163,24.54,-74.95,-75.31,-4.929,0.474,3.688,-2.277
SOLUSDC,RSI,15m,"{""window"": 10, ""buy_threshold"": 30, ""sell_threshold"": 80}",flat,"{""sl_pct"": 1.0, ""tp_pct"": 2.0}",307,30.62,-70.22,-70.65,-6.143,0.545,1.682,-1.297
SOLUSDC,RSI,15m,"{""window"": 10, ""buy_threshold"": 30, ""sell_threshold"": 80}",flat,"{""sl_pct"": 3.0, ""tp_pct"": 6.0}",95,26.32,-60.74,-62.14,-2.967,0.544,5.682,-3.255
SOLUSDC,RSI,15m,"{""window"": 10, ""buy_threshold"": 30, ""sell_threshold"": 80}",atr,"{""atr_window"": 14, ""sl_mult"": 1.0, ""tp_mult"": 2.0}",473,29.18,-82.2,-82.54,-11.069,0.425,0.779,-0.83
SOLUSDC,RSI,15m,"{""window"": 10, ""buy_threshold"": 30, ""sell_threshold"": 80}",atr,"{""atr_window"": 14, ""sl_mult"": 1.5, ""tp_mult"": 3.0}",362,28.73,-79.21,-79.29,-7.364,0.462,1.303,-1.121
SOLUSDC,RSI,15m,"{""window"": 10, ""buy_threshold"": 30, ""sell_threshold"": 80}",atr,"{""atr_window"": 14, ""sl_mult"": 2.0, ""tp_mult"": 4.0}",302,28.81,-75.87,-76.22,-6.551,0.535,1.845,-1.386
SOLUSDC,RSI,15m,"{""window"": 14, ""buy_threshold"": 20, ""sell_threshold"": 70}",flat,"{""sl_pct"": 2.0, ""tp_pct"": 4.0}",32,34.38,-11.53,-26.04,-0.911,0.723,3.376,-2.294
SOLUSDC,RSI,15m,"{""window"": 14, ""buy_threshold"": 20, ""sell_threshold"": 70}",flat,"{""sl_pct"": 1.0, ""tp_pct"": 2.0}",40,35.0,-9.88,-15.95,-1.503,0.686,1.694,-1.297
SOLUSDC,RSI,15m,"{""window"": 14, ""buy_threshold"": 20, ""sell_threshold"": 70}",flat,"{""sl_pct"": 3.0, ""tp_pct"": 6.0}",26,38.46,-3.48,-20.37,-0.042,0.928,5.139,-3.291
SOLUSDC,RSI,15m,"{""window"": 14, ""buy_threshold"": 20, ""sell_threshold"": 70}",atr,"{""atr_window"": 14, ""sl_mult"": 1.0, ""tp_mult"": 2.0}",48,27.08,-18.05,-19.57,-3.329,0.364,0.927,-0.907
SOLUSDC,RSI,15m,"{""window"": 14, ""buy_threshold"": 20, ""sell_threshold"": 70}",atr,"{""atr_window"": 14, ""sl_mult"": 1.5, ""tp_mult"": 3.0}",44,36.36,-10.35,-18.38,-1.304,0.67,1.471,-1.216
SOLUSDC,RSI,15m,"{""window"": 14, ""buy_threshold"": 20, ""sell_threshold"": 70}",atr,"{""atr_window"": 14, ""sl_mult"": 2.0, ""tp_mult"": 4.0}",38,36.84,-8.98,-20.61,-1.056,0.723,1.96,-1.51
SOLUSDC,RSI,15m,"{""window"": 14, ""buy_threshold"": 20, ""sell_threshold"": 80}",flat,"{""sl_pct"": 2.0, ""tp_pct"": 4.0}",32,34.38,-11.53,-26.04,-0.911,0.723,3.376,-2.294
SOLUSDC,RSI,15m,"{""window"": 14, ""buy_threshold"": 20, ""sell_threshold"": 80}",flat,"{""sl_pct"": 1.0, ""tp_pct"": 2.0}",40,35.0,-9.88,-15.95,-1.503,0.686,1.694,-1.297
SOLUSDC,RSI,15m,"{""window"": 14, ""buy_threshold"": 20, ""sell_threshold"": 80}",flat,"{""sl_pct"": 3.0, ""tp_pct"": 6.0}",26,38.46,-3.48,-20.37,-0.042,0.928,5.139,-3.291
SOLUSDC,RSI,15m,"{""window"": 14, ""buy_threshold"": 20, ""sell_threshold"": 80}",atr,"{""atr_window"": 14, ""sl_mult"": 1.0, ""tp_mult"": 2.0}",48,27.08,-18.05,-19.57,-3.329,0.364,0.927,-0.907
SOLUSDC,RSI,15m,"{""window"": 14, ""buy_threshold"": 20, ""sell_threshold"": 80}",atr,"{""atr_window"": 14, ""sl_mult"": 1.5, ""tp_mult"": 3.0}",44,36.36,-10.35,-18.38,-1.304,0.67,1.471,-1.216
SOLUSDC,RSI,15m,"{""window"": 14, ""buy_threshold"": 20, ""sell_threshold"": 80}",atr,"{""atr_window"": 14, ""sl_mult"": 2.0, ""tp_mult"": 4.0}",38,36.84,-8.98,-20.61,-1.056,0.723,1.96,-1.51
SOLUSDC,RSI,15m,"{""window"": 14, ""buy_threshold"": 30, ""sell_threshold"": 70}",flat,"{""sl_pct"": 2.0, ""tp_pct"": 4.0}",130,31.54,-44.01,-45.25,-2.63,0.712,3.688,-2.294
SOLUSDC,RSI,15m,"{""window"": 14, ""buy_threshold"": 30, ""sell_threshold"": 70}",flat,"{""sl_pct"": 1.0, ""tp_pct"": 2.0}",217,32.26,-52.77,-54.26,-4.402,0.581,1.683,-1.297
SOLUSDC,RSI,15m,"{""window"": 14, ""buy_threshold"": 30, ""sell_threshold"": 70}",flat,"{""sl_pct"": 3.0, ""tp_pct"": 6.0}",85,30.59,-40.05,-49.83,-1.541,0.695,5.682,-3.248
SOLUSDC,RSI,15m,"{""window"": 14, ""buy_threshold"": 30, ""sell_threshold"": 70}",atr,"{""atr_window"": 14, ""sl_mult"": 1.0, ""tp_mult"": 2.0}",303,25.74,-68.44,-68.44,-8.066,0.394,0.934,-0.83
SOLUSDC,RSI,15m,"{""window"": 14, ""buy_threshold"": 30, ""sell_threshold"": 70}",atr,"{""atr_window"": 14, ""sl_mult"": 1.5, ""tp_mult"": 3.0}",239,29.71,-60.01,-61.62,-5.664,0.499,1.422,-1.132
SOLUSDC,RSI,15m,"{""window"": 14, ""buy_threshold"": 30, ""sell_threshold"": 70}",atr,"{""atr_window"": 14, ""sl_mult"": 2.0, ""tp_mult"": 4.0}",203,29.56,-57.92,-58.37,-4.748,0.564,1.962,-1.403
SOLUSDC,RSI,15m,"{""window"": 14, ""buy_threshold"": 30, ""sell_threshold"": 80}",flat,"{""sl_pct"": 2.0, ""tp_pct"": 4.0}",130,31.54,-44.01,-45.25,-2.63,0.712,3.688,-2.294
SOLUSDC,RSI,15m,"{""window"": 14, ""buy_threshold"": 30, ""sell_threshold"": 80}",flat,"{""sl_pct"": 1.0, ""tp_pct"": 2.0}",217,32.26,-52.77,-54.26,-4.402,0.581,1.683,-1.297
SOLUSDC,RSI,15m,"{""window"": 14, ""buy_threshold"": 30, ""sell_threshold"": 80}",flat,"{""sl_pct"": 3.0, ""tp_pct"": 6.0}",85,30.59,-40.05,-49.83,-1.541,0.695,5.682,-3.248
SOLUSDC,RSI,15m,"{""window"": 14, ""buy_threshold"": 30, ""sell_threshold"": 80}",atr,"{""atr_window"": 14, ""sl_mult"": 1.0, ""tp_mult"": 2.0}",303,25.74,-68.44,-68.44,-8.066,0.394,0.934,-0.83
SOLUSDC,RSI,15m,"{""window"": 14, ""buy_threshold"": 30, ""sell_threshold"": 80}",atr,"{""atr_window"": 14, ""sl_mult"": 1.5, ""tp_mult"": 3.0}",239,29.71,-60.01,-61.62,-5.664,0.499,1.422,-1.132
SOLUSDC,RSI,15m,"{""window"": 14, ""buy_threshold"": 30, ""sell_threshold"": 80}",atr,"{""atr_window"": 14, ""sl_mult"": 2.0, ""tp_mult"": 4.0}",203,29.56,-57.92,-58.37,-4.748,0.564,1.962,-1.403
SOLUSDC,EMA,15m,"{""short_span"": 5, ""long_span"": 20}",flat,"{""sl_pct"": 2.0, ""tp_pct"": 4.0}",163,25.77,-73.19,-73.55,-4.687,0.496,3.615,-2.294
SOLUSDC,EMA,15m,"{""short_span"": 5, ""long_span"": 20}",flat,"{""sl_pct"": 1.0, ""tp_pct"": 2.0}",315,31.11,-69.76,-70.02,-6.164,0.55,1.683,-1.297
SOLUSDC,EMA,15m,"{""short_span"": 5, ""long_span"": 20}",flat,"{""sl_pct"": 3.0, ""tp_pct"": 6.0}",93,27.96,-54.21,-61.23,-2.369,0.595,5.682,-3.256
SOLUSDC,EMA,15m,"{""short_span"": 5, ""long_span"": 20}",atr,"{""atr_window"": 14, ""sl_mult"": 1.0, ""tp_mult"": 2.0}",502,32.67,-81.53,-81.53,-12.066,0.346,0.587,-0.78
SOLUSDC,EMA,15m,"{""short_span"": 5, ""long_span"": 20}",atr,"{""atr_window"": 14, ""sl_mult"": 1.5, ""tp_mult"": 3.0}",410,32.93,-72.32,-72.4,-6.669,0.538,1.171,-1.031
SOLUSDC,EMA,15m,"{""short_span"": 5, ""long_span"": 20}",atr,"{""atr_window"": 14, ""sl_mult"": 2.0, ""tp_mult"": 4.0}",326,30.67,-75.06,-75.2,-6.055,0.526,1.642,-1.323
SOLUSDC,EMA,15m,"{""short_span"": 9, ""long_span"": 21}",flat,"{""sl_pct"": 2.0, ""tp_pct"": 4.0}",141,28.37,-60.39,-61.0,-3.531,0.577,3.608,-2.294
SOLUSDC,EMA,15m,"{""short_span"": 9, ""long_span"": 21}",flat,"{""sl_pct"": 1.0, ""tp_pct"": 2.0}",258,30.23,-65.03,-65.34,-6.172,0.523,1.679,-1.297
SOLUSDC,EMA,15m,"{""short_span"": 9, ""long_span"": 21}",flat,"{""sl_pct"": 3.0, ""tp_pct"": 6.0}",86,27.91,-51.56,-59.04,-2.282,0.595,5.682,-3.254
SOLUSDC,EMA,15m,"{""short_span"": 9, ""long_span"": 21}",atr,"{""atr_window"": 14, ""sl_mult"": 1.0, ""tp_mult"": 2.0}",378,33.07,-70.28,-70.28,-10.187,0.372,0.612,-0.777
SOLUSDC,EMA,15m,"{""short_span"": 9, ""long_span"": 21}",atr,"{""atr_window"": 14, ""sl_mult"": 1.5, ""tp_mult"": 3.0}",339,32.45,-67.37,-67.43,-6.667,0.513,1.127,-1.02
SOLUSDC,EMA,15m,"{""short_span"": 9, ""long_span"": 21}",atr,"{""atr_window"": 14, ""sl_mult"": 2.0, ""tp_mult"": 4.0}",287,28.57,-74.03,-74.21,-6.726,0.483,1.605,-1.283
SOLUSDC,EMA,15m,"{""short_span"": 12, ""long_span"": 26}",flat,"{""sl_pct"": 2.0, ""tp_pct"": 4.0}",126,29.37,-53.09,-55.51,-3.14,0.597,3.6,-2.294
SOLUSDC,EMA,15m,"{""short_span"": 12, ""long_span"": 26}",flat,"{""sl_pct"": 1.0, ""tp_pct"": 2.0}",215,31.16,-55.88,-56.84,-5.334,0.566,1.675,-1.297
SOLUSDC,EMA,15m,"{""short_span"": 12, ""long_span"": 26}",flat,"{""sl_pct"": 3.0, ""tp_pct"": 6.0}",84,26.19,-56.72,-61.48,-2.979,0.535,5.682,-3.257
SOLUSDC,EMA,15m,"{""short_span"": 12, ""long_span"": 26}",atr,"{""atr_window"": 14, ""sl_mult"": 1.0, ""tp_mult"": 2.0}",293,33.45,-60.54,-60.91,-9.574,0.373,0.587,-0.767
SOLUSDC,EMA,15m,"{""short_span"": 12, ""long_span"": 26}",atr,"{""atr_window"": 14, ""sl_mult"": 1.5, ""tp_mult"": 3.0}",277,31.41,-61.25,-61.85,-7.054,0.507,1.109,-0.997
SOLUSDC,EMA,15m,"{""short_span"": 12, ""long_span"": 26}",atr,"{""atr_window"": 14, ""sl_mult"": 2.0, ""tp_mult"": 4.0}",245,31.84,-54.75,-55.66,-4.41,0.631,1.651,-1.229
SOLUSDC,EMA,15m,"{""short_span"": 5, ""long_span"": 13}",flat,"{""sl_pct"": 2.0, ""tp_pct"": 4.0}",174,27.59,-70.33,-70.77,-4.019,0.55,3.624,-2.294
SOLUSDC,EMA,15m,"{""short_span"": 5, ""long_span"": 13}",flat,"{""sl_pct"": 1.0, ""tp_pct"": 2.0}",367,29.97,-78.05,-78.29,-7.302,0.537,1.685,-1.297
SOLUSDC,EMA,15m,"{""short_span"": 5, ""long_span"": 13}",flat,"{""sl_pct"": 3.0, ""tp_pct"": 6.0}",105,26.67,-63.22,-66.94,-2.808,0.548,5.682,-3.254
SOLUSDC,EMA,15m,"{""short_span"": 5, ""long_span"": 13}",atr,"{""atr_window"": 14, ""sl_mult"": 1.0, ""tp_mult"": 2.0}",599,33.22,-85.42,-85.46,-12.512,0.422,0.625,-0.787
SOLUSDC,EMA,15m,"{""short_span"": 5, ""long_span"": 13}",atr,"{""atr_window"": 14, ""sl_mult"": 1.5, ""tp_mult"": 3.0}",471,32.48,-79.99,-80.07,-7.576,0.525,1.168,-1.057
SOLUSDC,EMA,15m,"{""short_span"": 5, ""long_span"": 13}",atr,"{""atr_window"": 14, ""sl_mult"": 2.0, ""tp_mult"": 4.0}",378,30.16,-80.24,-80.39,-6.15,0.543,1.683,-1.322
SOLUSDC,MACD,15m,"{""fast"": 12, ""slow"": 26, ""signal"": 9}",flat,"{""sl_pct"": 2.0, ""tp_pct"": 4.0}",192,29.17,-68.63,-70.22,-3.685,0.595,3.63,-2.294
SOLUSDC,MACD,15m,"{""fast"": 12, ""slow"": 26, ""signal"": 9}",flat,"{""sl_pct"": 1.0, ""tp_pct"": 2.0}",402,30.6,-79.55,-79.77,-7.452,0.521,1.684,-1.297
SOLUSDC,MACD,15m,"{""fast"": 12, ""slow"": 26, ""signal"": 9}",flat,"{""sl_pct"": 3.0, ""tp_pct"": 6.0}",106,25.47,-67.63,-70.42,-3.197,0.511,5.682,-3.262
SOLUSDC,MACD,15m,"{""fast"": 12, ""slow"": 26, ""signal"": 9}",atr,"{""atr_window"": 14, ""sl_mult"": 1.0, ""tp_mult"": 2.0}",640,30.63,-89.67,-89.67,-14.751,0.376,0.654,-0.795
SOLUSDC,MACD,15m,"{""fast"": 12, ""slow"": 26, ""signal"": 9}",atr,"{""atr_window"": 14, ""sl_mult"": 1.5, ""tp_mult"": 3.0}",527,30.74,-86.96,-86.98,-8.97,0.471,1.179,-1.07
SOLUSDC,MACD,15m,"{""fast"": 12, ""slow"": 26, ""signal"": 9}",atr,"{""atr_window"": 14, ""sl_mult"": 2.0, ""tp_mult"": 4.0}",400,31.0,-80.94,-81.05,-6.37,0.532,1.745,-1.364
SOLUSDC,MACD,15m,"{""fast"": 5, ""slow"": 35, ""signal"": 5}",flat,"{""sl_pct"": 2.0, ""tp_pct"": 4.0}",225,29.78,-71.97,-75.04,-3.342,0.605,3.639,-2.294
SOLUSDC,MACD,15m,"{""fast"": 5, ""slow"": 35, ""signal"": 5}",flat,"{""sl_pct"": 1.0, ""tp_pct"": 2.0}",491,32.99,-79.5,-79.75,-6.726,0.6,1.686,-1.297
SOLUSDC,MACD,15m,"{""fast"": 5, ""slow"": 35, ""signal"": 5}",flat,"{""sl_pct"": 3.0, ""tp_pct"": 6.0}",121,28.93,-59.99,-65.77,-2.402,0.631,5.682,-3.26
SOLUSDC,MACD,15m,"{""fast"": 5, ""slow"": 35, ""signal"": 5}",atr,"{""atr_window"": 14, ""sl_mult"": 1.0, ""tp_mult"": 2.0}",968,33.57,-95.25,-95.26,-13.412,0.436,0.65,-0.797
SOLUSDC,MACD,15m,"{""fast"": 5, ""slow"": 35, ""signal"": 5}",atr,"{""atr_window"": 14, ""sl_mult"": 1.5, ""tp_mult"": 3.0}",646,33.59,-87.97,-88.02,-8.169,0.534,1.205,-1.091
SOLUSDC,MACD,15m,"{""fast"": 5, ""slow"": 35, ""signal"": 5}",atr,"{""atr_window"": 14, ""sl_mult"": 2.0, ""tp_mult"": 4.0}",448,30.36,-85.31,-85.46,-6.562,0.551,1.876,-1.41
SOLUSDC,MACD,15m,"{""fast"": 8, ""slow"": 21, ""signal"": 5}",flat,"{""sl_pct"": 2.0, ""tp_pct"": 4.0}",219,30.14,-69.65,-74.2,-3.144,0.602,3.638,-2.294
SOLUSDC,MACD,15m,"{""fast"": 8, ""slow"": 21, ""signal"": 5}",flat,"{""sl_pct"": 1.0, ""tp_pct"": 2.0}",468,32.91,-78.21,-78.48,-6.439,0.584,1.686,-1.297
SOLUSDC,MACD,15m,"{""fast"": 8, ""slow"": 21, ""signal"": 5}",flat,"{""sl_pct"": 3.0, ""tp_pct"": 6.0}",119,29.41,-57.22,-62.29,-2.235,0.653,5.682,-3.259
SOLUSDC,MACD,15m,"{""fast"": 8, ""slow"": 21, ""signal"": 5}",atr,"{""atr_window"": 14, ""sl_mult"": 1.0, ""tp_mult"": 2.0}",872,33.6,-93.95,-93.96,-13.244,0.41,0.646,-0.806
SOLUSDC,MACD,15m,"{""fast"": 8, ""slow"": 21, ""signal"": 5}",atr,"{""atr_window"": 14, ""sl_mult"": 1.5, ""tp_mult"": 3.0}",609,34.15,-85.06,-85.17,-7.145,0.546,1.209,-1.089
SOLUSDC,MACD,15m,"{""fast"": 8, ""slow"": 21, ""signal"": 5}",atr,"{""atr_window"": 14, ""sl_mult"": 2.0, ""tp_mult"": 4.0}",446,32.06,-82.3,-82.47,-5.927,0.571,1.792,-1.395
SOLUSDC,MACD,15m,"{""fast"": 12, ""slow"": 26, ""signal"": 5}",flat,"{""sl_pct"": 2.0, ""tp_pct"": 4.0}",209,27.75,-76.2,-77.35,-4.398,0.521,3.631,-2.294
SOLUSDC,MACD,15m,"{""fast"": 12, ""slow"": 26, ""signal"": 5}",flat,"{""sl_pct"": 1.0, ""tp_pct"": 2.0}",433,31.87,-78.65,-78.89,-6.682,0.54,1.685,-1.297
SOLUSDC,MACD,15m,"{""fast"": 12, ""slow"": 26, ""signal"": 5}",flat,"{""sl_pct"": 3.0, ""tp_pct"": 6.0}",109,28.44,-58.17,-63.42,-2.343,0.62,5.682,-3.259
SOLUSDC,MACD,15m,"{""fast"": 12, ""slow"": 26, ""signal"": 5}",atr,"{""atr_window"": 14, ""sl_mult"": 1.0, ""tp_mult"": 2.0}",759,32.54,-91.51,-91.51,-13.265,0.42,0.652,-0.791
SOLUSDC,MACD,15m,"{""fast"": 12, ""slow"": 26, ""signal"": 5}",atr,"{""atr_window"": 14, ""sl_mult"": 1.5, ""tp_mult"": 3.0}",589,31.07,-87.79,-87.82,-8.464,0.479,1.208,-1.051
SOLUSDC,MACD,15m,"{""fast"": 12, ""slow"": 26, ""signal"": 5}",atr,"{""atr_window"": 14, ""sl_mult"": 2.0, ""tp_mult"": 4.0}",440,29.32,-85.11,-85.23,-6.79,0.513,1.802,-1.34
SOLUSDC,BOLL,15m,"{""window"": 14, ""window_dev"": 1.5}",flat,"{""sl_pct"": 2.0, ""tp_pct"": 4.0}",206,31.07,-61.54,-64.6,-2.782,0.666,3.688,-2.279
SOLUSDC,BOLL,15m,"{""window"": 14, ""window_dev"": 1.5}",flat,"{""sl_pct"": 1.0, ""tp_pct"": 2.0}",504,33.33,-79.2,-79.42,-6.014,0.628,1.69,-1.297
SOLUSDC,BOLL,15m,"{""window"": 14, ""window_dev"": 1.5}",flat,"{""sl_pct"": 3.0, ""tp_pct"": 6.0}",122,31.15,-49.66,-59.49,-1.757,0.703,5.682,-3.263
SOLUSDC,BOLL,15m,"{""window"": 14, ""window_dev"": 1.5}",atr,"{""atr_window"": 14, ""sl_mult"": 1.0, ""tp_mult"": 2.0}",981,31.29,-96.38,-96.38,-16.493,0.442,0.683,-0.798
SOLUSDC,BOLL,15m,"{""window"": 14, ""window_dev"": 1.5}",atr,"{""atr_window"": 14, ""sl_mult"": 1.5, ""tp_mult"": 3.0}",671,32.79,-88.68,-88.7,-8.73,0.571,1.237,-1.074
SOLUSDC,BOLL,15m,"{""window"": 14, ""window_dev"": 1.5}",atr,"{""atr_window"": 14, ""sl_mult"": 2.0, ""tp_mult"": 4.0}",495,33.94,-78.93,-79.16,-5.293,0.598,1.764,-1.361
SOLUSDC,BOLL,15m,"{""window"": 14, ""window_dev"": 2}",flat,"{""sl_pct"": 2.0, ""tp_pct"": 4.0}",180,31.11,-58.5,-61.6,-2.717,0.657,3.633,-2.294
SOLUSDC,BOLL,15m,"{""window"": 14, ""window_dev"": 2}",flat,"{""sl_pct"": 1.0, ""tp_pct"": 2.0}",369,34.42,-64.49,-67.14,-5.319,0.66,1.686,-1.297
SOLUSDC,BOLL,15m,"{""window"": 14, ""window_dev"": 2}",flat,"{""sl_pct"": 3.0, ""tp_pct"": 6.0}",101,30.69,-45.01,-55.73,-1.699,0.699,5.682,-3.247
SOLUSDC,BOLL,15m,"{""window"": 14, ""window_dev"": 2}",atr,"{""atr_window"": 14, ""sl_mult"": 1.0, ""tp_mult"": 2.0}",571,34.33,-79.81,-80.47,-11.082,0.503,0.702,-0.788
SOLUSDC,BOLL,15m,"{""window"": 14, ""window_dev"": 2}",atr,"{""atr_window"": 14, ""sl_mult"": 1.5, ""tp_mult"": 3.0}",462,33.77,-75.67,-76.08,-7.607,0.583,1.193,-1.058
SOLUSDC,BOLL,15m,"{""window"": 14, ""window_dev"": 2}",atr,"{""atr_window"": 14, ""sl_mult"": 2.0, ""tp_mult"": 4.0}",378,33.33,-72.73,-73.38,-5.108,0.574,1.681,-1.335
SOLUSDC,BOLL,15m,"{""window"": 14, ""window_dev"": 2.5}",flat,"{""sl_pct"": 2.0, ""tp_pct"": 4.0}",116,31.9,-37.56,-38.66,-1.888,0.715,3.688,-2.266
SOLUSDC,BOLL,15m,"{""window"": 14, ""window_dev"": 2.5}",flat,"{""sl_pct"": 1.0, ""tp_pct"": 2.0}",175,36.57,-31.55,-32.43,-2.596,0.73,1.685,-1.297
SOLUSDC,BOLL,15m,"{""window"": 14, ""window_dev"": 2.5}",flat,"{""sl_pct"": 3.0, ""tp_pct"": 6.0}",74,29.73,-38.82,-43.62,-1.656,0.677,5.682,-3.229
SOLUSDC,BOLL,15m,"{""window"": 14, ""window_dev"": 2.5}",atr,"{""atr_window"": 14, ""sl_mult"": 1.0, ""tp_mult"": 2.0}",227,36.12,-41.22,-41.35,-5.371,0.535,0.748,-0.783
SOLUSDC,BOLL,15m,"{""window"": 14, ""window_dev"": 2.5}",atr,"{""atr_window"": 14, ""sl_mult"": 1.5, ""tp_mult"": 3.0}",207,34.3,-42.75,-43.14,-4.259,0.613,1.237,-1.042
SOLUSDC,BOLL,15m,"{""window"": 14, ""window_dev"": 2.5}",atr,"{""atr_window"": 14, ""sl_mult"": 2.0, ""tp_mult"": 4.0}",184,34.24,-35.25,-36.49,-2.329,0.738,1.87,-1.307
SOLUSDC,BOLL,15m,"{""window"": 20, ""window_dev"": 1.5}",flat,"{""sl_pct"": 2.0, ""tp_pct"": 4.0}",214,30.37,-67.81,-72.02,-3.487,0.617,3.64,-2.294
SOLUSDC,BOLL,15m,"{""window"": 20, ""window_dev"": 1.5}",flat,"{""sl_pct"": 1.0, ""tp_pct"": 2.0}",482,33.2,-78.17,-79.56,-6.076,0.629,1.689,-1.297
SOLUSDC,BOLL,15m,"{""window"": 20, ""window_dev"": 1.5}",flat,"{""sl_pct"": 3.0, ""tp_pct"": 6.0}",115,30.43,-51.17,-57.41,-1.913,0.682,5.682,-3.259
SOLUSDC,BOLL,15m,"{""window"": 20, ""window_dev"": 1.5}",atr,"{""atr_window"": 14, ""sl_mult"": 1.0, ""tp_mult"": 2.0}",895,31.62,-94.69,-94.7,-15.237,0.455,0.707,-0.801
SOLUSDC,BOLL,15m,"{""window"": 20, ""window_dev"": 1.5}",atr,"{""atr_window"": 14, ""sl_mult"": 1.5, ""tp_mult"": 3.0}",640,32.66,-88.57,-88.61,-8.282,0.543,1.228,-1.086
SOLUSDC,BOLL,15m,"{""window"": 20, ""window_dev"": 1.5}",atr,"{""atr_window"": 14, ""sl_mult"": 2.0, ""tp_mult"": 4.0}",481,32.02,-85.04,-85.22,-6.294,0.519,1.715,-1.368
SOLUSDC,BOLL,15m,"{""window"": 20, ""window_dev"": 2}",flat,"{""sl_pct"": 2.0, ""tp_pct"": 4.0}",176,28.98,-64.37,-68.6,-3.457,0.601,3.688,-2.277
SOLUSDC,BOLL,15m,"{""window"": 20, ""window_dev"": 2}",flat,"{""sl_pct"": 1.0, ""tp_pct"": 2.0}",349,32.38,-69.65,-70.99,-5.719,0.565,1.684,-1.297
SOLUSDC,BOLL,15m,"{""window"": 20, ""window_dev"": 2}",flat,"{""sl_pct"": 3.0, ""tp_pct"": 6.0}",96,29.17,-50.19,-58.46,-2.04,0.645,5.682,-3.246
SOLUSDC,BOLL,15m,"{""window"": 20, ""window_dev"": 2}",atr,"{""atr_window"": 14, ""sl_mult"": 1.0, ""tp_mult"": 2.0}",550,30.73,-83.67,-83.74,-12.011,0.426,0.744,-0.8
SOLUSDC,BOLL,15m,"{""window"": 20, ""window_dev"": 2}",atr,"{""atr_window"": 14, ""sl_mult"": 1.5, ""tp_mult"": 3.0}",431,30.39,-79.03,-79.14,-8.125,0.504,1.283,-1.069
SOLUSDC,BOLL,15m,"{""window"": 20, ""window_dev"": 2}",atr,"{""atr_window"": 14, ""sl_mult"": 2.0, ""tp_mult"": 4.0}",348,29.6,-77.57,-78.08,-6.093,0.492,1.788,-1.341
SOLUSDC,BOLL,15m,"{""window"": 20, ""window_dev"": 2.5}",flat,"{""sl_pct"": 2.0, ""tp_pct"": 4.0}",122,30.33,-48.18,-55.42,-2.797,0.613,3.618,-2.294
SOLUSDC,BOLL,15m,"{""window"": 20, ""window_dev"": 2.5}",flat,"{""sl_pct"": 1.0, ""tp_pct"": 2.0}",201,33.83,-45.06,-48.93,-4.15,0.627,1.686,-1.297
SOLUSDC,BOLL,15m,"{""window"": 20, ""window_dev"": 2.5}",flat,"{""sl_pct"": 3.0, ""tp_pct"": 6.0}",86,26.74,-55.34,-58.14,-2.944,0.569,5.682,-3.243
SOLUSDC,BOLL,15m,"{""window"": 20, ""window_dev"": 2.5}",atr,"{""atr_window"": 14, ""sl_mult"": 1.0, ""tp_mult"": 2.0}",257,31.52,-57.45,-57.45,-8.632,0.395,0.697,-0.8
SOLUSDC,BOLL,15m,"{""window"": 20, ""window_dev"": 2.5}",atr,"{""atr_window"": 14, ""sl_mult"": 1.5, ""tp_mult"": 3.0}",235,32.34,-52.16,-52.27,-5.787,0.556,1.259,-1.053
SOLUSDC,BOLL,15m,"{""window"": 20, ""window_dev"": 2.5}",atr,"{""atr_window"": 14, ""sl_mult"": 2.0, ""tp_mult"": 4.0}",210,30.95,-56.28,-57.02,-4.703,0.548,1.737,-1.327
SOLUSDC,MOM,15m,"{""window"": 5, ""buy_threshold"": 2, ""sell_threshold"": -2}",flat,"{""sl_pct"": 2.0, ""tp_pct"": 4.0}",90,31.11,-34.58,-37.4,-1.774,0.703,3.688,-2.294
SOLUSDC,MOM,15m,"{""window"": 5, ""buy_threshold"": 2, ""sell_threshold"": -2}",flat,"{""sl_pct"": 1.0, ""tp_pct"": 2.0}",121,30.58,-37.78,-41.86,-3.755,0.556,1.694,-1.297
SOLUSDC,MOM,15m,"{""window"": 5, ""buy_threshold"": 2, ""sell_threshold"": -2}",flat,"{""sl_pct"": 3.0, ""tp_pct"": 6.0}",67,26.87,-47.52,-49.25,-2.217,0.573,5.682,-3.291
SOLUSDC,MOM,15m,"{""window"": 5, ""buy_threshold"": 2, ""sell_threshold"": -2}",atr,"{""atr_window"": 14, ""sl_mult"": 1.0, ""tp_mult"": 2.0}",128,33.59,-33.54,-33.65,-3.421,0.596,1.37,-1.16
SOLUSDC,MOM,15m,"{""window"": 5, ""buy_threshold"": 2, ""sell_threshold"": -2}",atr,"{""atr_window"": 14, ""sl_mult"": 1.5, ""tp_mult"": 3.0}",108,32.41,-34.69,-38.98,-2.253,0.634,2.182,-1.6
SOLUSDC,MOM,15m,"{""window"": 5, ""buy_threshold"": 2, ""sell_threshold"": -2}",atr,"{""atr_window"": 14, ""sl_mult"": 2.0, ""tp_mult"": 4.0}",97,31.96,-39.86,-42.84,-2.308,0.619,2.884,-2.075
SOLUSDC,MOM,15m,"{""window"": 5, ""buy_threshold"": 3, ""sell_threshold"": -3}",flat,"{""sl_pct"": 2.0, ""tp_pct"": 4.0}",31,35.48,-6.35,-23.27,-0.421,0.872,3.688,-2.294
SOLUSDC,MOM,15m,"{""window"": 5, ""buy_threshold"": 3, ""sell_threshold"": -3}",flat,"{""sl_pct"": 1.0, ""tp_pct"": 2.0}",35,28.57,-14.63,-18.49,-2.788,0.529,1.694,-1.297
SOLUSDC,MOM,15m,"{""window"": 5, ""buy_threshold"": 3, ""sell_threshold"": -3}",flat,"{""sl_pct"": 3.0, ""tp_pct"": 6.0}",26,30.77,-14.8,-27.28,-0.964,0.745,5.682,-3.291
SOLUSDC,MOM,15m,"{""window"": 5, ""buy_threshold"": 3, ""sell_threshold"": -3}",atr,"{""atr_window"": 14, ""sl_mult"": 1.0, ""tp_mult"": 2.0}",36,36.11,-6.39,-13.33,-0.792,0.778,1.685,-1.22
SOLUSDC,MOM,15m,"{""window"": 5, ""buy_threshold"": 3, ""sell_threshold"": -3}",atr,"{""atr_window"": 14, ""sl_mult"": 1.5, ""tp_mult"": 3.0}",32,31.25,-8.02,-19.44,-0.658,0.791,2.926,-1.667
SOLUSDC,MOM,15m,"{""window"": 5, ""buy_threshold"": 3, ""sell_threshold"": -3}",atr,"{""atr_window"": 14, ""sl_mult"": 2.0, ""tp_mult"": 4.0}",31,32.26,-7.04,-19.37,-0.621,0.851,3.977,-2.163
SOLUSDC,MOM,15m,"{""window"": 5, ""buy_threshold"": 5, ""sell_threshold"": -5}",flat,"{""sl_pct"": 2.0, ""tp_pct"": 4.0}",3,33.33,-1.01,-6.85,-0.279,0.784,3.688,-2.294
SOLUSDC,MOM,15m,"{""window"": 5, ""buy_threshold"": 5, ""sell_threshold"": -5}",flat,"{""sl_pct"": 1.0, ""tp_pct"": 2.0}",3,66.67,2.08,-1.3,1.092,2.549,1.694,-1.297
SOLUSDC,MOM,15m,"{""window"": 5, ""buy_threshold"": 5, ""sell_threshold"": -5}",flat,"{""sl_pct"": 3.0, ""tp_pct"": 6.0}",3,33.33,-1.16,-8.74,-0.162,0.831,5.682,-3.291
SOLUSDC,MOM,15m,"{""window"": 5, ""buy_threshold"": 5, ""sell_threshold"": -5}",atr,"{""atr_window"": 14, ""sl_mult"": 1.0, ""tp_mult"": 2.0}",3,66.67,6.16,-4.28,1.419,5.764,3.684,-1.203
SOLUSDC,MOM,15m,"{""window"": 5, ""buy_threshold"": 5, ""sell_threshold"": -5}",atr,"{""atr_window"": 14, ""sl_mult"": 1.5, ""tp_mult"": 3.0}",3,66.67,9.72,-4.28,1.464,6.261,5.675,-1.655
SOLUSDC,MOM,15m,"{""window"": 5, ""buy_threshold"": 5, ""sell_threshold"": -5}",atr,"{""atr_window"": 14, ""sl_mult"": 2.0, ""tp_mult"": 4.0}",3,33.33,7.41,-6.47,0.906,2.595,12.063,-2.096
SOLUSDC,MOM,15m,"{""window"": 10, ""buy_threshold"": 2, ""sell_threshold"": -2}",flat,"{""sl_pct"": 2.0, ""tp_pct"": 4.0}",108,34.26,-26.45,-30.3,-1.172,0.816,3.688,-2.294
SOLUSDC,MOM,15m,"{""window"": 10, ""buy_threshold"": 2, ""sell_threshold"": -2}",flat,"{""sl_pct"": 1.0, ""tp_pct"": 2.0}",174,31.61,-46.68,-50.14,-4.184,0.601,1.694,-1.297
SOLUSDC,MOM,15m,"{""window"": 10, ""buy_threshold"": 2, ""sell_threshold"": -2}",flat,"{""sl_pct"": 3.0, ""tp_pct"": 6.0}",75,30.67,-37.42,-45.08,-1.411,0.716,5.682,-3.291
SOLUSDC,MOM,15m,"{""window"": 10, ""buy_threshold"": 2, ""sell_threshold"": -2}",atr,"{""atr_window"": 14, ""sl_mult"": 1.0, ""tp_mult"": 2.0}",199,31.16,-49.66,-51.89,-5.306,0.536,1.212,-1.039
SOLUSDC,MOM,15m,"{""window"": 10, ""buy_threshold"": 2, ""sell_threshold"": -2}",atr,"{""atr_window"": 14, ""sl_mult"": 1.5, ""tp_mult"": 3.0}",150,32.0,-43.13,-46.78,-3.127,0.633,1.907,-1.428
SOLUSDC,MOM,15m,"{""window"": 10, ""buy_threshold"": 2, ""sell_threshold"": -2}",atr,"{""atr_window"": 14, ""sl_mult"": 2.0, ""tp_mult"": 4.0}",129,34.88,-33.51,-43.62,-1.824,0.738,2.603,-1.839
SOLUSDC,MOM,15m,"{""window"": 10, ""buy_threshold"": 3, ""sell_threshold"": -3}",flat,"{""sl_pct"": 2.0, ""tp_pct"": 4.0}",60,30.0,-27.57,-35.12,-2.265,0.68,3.688,-2.294
SOLUSDC,MOM,15m,"{""window"": 10, ""buy_threshold"": 3, ""sell_threshold"": -3}",flat,"{""sl_pct"": 1.0, ""tp_pct"": 2.0}",79,32.91,-22.49,-26.89,-2.807,0.64,1.694,-1.297
SOLUSDC,MOM,15m,"{""window"": 10, ""buy_threshold"": 3, ""sell_threshold"": -3}",flat,"{""sl_pct"": 3.0, ""tp_pct"": 6.0}",47,31.91,-21.47,-32.04,-0.928,0.771,5.682,-3.291
SOLUSDC,MOM,15m,"{""window"": 10, ""buy_threshold"": 3, ""sell_threshold"": -3}",atr,"{""atr_window"": 14, ""sl_mult"": 1.0, ""tp_mult"": 2.0}",84,34.52,-19.33,-26.36,-2.372,0.678,1.454,-1.143
SOLUSDC,MOM,15m,"{""window"": 10, ""buy_threshold"": 3, ""sell_threshold"": -3}",atr,"{""atr_window"": 14, ""sl_mult"": 1.5, ""tp_mult"": 3.0}",66,31.82,-21.23,-28.65,-1.806,0.681,2.347,-1.595
SOLUSDC,MOM,15m,"{""window"": 10, ""buy_threshold"": 3, ""sell_threshold"": -3}",atr,"{""atr_window"": 14, ""sl_mult"": 2.0, ""tp_mult"": 4.0}",61,29.51,-29.68,-36.65,-2.043,0.614,3.091,-2.063
SOLUSDC,MOM,15m,"{""window"": 10, ""buy_threshold"": 5, ""sell_threshold"": -5}",flat,"{""sl_pct"": 2.0, ""tp_pct"": 4.0}",12,25.0,-9.53,-10.95,-1.365,0.525,3.688,-2.294
SOLUSDC,MOM,15m,"{""window"": 10, ""buy_threshold"": 5, ""sell_threshold"": -5}",flat,"{""sl_pct"": 1.0, ""tp_pct"": 2.0}",14,7.14,-14.17,-14.17,-4.079,0.104,1.694,-1.297
SOLUSDC,MOM,15m,"{""window"": 10, ""buy_threshold"": 5, ""sell_threshold"": -5}",flat,"{""sl_pct"": 3.0, ""tp_pct"": 6.0}",11,18.18,-17.35,-24.52,-1.806,0.398,5.682,-3.291
SOLUSDC,MOM,15m,"{""window"": 10, ""buy_threshold"": 5, ""sell_threshold"": -5}",atr,"{""atr_window"": 14, ""sl_mult"": 1.0, ""tp_mult"": 2.0}",13,15.38,-7.21,-13.13,-1.632,0.476,3.285,-1.257
SOLUSDC,MOM,15m,"{""window"": 10, ""buy_threshold"": 5, ""sell_threshold"": -5}",atr,"{""atr_window"": 14, ""sl_mult"": 1.5, ""tp_mult"": 3.0}",11,27.27,-1.54,-11.34,-0.129,0.893,4.184,-1.704
SOLUSDC,MOM,15m,"{""window"": 10, ""buy_threshold"": 5, ""sell_threshold"": -5}",atr,"{""atr_window"": 14, ""sl_mult"": 2.0, ""tp_mult"": 4.0}",11,27.27,-1.17,-13.23,-0.023,0.937,5.678,-2.172
SOLUSDC,RSI,1h,"{""window"": 10, ""buy_threshold"": 20, ""sell_threshold"": 70}",flat,"{""sl_pct"": 2.0, ""tp_pct"": 4.0}",57,24.56,-40.68,-44.69,-2.443,0.512,3.458,-2.294
SOLUSDC,RSI,1h,"{""window"": 10, ""buy_threshold"": 20, ""sell_threshold"": 70}",flat,"{""sl_pct"": 1.0, ""tp_pct"": 2.0}",67,34.33,-17.12,-21.54,-1.363,0.68,1.694,-1.297
SOLUSDC,RSI,1h,"{""window"": 10, ""buy_threshold"": 20, ""sell_threshold"": 70}",flat,"{""sl_pct"": 3.0, ""tp_pct"": 6.0}",48,20.83,-50.46,-58.61,-2.278,0.484,5.682,-3.249
SOLUSDC,RSI,1h,"{""window"": 10, ""buy_threshold"": 20, ""sell_threshold"": 70}",atr,"{""atr_window"": 14, ""sl_mult"": 1.0, ""tp_mult"": 2.0}",63,26.98,-33.58,-39.07,-2.36,0.463,2.004,-1.607
SOLUSDC,RSI,1h,"{""window"": 10, ""buy_threshold"": 20, ""sell_threshold"": 70}",atr,"{""atr_window"": 14, ""sl_mult"": 1.5, ""tp_mult"": 3.0}",57,24.56,-41.24,-47.73,-2.492,0.468,3.248,-2.245
SOLUSDC,RSI,1h,"{""window"": 10, ""buy_threshold"": 20, ""sell_threshold"": 70}",atr,"{""atr_window"": 14, ""sl_mult"": 2.0, ""tp_mult"": 4.0}",52,19.23,-57.51,-61.57,-3.368,0.332,4.109,-2.94
SOLUSDC,RSI,1h,"{""window"": 10, ""buy_threshold"": 20, ""sell_threshold"": 80}",flat,"{""sl_pct"": 2.0, ""tp_pct"": 4.0}",57,24.56,-40.68,-44.69,-2.443,0.512,3.458,-2.294
SOLUSDC,RSI,1h,"{""window"": 10, ""buy_threshold"": 20, ""sell_threshold"": 80}",flat,"{""sl_pct"": 1.0, ""tp_pct"": 2.0}",67,34.33,-17.12,-21.54,-1.363,0.68,1.694,-1.297
SOLUSDC,RSI,1h,"{""window"": 10, ""buy_threshold"": 20, ""sell_threshold"": 80}",flat,"{""sl_pct"": 3.0, ""tp_pct"": 6.0}",48,20.83,-50.46,-58.61,-2.278,0.484,5.682,-3.249
SOLUSDC,RSI,1h,"{""window"": 10, ""buy_threshold"": 20, ""sell_threshold"": 80}",atr,"{""atr_window"": 14, ""sl_mult"": 1.0, ""tp_mult"": 2.0}",63,26.98,-33.58,-39.07,-2.36,0.463,2.004,-1.607
SOLUSDC,RSI,1h,"{""window"": 10, ""buy_threshold"": 20, ""sell_threshold"": 80}",atr,"{""atr_window"": 14, ""sl_mult"": 1.5, ""tp_mult"": 3.0}",57,24.56,-41.24,-47.73,-2.492,0.468,3.248,-2.245
SOLUSDC,RSI,1h,"{""window"": 10, ""buy_threshold"": 20, ""sell_threshold"": 80}",atr,"{""atr_window"": 14, ""sl_mult"": 2.0, ""tp_mult"": 4.0}",52,19.23,-57.51,-61.57,-3.368,0.332,4.109,-2.94
SOLUSDC,RSI,1h,"{""window"": 10, ""buy_threshold"": 30, ""sell_threshold"": 70}",flat,"{""sl_pct"": 2.0, ""tp_pct"": 4.0}",189,36.51,-27.33,-43.95,-0.618,0.893,3.638,-2.294
SOLUSDC,RSI,1h,"{""window"": 10, ""buy_threshold"": 30, ""sell_threshold"": 70}",flat,"{""sl_pct"": 1.0, ""tp_pct"": 2.0}",269,36.06,-46.58,-52.93,-2.406,0.745,1.682,-1.297
SOLUSDC,RSI,1h,"{""window"": 10, ""buy_threshold"": 30, ""sell_threshold"": 70}",flat,"{""sl_pct"": 3.0, ""tp_pct"": 6.0}",140,32.14,-52.4,-64.13,-1.13,0.769,5.566,-3.291
SOLUSDC,RSI,1h,"{""window"": 10, ""buy_threshold"": 30, ""sell_threshold"": 70}",atr,"{""atr_window"": 14, ""sl_mult"": 1.0, ""tp_mult"": 2.0}",250,34.8,-43.94,-48.98,-1.741,0.782,2.233,-1.519
SOLUSDC,RSI,1h,"{""window"": 10, ""buy_threshold"": 30, ""sell_threshold"": 70}",atr,"{""atr_window"": 14, ""sl_mult"": 1.5, ""tp_mult"": 3.0}",206,34.47,-37.94,-49.78,-0.922,0.835,3.491,-2.127
SOLUSDC,RSI,1h,"{""window"": 10, ""buy_threshold"": 30, ""sell_threshold"": 70}",atr,"{""atr_window"": 14, ""sl_mult"": 2.0, ""tp_mult"": 4.0}",156,30.13,-61.92,-68.48,-1.719,0.724,4.65,-2.793
SOLUSDC,RSI,1h,"{""window"": 10, ""buy_threshold"": 30, ""sell_threshold"": 80}",flat,"{""sl_pct"": 2.0, ""tp_pct"": 4.0}",189,36.51,-27.33,-43.95,-0.618,0.893,3.638,-2.294
SOLUSDC,RSI,1h,"{""window"": 10, ""buy_threshold"": 30, ""sell_threshold"": 80}",flat,"{""sl_pct"": 1.0, ""tp_pct"": 2.0}",269,36.06,-46.58,-52.93,-2.406,0.745,1.682,-1.297
SOLUSDC,RSI,1h,"{""window"": 10, ""buy_threshold"": 30, ""sell_threshold"": 80}",flat,"{""sl_pct"": 3.0, ""tp_pct"": 6.0}",140,32.14,-52.4,-64.13,-1.13,0.769,5.566,-3.291
SOLUSDC,RSI,1h,"{""window"": 10, ""buy_threshold"": 30, ""sell_threshold"": 80}",atr,"{""atr_window"": 14, ""sl_mult"": 1.0, ""tp_mult"": 2.0}",250,34.8,-43.94,-48.98,-1.741,0.782,2.233,-1.519
SOLUSDC,RSI,1h,"{""window"": 10, ""buy_threshold"": 30, ""sell_threshold"": 80}",atr,"{""atr_window"": 14, ""sl_mult"": 1.5, ""tp_mult"": 3.0}",206,34.47,-37.94,-49.78,-0.922,0.835,3.491,-2.127
SOLUSDC,RSI,1h,"{""window"": 10, ""buy_threshold"": 30, ""sell_threshold"": 80}",atr,"{""atr_window"": 14, ""sl_mult"": 2.0, ""tp_mult"": 4.0}",156,30.13,-61.92,-68.48,-1.719,0.724,4.65,-2.793
SOLUSDC,RSI,1h,"{""window"": 14, ""buy_threshold"": 20, ""sell_threshold"": 70}",flat,"{""sl_pct"": 2.0, ""tp_pct"": 4.0}",25,28.0,-15.13,-18.15,-1.154,0.601,3.688,-2.294
SOLUSDC,RSI,1h,"{""window"": 14, ""buy_threshold"": 20, ""sell_threshold"": 70}",flat,"{""sl_pct"": 1.0, ""tp_pct"": 2.0}",27,37.04,-5.24,-10.08,-0.606,0.749,1.694,-1.297
SOLUSDC,RSI,1h,"{""window"": 14, ""buy_threshold"": 20, ""sell_threshold"": 70}",flat,"{""sl_pct"": 3.0, ""tp_pct"": 6.0}",24,16.67,-36.12,-39.55,-2.379,0.314,5.682,-3.291
SOLUSDC,RSI,1h,"{""window"": 14, ""buy_threshold"": 20, ""sell_threshold"": 70}",atr,"{""atr_window"": 14, ""sl_mult"": 1.0, ""tp_mult"": 2.0}",25,28.0,-16.11,-20.95,-1.421,0.433,2.12,-1.773
SOLUSDC,RSI,1h,"{""window"": 14, ""buy_threshold"": 20, ""sell_threshold"": 70}",atr,"{""atr_window"": 14, ""sl_mult"": 1.5, ""tp_mult"": 3.0}",24,25.0,-23.53,-26.85,-1.723,0.399,3.344,-2.546
SOLUSDC,RSI,1h,"{""window"": 14, ""buy_threshold"": 20, ""sell_threshold"": 70}",atr,"{""atr_window"": 14, ""sl_mult"": 2.0, ""tp_mult"": 4.0}",24,12.5,-41.99,-44.92,-3.088,0.174,4.788,-3.198
SOLUSDC,RSI,1h,"{""window"": 14, ""buy_threshold"": 20, ""sell_threshold"": 80}",flat,"{""sl_pct"": 2.0, ""tp_pct"": 4.0}",25,28.0,-15.13,-18.15,-1.154,0.601,3.688,-2.294
SOLUSDC,RSI,1h,"{""window"": 14, ""buy_threshold"": 20, ""sell_threshold"": 80}",flat,"{""sl_pct"": 1.0, ""tp_pct"": 2.0}",27,37.04,-5.24,-10.08,-0.606,0.749,1.694,-1.297
SOLUSDC,RSI,1h,"{""window"": 14, ""buy_threshold"": 20, ""sell_threshold"": 80}",flat,"{""sl_pct"": 3.0, ""tp_pct"": 6.0}",24,16.67,-36.12,-39.55,-2.379,0.314,5.682,-3.291
SOLUSDC,RSI,1h,"{""window"": 14, ""buy_threshold"": 20, ""sell_threshold"": 80}",atr,"{""atr_window"": 14, ""sl_mult"": 1.0, ""tp_mult"": 2.0}",25,28.0,-16.11,-20.95,-1.421,0.433,2.12,-1.773
SOLUSDC,RSI,1h,"{""window"": 14, ""buy_threshold"": 20, ""sell_threshold"": 80}",atr,"{""atr_window"": 14, ""sl_mult"": 1.5, ""tp_mult"": 3.0}",24,25.0,-23.53,-26.85,-1.723,0.399,3.344,-2.546
SOLUSDC,RSI,1h,"{""window"": 14, ""buy_threshold"": 20, ""sell_threshold"": 80}",atr,"{""atr_window"": 14, ""sl_mult"": 2.0, ""tp_mult"": 4.0}",24,12.5,-41.99,-44.92,-3.088,0.174,4.788,-3.198
SOLUSDC,RSI,1h,"{""window"": 14, ""buy_threshold"": 30, ""sell_threshold"": 70}",flat,"{""sl_pct"": 2.0, ""tp_pct"": 4.0}",121,30.58,-47.3,-52.87,-1.913,0.68,3.601,-2.294
SOLUSDC,RSI,1h,"{""window"": 14, ""buy_threshold"": 30, ""sell_threshold"": 70}",flat,"{""sl_pct"": 1.0, ""tp_pct"": 2.0}",167,32.34,-43.99,-46.69,-2.835,0.611,1.672,-1.297
SOLUSDC,RSI,1h,"{""window"": 14, ""buy_threshold"": 30, ""sell_threshold"": 70}",flat,"{""sl_pct"": 3.0, ""tp_pct"": 6.0}",98,29.59,-53.07,-61.35,-1.563,0.641,5.503,-3.291
SOLUSDC,RSI,1h,"{""window"": 14, ""buy_threshold"": 30, ""sell_threshold"": 70}",atr,"{""atr_window"": 14, ""sl_mult"": 1.0, ""tp_mult"": 2.0}",148,31.08,-46.12,-50.57,-2.265,0.638,2.277,-1.605
SOLUSDC,RSI,1h,"{""window"": 14, ""buy_threshold"": 30, ""sell_threshold"": 70}",atr,"{""atr_window"": 14, ""sl_mult"": 1.5, ""tp_mult"": 3.0}",123,26.83,-61.57,-64.65,-2.484,0.549,3.423,-2.264
SOLUSDC,RSI,1h,"{""window"": 14, ""buy_threshold"": 30, ""sell_threshold"": 70}",atr,"{""atr_window"": 14, ""sl_mult"": 2.0, ""tp_mult"": 4.0}",104,26.92,-60.9,-65.5,-2.103,0.596,4.858,-2.926
SOLUSDC,RSI,1h,"{""window"": 14, ""buy_threshold"": 30, ""sell_threshold"": 80}",flat,"{""sl_pct"": 2.0, ""tp_pct"": 4.0}",121,30.58,-47.3,-52.87,-1.913,0.68,3.601,-2.294
SOLUSDC,RSI,1h,"{""window"": 14, ""buy_threshold"": 30, ""sell_threshold"": 80}",flat,"{""sl_pct"": 1.0, ""tp_pct"": 2.0}",167,32.34,-43.99,-46.69,-2.835,0.611,1.672,-1.297
SOLUSDC,RSI,1h,"{""window"": 14, ""buy_threshold"": 30, ""sell_threshold"": 80}",flat,"{""sl_pct"": 3.0, ""tp_pct"": 6.0}",98,29.59,-53.07,-61.35,-1.563,0.641,5.503,-3.291
SOLUSDC,RSI,1h,"{""window"": 14, ""buy_threshold"": 30, ""sell_threshold"": 80}",atr,"{""atr_window"": 14, ""sl_mult"": 1.0, ""tp_mult"": 2.0}",148,31.08,-46.12,-50.57,-2.265,0.638,2.277,-1.605
SOLUSDC,RSI,1h,"{""window"": 14, ""buy_threshold"": 30, ""sell_threshold"": 80}",atr,"{""atr_window"": 14, ""sl_mult"": 1.5, ""tp_mult"": 3.0}",123,26.83,-61.57,-64.65,-2.484,0.549,3.423,-2.264
SOLUSDC,RSI,1h,"{""window"": 14, ""buy_threshold"": 30, ""sell_threshold"": 80}",atr,"{""atr_window"": 14, ""sl_mult"": 2.0, ""tp_mult"": 4.0}",104,26.92,-60.9,-65.5,-2.103,0.596,4.858,-2.926
SOLUSDC,EMA,1h,"{""short_span"": 5, ""long_span"": 20}",flat,"{""sl_pct"": 2.0, ""tp_pct"": 4.0}",159,35.85,-24.44,-36.87,-0.609,0.881,3.688,-2.272
SOLUSDC,EMA,1h,"{""short_span"": 5, ""long_span"": 20}",flat,"{""sl_pct"": 1.0, ""tp_pct"": 2.0}",222,36.04,-39.18,-44.33,-2.13,0.742,1.694,-1.288
SOLUSDC,EMA,1h,"{""short_span"": 5, ""long_span"": 20}",flat,"{""sl_pct"": 3.0, ""tp_pct"": 6.0}",121,33.88,-32.32,-54.1,-0.59,0.868,5.682,-3.266
SOLUSDC,EMA,1h,"{""short_span"": 5, ""long_span"": 20}",atr,"{""atr_window"": 14, ""sl_mult"": 1.0, ""tp_mult"": 2.0}",230,34.78,-42.06,-47.17,-2.099,0.734,1.782,-1.295
SOLUSDC,EMA,1h,"{""short_span"": 5, ""long_span"": 20}",atr,"{""atr_window"": 14, ""sl_mult"": 1.5, ""tp_mult"": 3.0}",189,38.1,-17.48,-37.09,-0.414,0.914,2.829,-1.859
SOLUSDC,EMA,1h,"{""short_span"": 5, ""long_span"": 20}",atr,"{""atr_window"": 14, ""sl_mult"": 2.0, ""tp_mult"": 4.0}",160,32.5,-44.71,-56.06,-1.279,0.774,3.997,-2.399
SOLUSDC,EMA,1h,"{""short_span"": 9, ""long_span"": 21}",flat,"{""sl_pct"": 2.0, ""tp_pct"": 4.0}",139,36.69,-16.08,-35.77,-0.355,0.914,3.688,-2.272
SOLUSDC,EMA,1h,"{""short_span"": 9, ""long_span"": 21}",flat,"{""sl_pct"": 1.0, ""tp_pct"": 2.0}",166,40.36,-14.54,-25.24,-0.74,0.886,1.694,-1.287
SOLUSDC,EMA,1h,"{""short_span"": 9, ""long_span"": 21}",flat,"{""sl_pct"": 3.0, ""tp_pct"": 6.0}",106,33.96,-28.15,-49.32,-0.536,0.873,5.682,-3.26
SOLUSDC,EMA,1h,"{""short_span"": 9, ""long_span"": 21}",atr,"{""atr_window"": 14, ""sl_mult"": 1.0, ""tp_mult"": 2.0}",171,38.01,-21.2,-28.33,-0.969,0.837,1.815,-1.316
SOLUSDC,EMA,1h,"{""short_span"": 9, ""long_span"": 21}",atr,"{""atr_window"": 14, ""sl_mult"": 1.5, ""tp_mult"": 3.0}",149,36.24,-25.04,-43.29,-0.817,0.844,2.857,-1.882
SOLUSDC,EMA,1h,"{""short_span"": 9, ""long_span"": 21}",atr,"{""atr_window"": 14, ""sl_mult"": 2.0, ""tp_mult"": 4.0}",133,36.84,-18.14,-46.54,-0.389,0.907,3.954,-2.461
SOLUSDC,EMA,1h,"{""short_span"": 12, ""long_span"": 26}",flat,"{""sl_pct"": 2.0, ""tp_pct"": 4.0}",119,34.45,-27.73,-43.02,-0.87,0.827,3.688,-2.294
SOLUSDC,EMA,1h,"{""short_span"": 12, ""long_span"": 26}",flat,"{""sl_pct"": 1.0, ""tp_pct"": 2.0}",135,34.07,-32.2,-36.49,-2.289,0.668,1.694,-1.297
SOLUSDC,EMA,1h,"{""short_span"": 12, ""long_span"": 26}",flat,"{""sl_pct"": 3.0, ""tp_pct"": 6.0}",92,34.78,-19.6,-50.02,-0.342,0.898,5.682,-3.257
SOLUSDC,EMA,1h,"{""short_span"": 12, ""long_span"": 26}",atr,"{""atr_window"": 14, ""sl_mult"": 1.0, ""tp_mult"": 2.0}",135,34.07,-34.81,-40.16,-2.152,0.656,1.754,-1.368
SOLUSDC,EMA,1h,"{""short_span"": 12, ""long_span"": 26}",atr,"{""atr_window"": 14, ""sl_mult"": 1.5, ""tp_mult"": 3.0}",127,32.28,-40.67,-53.94,-1.817,0.708,2.786,-1.895
SOLUSDC,EMA,1h,"{""short_span"": 12, ""long_span"": 26}",atr,"{""atr_window"": 14, ""sl_mult"": 2.0, ""tp_mult"": 4.0}",116,37.07,-18.48,-51.22,-0.442,0.898,3.867,-2.475
SOLUSDC,EMA,1h,"{""short_span"": 5, ""long_span"": 13}",flat,"{""sl_pct"": 2.0, ""tp_pct"": 4.0}",200,33.5,-49.98,-57.03,-1.593,0.763,3.637,-2.294
SOLUSDC,EMA,1h,"{""short_span"": 5, ""long_span"": 13}",flat,"{""sl_pct"": 1.0, ""tp_pct"": 2.0}",280,33.93,-56.49,-61.24,-3.199,0.663,1.679,-1.297
SOLUSDC,EMA,1h,"{""short_span"": 5, ""long_span"": 13}",flat,"{""sl_pct"": 3.0, ""tp_pct"": 6.0}",140,31.43,-53.29,-59.54,-1.242,0.765,5.682,-3.271
SOLUSDC,EMA,1h,"{""short_span"": 5, ""long_span"": 13}",atr,"{""atr_window"": 14, ""sl_mult"": 1.0, ""tp_mult"": 2.0}",288,32.29,-58.84,-61.65,-3.029,0.667,1.813,-1.301
SOLUSDC,EMA,1h,"{""short_span"": 5, ""long_span"": 13}",atr,"{""atr_window"": 14, ""sl_mult"": 1.5, ""tp_mult"": 3.0}",227,35.24,-33.91,-43.49,-0.915,0.85,3.003,-1.868
SOLUSDC,EMA,1h,"{""short_span"": 5, ""long_span"": 13}",atr,"{""atr_window"": 14, ""sl_mult"": 2.0, ""tp_mult"": 4.0}",173,30.06,-51.88,-60.04,-1.275,0.747,4.366,-2.401
SOLUSDC,MACD,1h,"{""fast"": 12, ""slow"": 26, ""signal"": 9}",flat,"{""sl_pct"": 2.0, ""tp_pct"": 4.0}",218,31.19,-65.02,-69.28,-2.305,0.719,3.639,-2.294
SOLUSDC,MACD,1h,"{""fast"": 12, ""slow"": 26, ""signal"": 9}",flat,"{""sl_pct"": 1.0, ""tp_pct"": 2.0}",297,31.99,-65.13,-67.49,-3.999,0.631,1.68,-1.297
SOLUSDC,MACD,1h,"{""fast"": 12, ""slow"": 26, ""signal"": 9}",flat,"{""sl_pct"": 3.0, ""tp_pct"": 6.0}",159,27.67,-75.21,-78.32,-2.35,0.674,5.682,-3.273
SOLUSDC,MACD,1h,"{""fast"": 12, ""slow"": 26, ""signal"": 9}",atr,"{""atr_window"": 14, ""sl_mult"": 1.0, ""tp_mult"": 2.0}",309,32.69,-68.5,-70.23,-3.54,0.624,1.751,-1.386
SOLUSDC,MACD,1h,"{""fast"": 12, ""slow"": 26, ""signal"": 9}",atr,"{""atr_window"": 14, ""sl_mult"": 1.5, ""tp_mult"": 3.0}",243,34.98,-53.76,-57.0,-1.565,0.754,2.906,-2.001
SOLUSDC,MACD,1h,"{""fast"": 12, ""slow"": 26, ""signal"": 9}",atr,"{""atr_window"": 14, ""sl_mult"": 2.0, ""tp_mult"": 4.0}",181,30.39,-64.25,-68.15,-1.677,0.706,4.245,-2.582
SOLUSDC,MACD,1h,"{""fast"": 5, ""slow"": 35, ""signal"": 5}",flat,"{""sl_pct"": 2.0, ""tp_pct"": 4.0}",303,30.03,-80.86,-83.54,-3.138,0.702,3.654,-2.294
SOLUSDC,MACD,1h,"{""fast"": 5, ""slow"": 35, ""signal"": 5}",flat,"{""sl_pct"": 1.0, ""tp_pct"": 2.0}",495,30.1,-86.77,-87.38,-6.05,0.596,1.687,-1.297
SOLUSDC,MACD,1h,"{""fast"": 5, ""slow"": 35, ""signal"": 5}",flat,"{""sl_pct"": 3.0, ""tp_pct"": 6.0}",187,29.41,-74.12,-80.48,-1.996,0.717,5.682,-3.272
SOLUSDC,MACD,1h,"{""fast"": 5, ""slow"": 35, ""signal"": 5}",atr,"{""atr_window"": 14, ""sl_mult"": 1.0, ""tp_mult"": 2.0}",524,29.77,-91.13,-91.5,-6.001,0.547,1.788,-1.397
SOLUSDC,MACD,1h,"{""fast"": 5, ""slow"": 35, ""signal"": 5}",atr,"{""atr_window"": 14, ""sl_mult"": 1.5, ""tp_mult"": 3.0}",358,32.12,-79.39,-83.32,-2.854,0.717,2.999,-2.02
SOLUSDC,MACD,1h,"{""fast"": 5, ""slow"": 35, ""signal"": 5}",atr,"{""atr_window"": 14, ""sl_mult"": 2.0, ""tp_mult"": 4.0}",260,29.62,-79.91,-82.37,-2.511,0.705,4.385,-2.634
SOLUSDC,MACD,1h,"{""fast"": 8, ""slow"": 21, ""signal"": 5}",flat,"{""sl_pct"": 2.0, ""tp_pct"": 4.0}",287,28.92,-82.75,-85.2,-3.46,0.665,3.651,-2.294
SOLUSDC,MACD,1h,"{""fast"": 8, ""slow"": 21, ""signal"": 5}",flat,"{""sl_pct"": 1.0, ""tp_pct"": 2.0}",442,28.96,-85.89,-86.89,-6.08,0.56,1.686,-1.297
SOLUSDC,MACD,1h,"{""fast"": 8, ""slow"": 21, ""signal"": 5}",flat,"{""sl_pct"": 3.0, ""tp_pct"": 6.0}",189,28.57,-77.85,-83.08,-2.28,0.682,5.682,-3.272
SOLUSDC,MACD,1h,"{""fast"": 8, ""slow"": 21, ""signal"": 5}",atr,"{""atr_window"": 14, ""sl_mult"": 1.0, ""tp_mult"": 2.0}",461,30.59,-87.32,-88.18,-5.512,0.557,1.769,-1.405
SOLUSDC,MACD,1h,"{""fast"": 8, ""slow"": 21, ""signal"": 5}",atr,"{""atr_window"": 14, ""sl_mult"": 1.5, ""tp_mult"": 3.0}",345,30.72,-81.75,-85.2,-3.144,0.653,3.039,-2.012
SOLUSDC,MACD,1h,"{""fast"": 8, ""slow"": 21, ""signal"": 5}",atr,"{""atr_window"": 14, ""sl_mult"": 2.0, ""tp_mult"": 4.0}",259,29.73,-81.04,-84.42,-2.619,0.682,4.289,-2.641
SOLUSDC,MACD,1h,"{""fast"": 12, ""slow"": 26, ""signal"": 5}",flat,"{""sl_pct"": 2.0, ""tp_pct"": 4.0}",245,30.2,-73.22,-77.82,-2.762,0.709,3.647,-2.294
SOLUSDC,MACD,1h,"{""fast"": 12, ""slow"": 26, ""signal"": 5}",flat,"{""sl_pct"": 1.0, ""tp_pct"": 2.0}",377,29.71,-79.55,-80.69,-5.54,0.558,1.685,-1.297
SOLUSDC,MACD,1h,"{""fast"": 12, ""slow"": 26, ""signal"": 5}",flat,"{""sl_pct"": 3.0, ""tp_pct"": 6.0}",179,27.93,-78.42,-82.54,-2.361,0.676,5.682,-3.276
SOLUSDC,MACD,1h,"{""fast"": 12, ""slow"": 26, ""signal"": 5}",atr,"{""atr_window"": 14, ""sl_mult"": 1.0, ""tp_mult"": 2.0}",377,31.03,-79.39,-80.45,-4.696,0.559,1.79,-1.393
SOLUSDC,MACD,1h,"{""fast"": 12, ""slow"": 26, ""signal"": 5}",atr,"{""atr_window"": 14, ""sl_mult"": 1.5, ""tp_mult"": 3.0}",297,34.68,-64.57,-67.43,-1.998,0.745,2.891,-2.02
SOLUSDC,MACD,1h,"{""fast"": 12, ""slow"": 26, ""signal"": 5}",atr,"{""atr_window"": 14, ""sl_mult"": 2.0, ""tp_mult"": 4.0}",218,28.9,-78.12,-80.54,-2.432,0.641,4.247,-2.623
SOLUSDC,BOLL,1h,"{""window"": 14, ""window_dev"": 1.5}",flat,"{""sl_pct"": 2.0, ""tp_pct"": 4.0}",303,32.01,-72.69,-75.5,-2.279,0.766,3.655,-2.294
SOLUSDC,BOLL,1h,"{""window"": 14, ""window_dev"": 1.5}",flat,"{""sl_pct"": 1.0, ""tp_pct"": 2.0}",507,33.53,-78.86,-79.86,-4.342,0.667,1.687,-1.297
SOLUSDC,BOLL,1h,"{""window"": 14, ""window_dev"": 1.5}",flat,"{""sl_pct"": 3.0, ""tp_pct"": 6.0}",193,31.09,-66.98,-73.21,-1.54,0.759,5.682,-3.271
SOLUSDC,BOLL,1h,"{""window"": 14, ""window_dev"": 1.5}",atr,"{""atr_window"": 14, ""sl_mult"": 1.0, ""tp_mult"": 2.0}",487,32.65,-83.95,-84.74,-4.507,0.689,1.895,-1.455
SOLUSDC,BOLL,1h,"{""window"": 14, ""window_dev"": 1.5}",atr,"{""atr_window"": 14, ""sl_mult"": 1.5, ""tp_mult"": 3.0}",348,32.47,-79.4,-81.29,-2.845,0.724,3.011,-2.071
SOLUSDC,BOLL,1h,"{""window"": 14, ""window_dev"": 1.5}",atr,"{""atr_window"": 14, ""sl_mult"": 2.0, ""tp_mult"": 4.0}",251,30.28,-80.44,-83.7,-2.516,0.716,4.242,-2.69
SOLUSDC,BOLL,1h,"{""window"": 14, ""window_dev"": 2}",flat,"{""sl_pct"": 2.0, ""tp_pct"": 4.0}",214,32.24,-59.21,-64.26,-1.888,0.731,3.642,-2.294
SOLUSDC,BOLL,1h,"{""window"": 14, ""window_dev"": 2}",flat,"{""sl_pct"": 1.0, ""tp_pct"": 2.0}",290,33.45,-59.39,-59.91,-3.364,0.639,1.682,-1.297
SOLUSDC,BOLL,1h,"{""window"": 14, ""window_dev"": 2}",flat,"{""sl_pct"": 3.0, ""tp_pct"": 6.0}",154,33.12,-44.97,-57.63,-0.902,0.847,5.682,-3.262
SOLUSDC,BOLL,1h,"{""window"": 14, ""window_dev"": 2}",atr,"{""atr_window"": 14, ""sl_mult"": 1.0, ""tp_mult"": 2.0}",289,31.83,-65.7,-66.56,-3.275,0.65,1.961,-1.437
SOLUSDC,BOLL,1h,"{""window"": 14, ""window_dev"": 2}",atr,"{""atr_window"": 14, ""sl_mult"": 1.5, ""tp_mult"": 3.0}",240,33.33,-58.09,-62.78,-1.825,0.74,3.073,-2.029
SOLUSDC,BOLL,1h,"{""window"": 14, ""window_dev"": 2}",atr,"{""atr_window"": 14, ""sl_mult"": 2.0, ""tp_mult"": 4.0}",192,33.85,-38.77,-55.62,-0.724,0.862,4.454,-2.57
SOLUSDC,BOLL,1h,"{""window"": 14, ""window_dev"": 2.5}",flat,"{""sl_pct"": 2.0, ""tp_pct"": 4.0}",100,27.0,-50.31,-52.03,-2.377,0.544,3.688,-2.271
SOLUSDC,BOLL,1h,"{""window"": 14, ""window_dev"": 2.5}",flat,"{""sl_pct"": 1.0, ""tp_pct"": 2.0}",117,31.62,-34.45,-39.85,-2.74,0.587,1.694,-1.297
SOLUSDC,BOLL,1h,"{""window"": 14, ""window_dev"": 2.5}",flat,"{""sl_pct"": 3.0, ""tp_pct"": 6.0}",81,28.4,-47.22,-54.73,-1.5,0.667,5.682,-3.239
SOLUSDC,BOLL,1h,"{""window"": 14, ""window_dev"": 2.5}",atr,"{""atr_window"": 14, ""sl_mult"": 1.0, ""tp_mult"": 2.0}",120,31.67,-39.53,-46.48,-2.661,0.549,1.855,-1.452
SOLUSDC,BOLL,1h,"{""window"": 14, ""window_dev"": 2.5}",atr,"{""atr_window"": 14, ""sl_mult"": 1.5, ""tp_mult"": 3.0}",106,33.96,-27.0,-42.05,-0.952,0.778,3.14,-2.012
SOLUSDC,BOLL,1h,"{""window"": 14, ""window_dev"": 2.5}",atr,"{""atr_window"": 14, ""sl_mult"": 2.0, ""tp_mult"": 4.0}",97,31.96,-25.71,-52.33,-0.639,0.816,4.628,-2.531
SOLUSDC,BOLL,1h,"{""window"": 20, ""window_dev"": 1.5}",flat,"{""sl_pct"": 2.0, ""tp_pct"": 4.0}",288,31.25,-74.49,-76.81,-2.518,0.733,3.653,-2.294
SOLUSDC,BOLL,1h,"{""window"": 20, ""window_dev"": 1.5}",flat,"{""sl_pct"": 1.0, ""tp_pct"": 2.0}",484,31.2,-83.81,-84.32,-5.362,0.607,1.686,-1.297
SOLUSDC,BOLL,1h,"{""window"": 20, ""window_dev"": 1.5}",flat,"{""sl_pct"": 3.0, ""tp_pct"": 6.0}",175,26.86,-80.92,-82.97,-2.481,0.62,5.682,-3.269
SOLUSDC,BOLL,1h,"{""window"": 20, ""window_dev"": 1.5}",atr,"{""atr_window"": 14, ""sl_mult"": 1.0, ""tp_mult"": 2.0}",454,30.4,-87.49,-87.64,-5.0,0.624,1.962,-1.493
SOLUSDC,BOLL,1h,"{""window"": 20, ""window_dev"": 1.5}",atr,"{""atr_window"": 14, ""sl_mult"": 1.5, ""tp_mult"": 3.0}",334,29.64,-86.74,-87.88,-3.808,0.637,3.072,-2.106
SOLUSDC,BOLL,1h,"{""window"": 20, ""window_dev"": 1.5}",atr,"{""atr_window"": 14, ""sl_mult"": 2.0, ""tp_mult"": 4.0}",223,30.94,-74.61,-78.49,-2.101,0.716,4.326,-2.738
SOLUSDC,BOLL,1h,"{""window"": 20, ""window_dev"": 2}",flat,"{""sl_pct"": 2.0, ""tp_pct"": 4.0}",197,31.47,-60.08,-62.62,-2.097,0.699,3.636,-2.294
SOLUSDC,BOLL,1h,"{""window"": 20, ""window_dev"": 2}",flat,"{""sl_pct"": 1.0, ""tp_pct"": 2.0}",280,32.5,-61.32,-62.15,-3.513,0.634,1.681,-1.297
SOLUSDC,BOLL,1h,"{""window"": 20, ""window_dev"": 2}",flat,"{""sl_pct"": 3.0, ""tp_pct"": 6.0}",142,31.69,-51.72,-58.39,-1.142,0.794,5.682,-3.26
SOLUSDC,BOLL,1h,"{""window"": 20, ""window_dev"": 2}",atr,"{""atr_window"": 14, ""sl_mult"": 1.0, ""tp_mult"": 2.0}",281,30.96,-67.27,-68.66,-3.304,0.639,2.059,-1.476
SOLUSDC,BOLL,1h,"{""window"": 20, ""window_dev"": 2}",atr,"{""atr_window"": 14, ""sl_mult"": 1.5, ""tp_mult"": 3.0}",221,31.22,-67.23,-69.85,-2.387,0.669,3.106,-2.092
SOLUSDC,BOLL,1h,"{""window"": 20, ""window_dev"": 2}",atr,"{""atr_window"": 14, ""sl_mult"": 2.0, ""tp_mult"": 4.0}",168,33.93,-45.49,-53.66,-1.003,0.821,4.439,-2.724
SOLUSDC,BOLL,1h,"{""window"": 20, ""window_dev"": 2.5}",flat,"{""sl_pct"": 2.0, ""tp_pct"": 4.0}",105,25.71,-55.75,-58.07,-2.685,0.524,3.688,-2.273
SOLUSDC,BOLL,1h,"{""window"": 20, ""window_dev"": 2.5}",flat,"{""sl_pct"": 1.0, ""tp_pct"": 2.0}",128,27.34,-47.16,-47.98,-3.878,0.481,1.659,-1.297
SOLUSDC,BOLL,1h,"{""window"": 20, ""window_dev"": 2.5}",flat,"{""sl_pct"": 3.0, ""tp_pct"": 6.0}",84,25.0,-63.14,-65.9,-2.48,0.491,5.434,-3.291
SOLUSDC,BOLL,1h,"{""window"": 20, ""window_dev"": 2.5}",atr,"{""atr_window"": 14, ""sl_mult"": 1.0, ""tp_mult"": 2.0}",129,28.68,-44.27,-48.14,-2.848,0.545,2.039,-1.434
SOLUSDC,BOLL,1h,"{""window"": 20, ""window_dev"": 2.5}",atr,"{""atr_window"": 14, ""sl_mult"": 1.5, ""tp_mult"": 3.0}",110,30.0,-41.45,-47.47,-1.627,0.661,3.19,-2.014
SOLUSDC,BOLL,1h,"{""window"": 20, ""window_dev"": 2.5}",atr,"{""atr_window"": 14, ""sl_mult"": 2.0, ""tp_mult"": 4.0}",102,26.47,-54.57,-61.74,-2.045,0.596,4.407,-2.561
SOLUSDC,MOM,1h,"{""window"": 5, ""buy_threshold"": 2, ""sell_threshold"": -2}",flat,"{""sl_pct"": 2.0, ""tp_pct"": 4.0}",206,33.5,-49.32,-54.79,-1.531,0.808,3.688,-2.294
SOLUSDC,MOM,1h,"{""window"": 5, ""buy_threshold"": 2, ""sell_threshold"": -2}",flat,"{""sl_pct"": 1.0, ""tp_pct"": 2.0}",310,30.32,-71.04,-72.3,-5.161,0.563,1.694,-1.297
SOLUSDC,MOM,1h,"{""window"": 5, ""buy_threshold"": 2, ""sell_threshold"": -2}",flat,"{""sl_pct"": 3.0, ""tp_pct"": 6.0}",145,32.41,-49.41,-66.56,-1.084,0.824,5.682,-3.291
SOLUSDC,MOM,1h,"{""window"": 5, ""buy_threshold"": 2, ""sell_threshold"": -2}",atr,"{""atr_window"": 14, ""sl_mult"": 1.0, ""tp_mult"": 2.0}",264,32.2,-58.83,-64.53,-2.698,0.704,2.292,-1.557
SOLUSDC,MOM,1h,"{""window"": 5, ""buy_threshold"": 2, ""sell_threshold"": -2}",atr,"{""atr_window"": 14, ""sl_mult"": 1.5, ""tp_mult"": 3.0}",199,32.16,-46.13,-52.27,-1.334,0.795,3.649,-2.128
SOLUSDC,MOM,1h,"{""window"": 5, ""buy_threshold"": 2, ""sell_threshold"": -2}",atr,"{""atr_window"": 14, ""sl_mult"": 2.0, ""tp_mult"": 4.0}",142,30.28,-43.67,-56.91,-0.948,0.793,5.095,-2.689
SOLUSDC,MOM,1h,"{""window"": 5, ""buy_threshold"": 3, ""sell_threshold"": -3}",flat,"{""sl_pct"": 2.0, ""tp_pct"": 4.0}",115,38.26,-5.23,-21.17,-0.02,0.969,3.688,-2.294
SOLUSDC,MOM,1h,"{""window"": 5, ""buy_threshold"": 3, ""sell_threshold"": -3}",flat,"{""sl_pct"": 1.0, ""tp_pct"": 2.0}",155,36.13,-29.6,-33.29,-1.856,0.733,1.694,-1.297
SOLUSDC,MOM,1h,"{""window"": 5, ""buy_threshold"": 3, ""sell_threshold"": -3}",flat,"{""sl_pct"": 3.0, ""tp_pct"": 6.0}",97,32.99,-33.39,-57.88,-0.784,0.838,5.682,-3.291
SOLUSDC,MOM,1h,"{""window"": 5, ""buy_threshold"": 3, ""sell_threshold"": -3}",atr,"{""atr_window"": 14, ""sl_mult"": 1.0, ""tp_mult"": 2.0}",130,39.23,-6.44,-18.99,-0.136,0.952,2.459,-1.636
SOLUSDC,MOM,1h,"{""window"": 5, ""buy_threshold"": 3, ""sell_threshold"": -3}",atr,"{""atr_window"": 14, ""sl_mult"": 1.5, ""tp_mult"": 3.0}",107,34.58,-13.55,-27.29,-0.275,0.917,4.006,-2.25
SOLUSDC,MOM,1h,"{""window"": 5, ""buy_threshold"": 3, ""sell_threshold"": -3}",atr,"{""atr_window"": 14, ""sl_mult"": 2.0, ""tp_mult"": 4.0}",79,36.71,10.35,-31.17,0.442,1.068,5.503,-2.85
SOLUSDC,MOM,1h,"{""window"": 5, ""buy_threshold"": 5, ""sell_threshold"": -5}",flat,"{""sl_pct"": 2.0, ""tp_pct"": 4.0}",28,32.14,-10.85,-19.79,-0.671,0.747,3.688,-2.294
SOLUSDC,MOM,1h,"{""window"": 5, ""buy_threshold"": 5, ""sell_threshold"": -5}",flat,"{""sl_pct"": 1.0, ""tp_pct"": 2.0}",36,41.67,-2.18,-11.56,-0.21,0.924,1.694,-1.297
SOLUSDC,MOM,1h,"{""window"": 5, ""buy_threshold"": 5, ""sell_threshold"": -5}",flat,"{""sl_pct"": 3.0, ""tp_pct"": 6.0}",25,32.0,-11.9,-23.62,-0.508,0.789,5.682,-3.291
SOLUSDC,MOM,1h,"{""window"": 5, ""buy_threshold"": 5, ""sell_threshold"": -5}",atr,"{""atr_window"": 14, ""sl_mult"": 1.0, ""tp_mult"": 2.0}",29,37.93,-1.79,-16.53,-0.059,0.947,2.81,-1.77
SOLUSDC,MOM,1h,"{""window"": 5, ""buy_threshold"": 5, ""sell_threshold"": -5}",atr,"{""atr_window"": 14, ""sl_mult"": 1.5, ""tp_mult"": 3.0}",25,32.0,-7.06,-20.35,-0.266,0.839,4.647,-2.52
SOLUSDC,MOM,1h,"{""window"": 5, ""buy_threshold"": 5, ""sell_threshold"": -5}",atr,"{""atr_window"": 14, ""sl_mult"": 2.0, ""tp_mult"": 4.0}",20,35.0,1.58,-21.94,0.192,1.035,6.516,-3.191
SOLUSDC,MOM,1h,"{""window"": 10, ""buy_threshold"": 2, ""sell_threshold"": -2}",flat,"{""sl_pct"": 2.0, ""tp_pct"": 4.0}",214,35.51,-36.19,-51.28,-0.906,0.871,3.688,-2.294
SOLUSDC,MOM,1h,"{""window"": 10, ""buy_threshold"": 2, ""sell_threshold"": -2}",flat,"{""sl_pct"": 1.0, ""tp_pct"": 2.0}",374,33.42,-68.31,-71.41,-4.16,0.668,1.694,-1.297
SOLUSDC,MOM,1h,"{""window"": 10, ""buy_threshold"": 2, ""sell_threshold"": -2}",flat,"{""sl_pct"": 3.0, ""tp_pct"": 6.0}",137,32.12,-49.33,-67.52,-1.083,0.815,5.682,-3.291
SOLUSDC,MOM,1h,"{""window"": 10, ""buy_threshold"": 2, ""sell_threshold"": -2}",atr,"{""atr_window"": 14, ""sl_mult"": 1.0, ""tp_mult"": 2.0}",311,34.08,-55.14,-61.95,-2.374,0.748,2.158,-1.482
SOLUSDC,MOM,1h,"{""window"": 10, ""buy_threshold"": 2, ""sell_threshold"": -2}",atr,"{""atr_window"": 14, ""sl_mult"": 1.5, ""tp_mult"": 3.0}",214,35.05,-35.16,-55.68,-0.935,0.87,3.348,-2.063
SOLUSDC,MOM,1h,"{""window"": 10, ""buy_threshold"": 2, ""sell_threshold"": -2}",atr,"{""atr_window"": 14, ""sl_mult"": 2.0, ""tp_mult"": 4.0}",161,31.06,-51.42,-61.89,-1.292,0.79,4.659,-2.655
SOLUSDC,MOM,1h,"{""window"": 10, ""buy_threshold"": 3, ""sell_threshold"": -3}",flat,"{""sl_pct"": 2.0, ""tp_pct"": 4.0}",147,34.69,-31.63,-45.62,-0.944,0.83,3.688,-2.294
SOLUSDC,MOM,1h,"{""window"": 10, ""buy_threshold"": 3, ""sell_threshold"": -3}",flat,"{""sl_pct"": 1.0, ""tp_pct"": 2.0}",219,35.62,-41.11,-48.22,-2.44,0.706,1.694,-1.297
SOLUSDC,MOM,1h,"{""window"": 10, ""buy_threshold"": 3, ""sell_threshold"": -3}",flat,"{""sl_pct"": 3.0, ""tp_pct"": 6.0}",115,29.57,-56.44,-63.88,-1.679,0.711,5.682,-3.291
SOLUSDC,MOM,1h,"{""window"": 10, ""buy_threshold"": 3, ""sell_threshold"": -3}",atr,"{""atr_window"": 14, ""sl_mult"": 1.0, ""tp_mult"": 2.0}",184,35.87,-32.45,-43.82,-1.409,0.793,2.297,-1.587
SOLUSDC,MOM,1h,"{""window"": 10, ""buy_threshold"": 3, ""sell_threshold"": -3}",atr,"{""atr_window"": 14, ""sl_mult"": 1.5, ""tp_mult"": 3.0}",141,34.75,-28.59,-39.73,-0.792,0.843,3.545,-2.193
SOLUSDC,MOM,1h,"{""window"": 10, ""buy_threshold"": 3, ""sell_threshold"": -3}",atr,"{""atr_window"": 14, ""sl_mult"": 2.0, ""tp_mult"": 4.0}",104,33.65,-21.7,-39.0,-0.37,0.877,5.002,-2.779
SOLUSDC,MOM,1h,"{""window"": 10, ""buy_threshold"": 5, ""sell_threshold"": -5}",flat,"{""sl_pct"": 2.0, ""tp_pct"": 4.0}",55,34.55,-13.68,-22.71,-0.594,0.836,3.688,-2.294
SOLUSDC,MOM,1h,"{""window"": 10, ""buy_threshold"": 5, ""sell_threshold"": -5}",flat,"{""sl_pct"": 1.0, ""tp_pct"": 2.0}",82,37.8,-13.47,-18.13,-1.052,0.788,1.694,-1.297
SOLUSDC,MOM,1h,"{""window"": 10, ""buy_threshold"": 5, ""sell_threshold"": -5}",flat,"{""sl_pct"": 3.0, ""tp_pct"": 6.0}",44,31.82,-20.55,-36.2,-0.725,0.795,5.682,-3.291
SOLUSDC,MOM,1h,"{""window"": 10, ""buy_threshold"": 5, ""sell_threshold"": -5}",atr,"{""atr_window"": 14, ""sl_mult"": 1.0, ""tp_mult"": 2.0}",62,35.48,-12.38,-19.69,-0.596,0.821,2.616,-1.732
SOLUSDC,MOM,1h,"{""window"": 10, ""buy_threshold"": 5, ""sell_threshold"": -5}",atr,"{""atr_window"": 14, ""sl_mult"": 1.5, ""tp_mult"": 3.0}",53,30.19,-26.46,-34.59,-1.204,0.698,3.967,-2.475
SOLUSDC,MOM,1h,"{""window"": 10, ""buy_threshold"": 5, ""sell_threshold"": -5}",atr,"{""atr_window"": 14, ""sl_mult"": 2.0, ""tp_mult"": 4.0}",41,34.15,-9.04,-28.66,-0.15,0.9,5.573,-3.099
ADAUSDC,RSI,1m,"{""window"": 10, ""buy_threshold"": 20, ""sell_threshold"": 70}",flat,"{""sl_pct"": 2.0, ""tp_pct"": 4.0}",106,26.42,-55.86,-60.19,-5.469,0.537,3.607,-2.294
ADAUSDC,RSI,1m,"{""window"": 10, ""buy_threshold"": 20, ""sell_threshold"": 70}",flat,"{""sl_pct"": 1.0, ""tp_pct"": 2.0}",256,29.69,-65.77,-67.73,-9.054,0.552,1.694,-1.297
ADAUSDC,RSI,1m,"{""window"": 10, ""buy_threshold"": 20, ""sell_threshold"": 70}",flat,"{""sl_pct"": 3.0, ""tp_pct"": 6.0}",56,26.79,-44.51,-54.25,-3.343,0.564,5.365,-3.291
ADAUSDC,RSI,1m,"{""window"": 10, ""buy_threshold"": 20, ""sell_threshold"": 70}",atr,"{""atr_window"": 14, ""sl_mult"": 1.0, ""tp_mult"": 2.0}",991,7.37,-93.73,-93.74,-38.892,0.031,0.131,-0.312
ADAUSDC,RSI,1m,"{""window"": 10, ""buy_threshold"": 20, ""sell_threshold"": 70}",atr,"{""atr_window"": 14, ""sl_mult"": 1.5, ""tp_mult"": 3.0}",912,14.8,-91.91,-91.93,-36.266,0.088,0.187,-0.355
ADAUSDC,RSI,1m,"{""window"": 10, ""buy_threshold"": 20, ""sell_threshold"": 70}",atr,"{""atr_window"": 14, ""sl_mult"": 2.0, ""tp_mult"": 4.0}",843,21.47,-90.33,-90.37,-34.082,0.155,0.249,-0.42
ADAUSDC,RSI,1m,"{""window"": 10, ""buy_threshold"": 20, ""sell_threshold"": 80}",flat,"{""sl_pct"": 2.0, ""tp_pct"": 4.0}",106,26.42,-55.86,-60.19,-5.469,0.537,3.607,-2.294
ADAUSDC,RSI,1m,"{""window"": 10, ""buy_threshold"": 20, ""sell_threshold"": 80}",flat,"{""sl_pct"": 1.0, ""tp_pct"": 2.0}",256,29.69,-65.77,-67.73,-9.054,0.552,1.694,-1.297
ADAUSDC,RSI,1m,"{""window"": 10, ""buy_threshold"": 20, ""sell_threshold"": 80}",flat,"{""sl_pct"": 3.0, ""tp_pct"": 6.0}",56,26.79,-44.51,-54.25,-3.343,0.564,5.365,-3.291
ADAUSDC,RSI,1m,"{""window"": 10, ""buy_threshold"": 20, ""sell_threshold"": 80}",atr,"{""atr_window"": 14, ""sl_mult"": 1.0, ""tp_mult"": 2.0}",991,7.37,-93.73,-93.74,-38.892,0.031,0.131,-0.312
ADAUSDC,RSI,1m,"{""window"": 10, ""buy_threshold"": 20, ""sell_threshold"": 80}",atr,"{""atr_window"": 14, ""sl_mult"": 1.5, ""tp_mult"": 3.0}",912,14.8,-91.91,-91.93,-36.266,0.088,0.187,-0.355
ADAUSDC,RSI,1m,"{""window"": 10, ""buy_threshold"": 20, ""sell_threshold"": 80}",atr,"{""atr_window"": 14, ""sl_mult"": 2.0, ""tp_mult"": 4.0}",843,21.47,-90.33,-90.37,-34.082,0.155,0.249,-0.42
ADAUSDC,RSI,1m,"{""window"": 10, ""buy_threshold"": 30, ""sell_threshold"": 70}",flat,"{""sl_pct"": 2.0, ""tp_pct"": 4.0}",141,31.21,-49.45,-57.36,-3.644,0.668,3.63,-2.294
ADAUSDC,RSI,1m,"{""window"": 10, ""buy_threshold"": 30, ""sell_threshold"": 70}",flat,"{""sl_pct"": 1.0, ""tp_pct"": 2.0}",436,31.42,-79.58,-80.42,-10.042,0.579,1.694,-1.293
ADAUSDC,RSI,1m,"{""window"": 10, ""buy_threshold"": 30, ""sell_threshold"": 70}",flat,"{""sl_pct"": 3.0, ""tp_pct"": 6.0}",64,28.12,-44.99,-57.31,-2.818,0.576,5.377,-3.291
ADAUSDC,RSI,1m,"{""window"": 10, ""buy_threshold"": 30, ""sell_threshold"": 70}",atr,"{""atr_window"": 14, ""sl_mult"": 1.0, ""tp_mult"": 2.0}",4132,6.03,-100.0,-100.0,-80.128,0.007,0.124,-0.312
ADAUSDC,RSI,1m,"{""window"": 10, ""buy_threshold"": 30, ""sell_threshold"": 70}",atr,"{""atr_window"": 14, ""sl_mult"": 1.5, ""tp_mult"": 3.0}",3445,13.0,-99.99,-99.99,-68.457,0.037,0.186,-0.355
ADAUSDC,RSI,1m,"{""window"": 10, ""buy_threshold"": 30, ""sell_threshold"": 70}",atr,"{""atr_window"": 14, ""sl_mult"": 2.0, ""tp_mult"": 4.0}",2912,19.78,-99.98,-99.98,-64.0,0.085,0.248,-0.417
ADAUSDC,RSI,1m,"{""window"": 10, ""buy_threshold"": 30, ""sell_threshold"": 80}",flat,"{""sl_pct"": 2.0, ""tp_pct"": 4.0}",141,31.21,-49.45,-57.36,-3.644,0.668,3.63,-2.294
ADAUSDC,RSI,1m,"{""window"": 10, ""buy_threshold"": 30, ""sell_threshold"": 80}",flat,"{""sl_pct"": 1.0, ""tp_pct"": 2.0}",436,31.42,-79.58,-80.42,-10.042,0.579,1.694,-1.293
ADAUSDC,RSI,1m,"{""window"": 10, ""buy_threshold"": 30, ""sell_threshold"": 80}",flat,"{""sl_pct"": 3.0, ""tp_pct"": 6.0}",64,28.12,-44.99,-57.31,-2.818,0.576,5.377,-3.291
ADAUSDC,RSI,1m,"{""window"": 10, ""buy_threshold"": 30, ""sell_threshold"": 80}",atr,"{""atr_window"": 14, ""sl_mult"": 1.0, ""tp_mult"": 2.0}",4132,6.03,-100.0,-100.0,-80.128,0.007,0.124,-0.312
ADAUSDC,RSI,1m,"{""window"": 10, ""buy_threshold"": 30, ""sell_threshold"": 80}",atr,"{""atr_window"": 14, ""sl_mult"": 1.5, ""tp_mult"": 3.0}",3445,13.0,-99.99,-99.99,-68.457,0.037,0.186,-0.355
ADAUSDC,RSI,1m,"{""window"": 10, ""buy_threshold"": 30, ""sell_threshold"": 80}",atr,"{""atr_window"": 14, ""sl_mult"": 2.0, ""tp_mult"": 4.0}",2912,19.78,-99.98,-99.98,-64.0,0.085,0.248,-0.417
ADAUSDC,RSI,1m,"{""window"": 14, ""buy_threshold"": 20, ""sell_threshold"": 70}",flat,"{""sl_pct"": 2.0, ""tp_pct"": 4.0}",80,30.0,-36.92,-44.47,-3.791,0.634,3.558,-2.294
ADAUSDC,RSI,1m,"{""window"": 14, ""buy_threshold"": 20, ""sell_threshold"": 70}",flat,"{""sl_pct"": 1.0, ""tp_pct"": 2.0}",148,35.14,-31.55,-35.39,-4.791,0.702,1.694,-1.297
ADAUSDC,RSI,1m,"{""window"": 14, ""buy_threshold"": 20, ""sell_threshold"": 70}",flat,"{""sl_pct"": 3.0, ""tp_pct"": 6.0}",49,28.57,-35.74,-44.02,-2.995,0.611,5.351,-3.291
ADAUSDC,RSI,1m,"{""window"": 14, ""buy_threshold"": 20, ""sell_threshold"": 70}",atr,"{""atr_window"": 14, ""sl_mult"": 1.0, ""tp_mult"": 2.0}",324,11.42,-57.3,-57.32,-19.758,0.072,0.159,-0.316
ADAUSDC,RSI,1m,"{""window"": 14, ""buy_threshold"": 20, ""sell_threshold"": 70}",atr,"{""atr_window"": 14, ""sl_mult"": 1.5, ""tp_mult"": 3.0}",298,18.46,-53.57,-53.59,-18.339,0.169,0.258,-0.373
ADAUSDC,RSI,1m,"{""window"": 14, ""buy_threshold"": 20, ""sell_threshold"": 70}",atr,"{""atr_window"": 14, ""sl_mult"": 2.0, ""tp_mult"": 4.0}",277,23.83,-51.01,-51.03,-16.894,0.252,0.338,-0.442
ADAUSDC,RSI,1m,"{""window"": 14, ""buy_threshold"": 20, ""sell_threshold"": 80}",flat,"{""sl_pct"": 2.0, ""tp_pct"": 4.0}",80,30.0,-36.92,-44.47,-3.791,0.634,3.558,-2.294
ADAUSDC,RSI,1m,"{""window"": 14, ""buy_threshold"": 20, ""sell_threshold"": 80}",flat,"{""sl_pct"": 1.0, ""tp_pct"": 2.0}",148,35.14,-31.55,-35.39,-4.791,0.702,1.694,-1.297
ADAUSDC,RSI,1m,"{""window"": 14, ""buy_threshold"": 20, ""sell_threshold"": 80}",flat,"{""sl_pct"": 3.0, ""tp_pct"": 6.0}",49,28.57,-35.74,-44.02,-2.995,0.611,5.351,-3.291
ADAUSDC,RSI,1m,"{""window"": 14, ""buy_threshold"": 20, ""sell_threshold"": 80}",atr,"{""atr_window"": 14, ""sl_mult"": 1.0, ""tp_mult"": 2.0}",324,11.42,-57.3,-57.32,-19.758,0.072,0.159,-0.316
ADAUSDC,RSI,1m,"{""window"": 14, ""buy_threshold"": 20, ""sell_threshold"": 80}",atr,"{""atr_window"": 14, ""sl_mult"": 1.5, ""tp_mult"": 3.0}",298,18.46,-53.57,-53.59,-18.339,0.169,0.258,-0.373
ADAUSDC,RSI,1m,"{""window"": 14, ""buy_threshold"": 20, ""sell_threshold"": 80}",atr,"{""atr_window"": 14, ""sl_mult"": 2.0, ""tp_mult"": 4.0}",277,23.83,-51.01,-51.03,-16.894,0.252,0.338,-0.442
ADAUSDC,RSI,1m,"{""window"": 14, ""buy_threshold"": 30, ""sell_threshold"": 70}",flat,"{""sl_pct"": 2.0, ""tp_pct"": 4.0}",132,28.79,-56.5,-61.55,-4.584,0.588,3.614,-2.294
ADAUSDC,RSI,1m,"{""window"": 14, ""buy_threshold"": 30, ""sell_threshold"": 70}",flat,"{""sl_pct"": 1.0, ""tp_pct"": 2.0}",377,31.03,-76.0,-77.1,-9.595,0.577,1.694,-1.297
ADAUSDC,RSI,1m,"{""window"": 14, ""buy_threshold"": 30, ""sell_threshold"": 70}",flat,"{""sl_pct"": 3.0, ""tp_pct"": 6.0}",66,30.3,-38.15,-50.86,-2.39,0.663,5.441,-3.291
ADAUSDC,RSI,1m,"{""window"": 14, ""buy_threshold"": 30, ""sell_threshold"": 70}",atr,"{""atr_window"": 14, ""sl_mult"": 1.0, ""tp_mult"": 2.0}",2406,7.02,-99.89,-99.89,-52.976,0.016,0.129,-0.314
ADAUSDC,RSI,1m,"{""window"": 14, ""buy_threshold"": 30, ""sell_threshold"": 70}",atr,"{""atr_window"": 14, ""sl_mult"": 1.5, ""tp_mult"": 3.0}",2021,14.94,-99.64,-99.64,-49.665,0.069,0.201,-0.361
ADAUSDC,RSI,1m,"{""window"": 14, ""buy_threshold"": 30, ""sell_threshold"": 70}",atr,"{""atr_window"": 14, ""sl_mult"": 2.0, ""tp_mult"": 4.0}",1773,21.43,-99.29,-99.29,-45.805,0.128,0.267,-0.426
ADAUSDC,RSI,1m,"{""window"": 14, ""buy_threshold"": 30, ""sell_threshold"": 80}",flat,"{""sl_pct"": 2.0, ""tp_pct"": 4.0}",132,28.79,-56.5,-61.55,-4.584,0.588,3.614,-2.294
ADAUSDC,RSI,1m,"{""window"": 14, ""buy_threshold"": 30, ""sell_threshold"": 80}",flat,"{""sl_pct"": 1.0, ""tp_pct"": 2.0}",377,31.03,-76.0,-77.1,-9.595,0.577,1.694,-1.297
ADAUSDC,RSI,1m,"{""window"": 14, ""buy_threshold"": 30, ""sell_threshold"": 80}",flat,"{""sl_pct"": 3.0, ""tp_pct"": 6.0}",66,30.3,-38.15,-50.86,-2.39,0.663,5.441,-3.291
ADAUSDC,RSI,1m,"{""window"": 14, ""buy_threshold"": 30, ""sell_threshold"": 80}",atr,"{""atr_window"": 14, ""sl_mult"": 1.0, ""tp_mult"": 2.0}",2406,7.02,-99.89,-99.89,-52.976,0.016,0.129,-0.314
ADAUSDC,RSI,1m,"{""window"": 14, ""buy_threshold"": 30, ""sell_threshold"": 80}",atr,"{""atr_window"": 14, ""sl_mult"": 1.5, ""tp_mult"": 3.0}",2021,14.94,-99.64,-99.64,-49.665,0.069,0.201,-0.361
ADAUSDC,RSI,1m,"{""window"": 14, ""buy_threshold"": 30, ""sell_threshold"": 80}",atr,"{""atr_window"": 14, ""sl_mult"": 2.0, ""tp_mult"": 4.0}",1773,21.43,-99.29,-99.29,-45.805,0.128,0.267,-0.426
ADAUSDC,EMA,1m,"{""short_span"": 5, ""long_span"": 20}",flat,"{""sl_pct"": 2.0, ""tp_pct"": 4.0}",145,28.28,-61.41,-65.49,-4.942,0.577,3.628,-2.294
ADAUSDC,EMA,1m,"{""short_span"": 5, ""long_span"": 20}",flat,"{""sl_pct"": 1.0, ""tp_pct"": 2.0}",447,29.98,-84.23,-84.81,-10.001,0.507,1.684,-1.297
ADAUSDC,EMA,1m,"{""short_span"": 5, ""long_span"": 20}",flat,"{""sl_pct"": 3.0, ""tp_pct"": 6.0}",58,24.14,-48.82,-59.4,-3.4,0.496,5.682,-3.227
ADAUSDC,EMA,1m,"{""short_span"": 5, ""long_span"": 20}",atr,"{""atr_window"": 14, ""sl_mult"": 1.0, ""tp_mult"": 2.0}",4117,3.57,-100.0,-100.0,-132.541,0.002,0.13,-0.316
ADAUSDC,EMA,1m,"{""short_span"": 5, ""long_span"": 20}",atr,"{""atr_window"": 14, ""sl_mult"": 1.5, ""tp_mult"": 3.0}",3689,9.89,-100.0,-100.0,-106.47,0.015,0.179,-0.352
ADAUSDC,EMA,1m,"{""short_span"": 5, ""long_span"": 20}",atr,"{""atr_window"": 14, ""sl_mult"": 2.0, ""tp_mult"": 4.0}",3183,16.65,-99.99,-99.99,-83.185,0.047,0.228,-0.408
ADAUSDC,EMA,1m,"{""short_span"": 9, ""long_span"": 21}",flat,"{""sl_pct"": 2.0, ""tp_pct"": 4.0}",141,27.66,-62.65,-65.96,-5.166,0.558,3.608,-2.294
ADAUSDC,EMA,1m,"{""short_span"": 9, ""long_span"": 21}",flat,"{""sl_pct"": 1.0, ""tp_pct"": 2.0}",422,28.91,-84.73,-85.3,-10.913,0.493,1.683,-1.297
ADAUSDC,EMA,1m,"{""short_span"": 9, ""long_span"": 21}",flat,"{""sl_pct"": 3.0, ""tp_pct"": 6.0}",64,25.0,-50.06,-59.06,-3.622,0.516,5.682,-3.235
ADAUSDC,EMA,1m,"{""short_span"": 9, ""long_span"": 21}",atr,"{""atr_window"": 14, ""sl_mult"": 1.0, ""tp_mult"": 2.0}",3083,4.15,-99.99,-99.99,-115.311,0.004,0.133,-0.315
ADAUSDC,EMA,1m,"{""short_span"": 9, ""long_span"": 21}",atr,"{""atr_window"": 14, ""sl_mult"": 1.5, ""tp_mult"": 3.0}",2916,10.36,-99.98,-99.98,-90.16,0.018,0.182,-0.352
ADAUSDC,EMA,1m,"{""short_span"": 9, ""long_span"": 21}",atr,"{""atr_window"": 14, ""sl_mult"": 2.0, ""tp_mult"": 4.0}",2662,15.97,-99.97,-99.97,-73.619,0.044,0.228,-0.407
ADAUSDC,EMA,1m,"{""short_span"": 12, ""long_span"": 26}",flat,"{""sl_pct"": 2.0, ""tp_pct"": 4.0}",138,28.26,-60.0,-63.08,-5.29,0.579,3.605,-2.294
ADAUSDC,EMA,1m,"{""short_span"": 12, ""long_span"": 26}",flat,"{""sl_pct"": 1.0, ""tp_pct"": 2.0}",390,30.0,-80.05,-80.77,-10.005,0.52,1.682,-1.297
ADAUSDC,EMA,1m,"{""short_span"": 12, ""long_span"": 26}",flat,"{""sl_pct"": 3.0, ""tp_pct"": 6.0}",67,25.37,-50.61,-58.54,-3.861,0.54,5.682,-3.236
ADAUSDC,EMA,1m,"{""short_span"": 12, ""long_span"": 26}",atr,"{""atr_window"": 14, ""sl_mult"": 1.0, ""tp_mult"": 2.0}",2404,3.79,-99.92,-99.92,-106.823,0.005,0.141,-0.315
ADAUSDC,EMA,1m,"{""short_span"": 12, ""long_span"": 26}",atr,"{""atr_window"": 14, ""sl_mult"": 1.5, ""tp_mult"": 3.0}",2329,9.36,-99.91,-99.91,-87.802,0.023,0.194,-0.349
ADAUSDC,EMA,1m,"{""short_span"": 12, ""long_span"": 26}",atr,"{""atr_window"": 14, ""sl_mult"": 2.0, ""tp_mult"": 4.0}",2192,16.06,-99.87,-99.87,-67.817,0.053,0.225,-0.405
ADAUSDC,EMA,1m,"{""short_span"": 5, ""long_span"": 13}",flat,"{""sl_pct"": 2.0, ""tp_pct"": 4.0}",139,28.78,-58.15,-62.29,-4.418,0.589,3.63,-2.294
ADAUSDC,EMA,1m,"{""short_span"": 5, ""long_span"": 13}",flat,"{""sl_pct"": 1.0, ""tp_pct"": 2.0}",463,30.02,-84.81,-85.55,-10.447,0.515,1.694,-1.294
ADAUSDC,EMA,1m,"{""short_span"": 5, ""long_span"": 13}",flat,"{""sl_pct"": 3.0, ""tp_pct"": 6.0}",71,26.76,-52.33,-61.01,-3.74,0.558,5.406,-3.291
ADAUSDC,EMA,1m,"{""short_span"": 5, ""long_span"": 13}",atr,"{""atr_window"": 14, ""sl_mult"": 1.0, ""tp_mult"": 2.0}",5033,3.81,-100.0,-100.0,-153.542,0.001,0.14,-0.317
ADAUSDC,EMA,1m,"{""short_span"": 5, ""long_span"": 13}",atr,"{""atr_window"": 14, ""sl_mult"": 1.5, ""tp_mult"": 3.0}",4415,10.24,-100.0,-100.0,-115.832,0.013,0.177,-0.356
ADAUSDC,EMA,1m,"{""short_span"": 5, ""long_span"": 13}",atr,"{""atr_window"": 14, ""sl_mult"": 2.0, ""tp_mult"": 4.0}",3709,16.74,-100.0,-100.0,-90.839,0.048,0.23,-0.412
ADAUSDC,MACD,1m,"{""fast"": 12, ""slow"": 26, ""signal"": 9}",flat,"{""sl_pct"": 2.0, ""tp_pct"": 4.0}",153,28.76,-62.01,-66.85,-4.54,0.574,3.613,-2.294
ADAUSDC,MACD,1m,"{""fast"": 12, ""slow"": 26, ""signal"": 9}",flat,"{""sl_pct"": 1.0, ""tp_pct"": 2.0}",487,30.39,-85.79,-86.53,-10.643,0.523,1.685,-1.297
ADAUSDC,MACD,1m,"{""fast"": 12, ""slow"": 26, ""signal"": 9}",flat,"{""sl_pct"": 3.0, ""tp_pct"": 6.0}",69,27.54,-48.96,-59.41,-3.373,0.559,5.412,-3.291
ADAUSDC,MACD,1m,"{""fast"": 12, ""slow"": 26, ""signal"": 9}",atr,"{""atr_window"": 14, ""sl_mult"": 1.0, ""tp_mult"": 2.0}",5151,4.29,-100.0,-100.0,-160.962,0.002,0.126,-0.32
ADAUSDC,MACD,1m,"{""fast"": 12, ""slow"": 26, ""signal"": 9}",atr,"{""atr_window"": 14, ""sl_mult"": 1.5, ""tp_mult"": 3.0}",4652,10.96,-100.0,-100.0,-141.496,0.012,0.177,-0.359
ADAUSDC,MACD,1m,"{""fast"": 12, ""slow"": 26, ""signal"": 9}",atr,"{""atr_window"": 14, ""sl_mult"": 2.0, ""tp_mult"": 4.0}",3966,18.15,-100.0,-100.0,-103.504,0.048,0.23,-0.42
ADAUSDC,MACD,1m,"{""fast"": 5, ""slow"": 35, ""signal"": 5}",flat,"{""sl_pct"": 2.0, ""tp_pct"": 4.0}",158,29.75,-59.15,-65.21,-4.358,0.609,3.64,-2.294
ADAUSDC,MACD,1m,"{""fast"": 5, ""slow"": 35, ""signal"": 5}",flat,"{""sl_pct"": 1.0, ""tp_pct"": 2.0}",521,30.13,-87.8,-88.36,-10.337,0.513,1.694,-1.294
ADAUSDC,MACD,1m,"{""fast"": 5, ""slow"": 35, ""signal"": 5}",flat,"{""sl_pct"": 3.0, ""tp_pct"": 6.0}",73,28.77,-46.75,-58.26,-3.17,0.599,5.432,-3.291
ADAUSDC,MACD,1m,"{""fast"": 5, ""slow"": 35, ""signal"": 5}",atr,"{""atr_window"": 14, ""sl_mult"": 1.0, ""tp_mult"": 2.0}",8268,4.64,-100.0,-100.0,-200.384,0.002,0.131,-0.319
ADAUSDC,MACD,1m,"{""fast"": 5, ""slow"": 35, ""signal"": 5}",atr,"{""atr_window"": 14, ""sl_mult"": 1.5, ""tp_mult"": 3.0}",6843,11.08,-100.0,-100.0,-139.391,0.012,0.178,-0.361
ADAUSDC,MACD,1m,"{""fast"": 5, ""slow"": 35, ""signal"": 5}",atr,"{""atr_window"": 14, ""sl_mult"": 2.0, ""tp_mult"": 4.0}",5230,17.78,-100.0,-100.0,-94.02,0.047,0.244,-0.418
ADAUSDC,MACD,1m,"{""fast"": 8, ""slow"": 21, ""signal"": 5}",flat,"{""sl_pct"": 2.0, ""tp_pct"": 4.0}",159,29.56,-60.09,-65.51,-4.531,0.604,3.64,-2.294
ADAUSDC,MACD,1m,"{""fast"": 8, ""slow"": 21, ""signal"": 5}",flat,"{""sl_pct"": 1.0, ""tp_pct"": 2.0}",515,29.9,-87.94,-88.49,-10.992,0.51,1.694,-1.294
ADAUSDC,MACD,1m,"{""fast"": 8, ""slow"": 21, ""signal"": 5}",flat,"{""sl_pct"": 3.0, ""tp_pct"": 6.0}",73,28.77,-46.75,-58.26,-3.199,0.599,5.432,-3.291
ADAUSDC,MACD,1m,"{""fast"": 8, ""slow"": 21, ""signal"": 5}",atr,"{""atr_window"": 14, ""sl_mult"": 1.0, ""tp_mult"": 2.0}",7527,4.7,-100.0,-100.0,-201.421,0.002,0.131,-0.318
ADAUSDC,MACD,1m,"{""fast"": 8, ""slow"": 21, ""signal"": 5}",atr,"{""atr_window"": 14, ""sl_mult"": 1.5, ""tp_mult"": 3.0}",6400,11.28,-100.0,-100.0,-151.412,0.011,0.176,-0.36
ADAUSDC,MACD,1m,"{""fast"": 8, ""slow"": 21, ""signal"": 5}",atr,"{""atr_window"": 14, ""sl_mult"": 2.0, ""tp_mult"": 4.0}",5019,18.05,-100.0,-100.0,-100.807,0.05,0.243,-0.416
ADAUSDC,MACD,1m,"{""fast"": 12, ""slow"": 26, ""signal"": 5}",flat,"{""sl_pct"": 2.0, ""tp_pct"": 4.0}",151,29.14,-59.55,-65.14,-4.465,0.595,3.651,-2.294
ADAUSDC,MACD,1m,"{""fast"": 12, ""slow"": 26, ""signal"": 5}",flat,"{""sl_pct"": 1.0, ""tp_pct"": 2.0}",492,30.08,-86.39,-86.99,-10.17,0.516,1.694,-1.294
ADAUSDC,MACD,1m,"{""fast"": 12, ""slow"": 26, ""signal"": 5}",flat,"{""sl_pct"": 3.0, ""tp_pct"": 6.0}",78,29.49,-45.71,-58.74,-3.061,0.639,5.494,-3.291
ADAUSDC,MACD,1m,"{""fast"": 12, ""slow"": 26, ""signal"": 5}",atr,"{""atr_window"": 14, ""sl_mult"": 1.0, ""tp_mult"": 2.0}",6366,4.56,-100.0,-100.0,-186.408,0.003,0.138,-0.319
ADAUSDC,MACD,1m,"{""fast"": 12, ""slow"": 26, ""signal"": 5}",atr,"{""atr_window"": 14, ""sl_mult"": 1.5, ""tp_mult"": 3.0}",5572,11.23,-100.0,-100.0,-131.893,0.014,0.18,-0.359
ADAUSDC,MACD,1m,"{""fast"": 12, ""slow"": 26, ""signal"": 5}",atr,"{""atr_window"": 14, ""sl_mult"": 2.0, ""tp_mult"": 4.0}",4552,17.64,-100.0,-100.0,-102.54,0.049,0.245,-0.416
ADAUSDC,BOLL,1m,"{""window"": 14, ""window_dev"": 1.5}",flat,"{""sl_pct"": 2.0, ""tp_pct"": 4.0}",150,31.33,-50.58,-59.95,-3.641,0.676,3.651,-2.294
ADAUSDC,BOLL,1m,"{""window"": 14, ""window_dev"": 1.5}",flat,"{""sl_pct"": 1.0, ""tp_pct"": 2.0}",514,30.93,-85.77,-86.3,-9.335,0.543,1.694,-1.293
ADAUSDC,BOLL,1m,"{""window"": 14, ""window_dev"": 1.5}",flat,"{""sl_pct"": 3.0, ""tp_pct"": 6.0}",64,26.56,-48.79,-59.33,-3.314,0.538,5.461,-3.291
ADAUSDC,BOLL,1m,"{""window"": 14, ""window_dev"": 1.5}",atr,"{""atr_window"": 14, ""sl_mult"": 1.0, ""tp_mult"": 2.0}",8053,5.18,-100.0,-100.0,-144.344,0.002,0.124,-0.313
ADAUSDC,BOLL,1m,"{""window"": 14, ""window_dev"": 1.5}",atr,"{""atr_window"": 14, ""sl_mult"": 1.5, ""tp_mult"": 3.0}",6292,11.78,-100.0,-100.0,-104.865,0.013,0.174,-0.356
ADAUSDC,BOLL,1m,"{""window"": 14, ""window_dev"": 1.5}",atr,"{""atr_window"": 14, ""sl_mult"": 2.0, ""tp_mult"": 4.0}",4920,18.48,-100.0,-100.0,-86.165,0.05,0.23,-0.417
ADAUSDC,BOLL,1m,"{""window"": 14, ""window_dev"": 2}",flat,"{""sl_pct"": 2.0, ""tp_pct"": 4.0}",144,29.17,-58.23,-62.81,-4.75,0.611,3.621,-2.294
ADAUSDC,BOLL,1m,"{""window"": 14, ""window_dev"": 2}",flat,"{""sl_pct"": 1.0, ""tp_pct"": 2.0}",467,31.48,-81.64,-82.4,-9.578,0.57,1.694,-1.293
ADAUSDC,BOLL,1m,"{""window"": 14, ""window_dev"": 2}",flat,"{""sl_pct"": 3.0, ""tp_pct"": 6.0}",69,28.99,-44.43,-54.6,-3.147,0.622,5.408,-3.291
ADAUSDC,BOLL,1m,"{""window"": 14, ""window_dev"": 2}",atr,"{""atr_window"": 14, ""sl_mult"": 1.0, ""tp_mult"": 2.0}",4340,5.53,-100.0,-100.0,-110.555,0.004,0.131,-0.311
ADAUSDC,BOLL,1m,"{""window"": 14, ""window_dev"": 2}",atr,"{""atr_window"": 14, ""sl_mult"": 1.5, ""tp_mult"": 3.0}",3754,12.41,-100.0,-100.0,-93.749,0.026,0.187,-0.357
ADAUSDC,BOLL,1m,"{""window"": 14, ""window_dev"": 2}",atr,"{""atr_window"": 14, ""sl_mult"": 2.0, ""tp_mult"": 4.0}",3167,19.01,-99.99,-99.99,-77.893,0.07,0.243,-0.414
ADAUSDC,BOLL,1m,"{""window"": 14, ""window_dev"": 2.5}",flat,"{""sl_pct"": 2.0, ""tp_pct"": 4.0}",128,32.03,-43.06,-50.66,-2.874,0.704,3.615,-2.294
ADAUSDC,BOLL,1m,"{""window"": 14, ""window_dev"": 2.5}",flat,"{""sl_pct"": 1.0, ""tp_pct"": 2.0}",337,32.05,-69.08,-71.11,-8.503,0.614,1.694,-1.297
ADAUSDC,BOLL,1m,"{""window"": 14, ""window_dev"": 2.5}",flat,"{""sl_pct"": 3.0, ""tp_pct"": 6.0}",62,29.03,-39.99,-50.32,-2.934,0.625,5.491,-3.291
ADAUSDC,BOLL,1m,"{""window"": 14, ""window_dev"": 2.5}",atr,"{""atr_window"": 14, ""sl_mult"": 1.0, ""tp_mult"": 2.0}",1426,6.03,-98.05,-98.05,-70.307,0.019,0.144,-0.303
ADAUSDC,BOLL,1m,"{""window"": 14, ""window_dev"": 2.5}",atr,"{""atr_window"": 14, ""sl_mult"": 1.5, ""tp_mult"": 3.0}",1366,15.01,-97.51,-97.51,-60.102,0.069,0.186,-0.35
ADAUSDC,BOLL,1m,"{""window"": 14, ""window_dev"": 2.5}",atr,"{""atr_window"": 14, ""sl_mult"": 2.0, ""tp_mult"": 4.0}",1278,20.58,-97.1,-97.1,-48.216,0.118,0.243,-0.411
ADAUSDC,BOLL,1m,"{""window"": 20, ""window_dev"": 1.5}",flat,"{""sl_pct"": 2.0, ""tp_pct"": 4.0}",155,29.68,-58.73,-64.1,-4.556,0.62,3.639,-2.294
ADAUSDC,BOLL,1m,"{""window"": 20, ""window_dev"": 1.5}",flat,"{""sl_pct"": 1.0, ""tp_pct"": 2.0}",495,30.3,-86.06,-86.59,-9.228,0.532,1.694,-1.293
ADAUSDC,BOLL,1m,"{""window"": 20, ""window_dev"": 1.5}",flat,"{""sl_pct"": 3.0, ""tp_pct"": 6.0}",64,26.56,-48.64,-57.25,-3.598,0.545,5.479,-3.291
ADAUSDC,BOLL,1m,"{""window"": 20, ""window_dev"": 1.5}",atr,"{""atr_window"": 14, ""sl_mult"": 1.0, ""tp_mult"": 2.0}",7641,5.46,-100.0,-100.0,-124.626,0.004,0.126,-0.315
ADAUSDC,BOLL,1m,"{""window"": 20, ""window_dev"": 1.5}",atr,"{""atr_window"": 14, ""sl_mult"": 1.5, ""tp_mult"": 3.0}",5872,12.16,-100.0,-100.0,-92.557,0.017,0.177,-0.356
ADAUSDC,BOLL,1m,"{""window"": 20, ""window_dev"": 1.5}",atr,"{""atr_window"": 14, ""sl_mult"": 2.0, ""tp_mult"": 4.0}",4565,18.97,-100.0,-100.0,-76.641,0.059,0.23,-0.421
ADAUSDC,BOLL,1m,"{""window"": 20, ""window_dev"": 2}",flat,"{""sl_pct"": 2.0, ""tp_pct"": 4.0}",139,30.22,-53.3,-60.73,-4.161,0.636,3.611,-2.294
ADAUSDC,BOLL,1m,"{""window"": 20, ""window_dev"": 2}",flat,"{""sl_pct"": 1.0, ""tp_pct"": 2.0}",466,31.55,-81.81,-83.15,-9.112,0.574,1.687,-1.297
ADAUSDC,BOLL,1m,"{""window"": 20, ""window_dev"": 2}",flat,"{""sl_pct"": 3.0, ""tp_pct"": 6.0}",66,28.79,-43.4,-55.17,-2.939,0.609,5.429,-3.291
ADAUSDC,BOLL,1m,"{""window"": 20, ""window_dev"": 2}",atr,"{""atr_window"": 14, ""sl_mult"": 1.0, ""tp_mult"": 2.0}",4274,5.43,-100.0,-100.0,-96.427,0.004,0.131,-0.311
ADAUSDC,BOLL,1m,"{""window"": 20, ""window_dev"": 2}",atr,"{""atr_window"": 14, ""sl_mult"": 1.5, ""tp_mult"": 3.0}",3701,12.54,-100.0,-100.0,-75.999,0.026,0.181,-0.354
ADAUSDC,BOLL,1m,"{""window"": 20, ""window_dev"": 2}",atr,"{""atr_window"": 14, ""sl_mult"": 2.0, ""tp_mult"": 4.0}",3161,19.77,-99.99,-99.99,-70.604,0.071,0.235,-0.415
ADAUSDC,BOLL,1m,"{""window"": 20, ""window_dev"": 2.5}",flat,"{""sl_pct"": 2.0, ""tp_pct"": 4.0}",126,32.54,-40.35,-50.6,-2.824,0.718,3.615,-2.294
ADAUSDC,BOLL,1m,"{""window"": 20, ""window_dev"": 2.5}",flat,"{""sl_pct"": 1.0, ""tp_pct"": 2.0}",344,32.85,-67.24,-69.37,-8.905,0.632,1.694,-1.297
ADAUSDC,BOLL,1m,"{""window"": 20, ""window_dev"": 2.5}",flat,"{""sl_pct"": 3.0, ""tp_pct"": 6.0}",59,27.12,-44.44,-57.13,-3.08,0.543,5.467,-3.291
ADAUSDC,BOLL,1m,"{""window"": 20, ""window_dev"": 2.5}",atr,"{""atr_window"": 14, ""sl_mult"": 1.0, ""tp_mult"": 2.0}",1708,6.73,-99.08,-99.08,-62.722,0.019,0.136,-0.303
ADAUSDC,BOLL,1m,"{""window"": 20, ""window_dev"": 2.5}",atr,"{""atr_window"": 14, ""sl_mult"": 1.5, ""tp_mult"": 3.0}",1597,14.78,-98.64,-98.64,-55.086,0.069,0.195,-0.349
ADAUSDC,BOLL,1m,"{""window"": 20, ""window_dev"": 2.5}",atr,"{""atr_window"": 14, ""sl_mult"": 2.0, ""tp_mult"": 4.0}",1486,22.07,-98.03,-98.04,-45.432,0.121,0.244,-0.407
ADAUSDC,MOM,1m,"{""window"": 5, ""buy_threshold"": 2, ""sell_threshold"": -2}",flat,"{""sl_pct"": 2.0, ""tp_pct"": 4.0}",8,25.0,-6.46,-8.01,-1.659,0.52,3.688,-2.294
ADAUSDC,MOM,1m,"{""window"": 5, ""buy_threshold"": 2, ""sell_threshold"": -2}",flat,"{""sl_pct"": 1.0, ""tp_pct"": 2.0}",8,50.0,1.51,-2.87,0.852,1.288,1.694,-1.297
ADAUSDC,MOM,1m,"{""window"": 5, ""buy_threshold"": 2, ""sell_threshold"": -2}",flat,"{""sl_pct"": 3.0, ""tp_pct"": 6.0}",8,25.0,-8.63,-9.87,-1.918,0.551,5.682,-3.291
ADAUSDC,MOM,1m,"{""window"": 5, ""buy_threshold"": 2, ""sell_threshold"": -2}",atr,"{""atr_window"": 14, ""sl_mult"": 1.0, ""tp_mult"": 2.0}",9,55.56,-0.44,-1.68,-0.665,0.85,0.504,-0.737
ADAUSDC,MOM,1m,"{""window"": 5, ""buy_threshold"": 2, ""sell_threshold"": -2}",atr,"{""atr_window"": 14, ""sl_mult"": 1.5, ""tp_mult"": 3.0}",9,66.67,2.96,-1.86,2.923,2.057,0.956,-0.924
ADAUSDC,MOM,1m,"{""window"": 5, ""buy_threshold"": 2, ""sell_threshold"": -2}",atr,"{""atr_window"": 14, ""sl_mult"": 2.0, ""tp_mult"": 4.0}",8,50.0,0.85,-2.5,0.622,1.185,1.358,-1.13
ADAUSDC,MOM,1m,"{""window"": 5, ""buy_threshold"": 3, ""sell_threshold"": -3}",flat,"{""sl_pct"": 2.0, ""tp_pct"": 4.0}",1,0.0,-2.29,-2.59,-2.796,0.0,,-2.294
ADAUSDC,MOM,1m,"{""window"": 5, ""buy_threshold"": 3, ""sell_threshold"": -3}",flat,"{""sl_pct"": 1.0, ""tp_pct"": 2.0}",1,0.0,-1.3,-1.59,-2.014,0.0,,-1.297
ADAUSDC,MOM,1m,"{""window"": 5, ""buy_threshold"": 3, ""sell_threshold"": -3}",flat,"{""sl_pct"": 3.0, ""tp_pct"": 6.0}",1,0.0,-3.29,-3.58,-2.6,0.0,,-3.291
ADAUSDC,MOM,1m,"{""window"": 5, ""buy_threshold"": 3, ""sell_threshold"": -3}",atr,"{""atr_window"": 14, ""sl_mult"": 1.0, ""tp_mult"": 2.0}",2,50.0,-0.34,-0.92,-2.014,0.546,0.406,-0.741
ADAUSDC,MOM,1m,"{""window"": 5, ""buy_threshold"": 3, ""sell_threshold"": -3}",atr,"{""atr_window"": 14, ""sl_mult"": 1.5, ""tp_mult"": 3.0}",2,50.0,-0.21,-1.14,-2.014,0.783,0.759,-0.962
ADAUSDC,MOM,1m,"{""window"": 5, ""buy_threshold"": 3, ""sell_threshold"": -3}",atr,"{""atr_window"": 14, ""sl_mult"": 2.0, ""tp_mult"": 4.0}",1,0.0,-1.01,-1.3,-2.014,0.0,,-1.005
ADAUSDC,MOM,1m,"{""window"": 5, ""buy_threshold"": 5, ""sell_threshold"": -5}",flat,"{""sl_pct"": 2.0, ""tp_pct"": 4.0}",0,,0.0,0.0,,,,
ADAUSDC,MOM,1m,"{""window"": 5, ""buy_threshold"": 5, ""sell_threshold"": -5}",flat,"{""sl_pct"": 1.0, ""tp_pct"": 2.0}",0,,0.0,0.0,,,,
ADAUSDC,MOM,1m,"{""window"": 5, ""buy_threshold"": 5, ""sell_threshold"": -5}",flat,"{""sl_pct"": 3.0, ""tp_pct"": 6.0}",0,,0.0,0.0,,,,
ADAUSDC,MOM,1m,"{""window"": 5, ""buy_threshold"": 5, ""sell_threshold"": -5}",atr,"{""atr_window"": 14, ""sl_mult"": 1.0, ""tp_mult"": 2.0}",0,,0.0,0.0,,,,
ADAUSDC,MOM,1m,"{""window"": 5, ""buy_threshold"": 5, ""sell_threshold"": -5}",atr,"{""atr_window"": 14, ""sl_mult"": 1.5, ""tp_mult"": 3.0}",0,,0.0,0.0,,,,
ADAUSDC,MOM,1m,"{""window"": 5, ""buy_threshold"": 5, ""sell_threshold"": -5}",atr,"{""atr_window"": 14, ""sl_mult"": 2.0, ""tp_mult"": 4.0}",0,,0.0,0.0,,,,
ADAUSDC,MOM,1m,"{""window"": 10, ""buy_threshold"": 2, ""sell_threshold"": -2}",flat,"{""sl_pct"": 2.0, ""tp_pct"": 4.0}",18,33.33,-5.93,-15.06,-1.088,0.791,3.688,-2.294
ADAUSDC,MOM,1m,"{""window"": 10, ""buy_threshold"": 2, ""sell_threshold"": -2}",flat,"{""sl_pct"": 1.0, ""tp_pct"": 2.0}",20,45.0,0.77,-5.48,0.363,1.052,1.694,-1.297
ADAUSDC,MOM,1m,"{""window"": 10, ""buy_threshold"": 2, ""sell_threshold"": -2}",flat,"{""sl_pct"": 3.0, ""tp_pct"": 6.0}",15,33.33,-5.66,-17.6,-0.692,0.822,5.682,-3.291
ADAUSDC,MOM,1m,"{""window"": 10, ""buy_threshold"": 2, ""sell_threshold"": -2}",atr,"{""atr_window"": 14, ""sl_mult"": 1.0, ""tp_mult"": 2.0}",25,44.0,-2.96,-6.22,-1.61,0.675,0.556,-0.648
ADAUSDC,MOM,1m,"{""window"": 10, ""buy_threshold"": 2, ""sell_threshold"": -2}",atr,"{""atr_window"": 14, ""sl_mult"": 1.5, ""tp_mult"": 3.0}",24,45.83,0.36,-4.89,0.2,1.033,1.007,-0.816
ADAUSDC,MOM,1m,"{""window"": 10, ""buy_threshold"": 2, ""sell_threshold"": -2}",atr,"{""atr_window"": 14, ""sl_mult"": 2.0, ""tp_mult"": 4.0}",20,40.0,-0.63,-4.33,-0.236,0.948,1.427,-0.991
ADAUSDC,MOM,1m,"{""window"": 10, ""buy_threshold"": 3, ""sell_threshold"": -3}",flat,"{""sl_pct"": 2.0, ""tp_pct"": 4.0}",3,0.0,-6.72,-9.49,-2.867,0.0,,-2.294
ADAUSDC,MOM,1m,"{""window"": 10, ""buy_threshold"": 3, ""sell_threshold"": -3}",flat,"{""sl_pct"": 1.0, ""tp_pct"": 2.0}",3,33.33,-0.93,-2.58,-1.369,0.647,1.694,-1.297
ADAUSDC,MOM,1m,"{""window"": 10, ""buy_threshold"": 3, ""sell_threshold"": -3}",flat,"{""sl_pct"": 3.0, ""tp_pct"": 6.0}",3,0.0,-9.55,-12.23,-2.844,0.0,,-3.291
ADAUSDC,MOM,1m,"{""window"": 10, ""buy_threshold"": 3, ""sell_threshold"": -3}",atr,"{""atr_window"": 14, ""sl_mult"": 1.0, ""tp_mult"": 2.0}",4,50.0,-0.51,-1.18,-2.713,0.682,0.544,-0.793
ADAUSDC,MOM,1m,"{""window"": 10, ""buy_threshold"": 3, ""sell_threshold"": -3}",atr,"{""atr_window"": 14, ""sl_mult"": 1.5, ""tp_mult"": 3.0}",4,50.0,-0.17,-1.33,-1.574,0.92,0.966,-1.04
ADAUSDC,MOM,1m,"{""window"": 10, ""buy_threshold"": 3, ""sell_threshold"": -3}",atr,"{""atr_window"": 14, ""sl_mult"": 2.0, ""tp_mult"": 4.0}",3,33.33,-0.76,-2.38,-1.463,0.687,1.664,-1.198
ADAUSDC,MOM,1m,"{""window"": 10, ""buy_threshold"": 5, ""sell_threshold"": -5}",flat,"{""sl_pct"": 2.0, ""tp_pct"": 4.0}",0,,0.0,0.0,,,,
ADAUSDC,MOM,1m,"{""window"": 10, ""buy_threshold"": 5, ""sell_threshold"": -5}",flat,"{""sl_pct"": 1.0, ""tp_pct"": 2.0}",0,,0.0,0.0,,,,
ADAUSDC,MOM,1m,"{""window"": 10, ""buy_threshold"": 5, ""sell_threshold"": -5}",flat,"{""sl_pct"": 3.0, ""tp_pct"": 6.0}",0,,0.0,0.0,,,,
ADAUSDC,MOM,1m,"{""window"": 10, ""buy_threshold"": 5, ""sell_threshold"": -5}",atr,"{""atr_window"": 14, ""sl_mult"": 1.0, ""tp_mult"": 2.0}",0,,0.0,0.0,,,,
ADAUSDC,MOM,1m,"{""window"": 10, ""buy_threshold"": 5, ""sell_threshold"": -5}",atr,"{""atr_window"": 14, ""sl_mult"": 1.5, ""tp_mult"": 3.0}",0,,0.0,0.0,,,,
ADAUSDC,MOM,1m,"{""window"": 10, ""buy_threshold"": 5, ""sell_threshold"": -5}",atr,"{""atr_window"": 14, ""sl_mult"": 2.0, ""tp_mult"": 4.0}",0,,0.0,0.0,,,,
ADAUSDC,RSI,15m,"{""window"": 10, ""buy_threshold"": 20, ""sell_threshold"": 70}",flat,"{""sl_pct"": 2.0, ""tp_pct"": 4.0}",70,27.14,-40.13,-46.15,-3.018,0.529,3.592,-2.294
ADAUSDC,RSI,15m,"{""window"": 10, ""buy_threshold"": 20, ""sell_threshold"": 70}",flat,"{""sl_pct"": 1.0, ""tp_pct"": 2.0}",98,30.61,-31.84,-36.13,-3.664,0.548,1.694,-1.297
ADAUSDC,RSI,15m,"{""window"": 10, ""buy_threshold"": 20, ""sell_threshold"": 70}",flat,"{""sl_pct"": 3.0, ""tp_pct"": 6.0}",57,28.07,-40.81,-48.15,-2.195,0.572,5.443,-3.291
ADAUSDC,RSI,15m,"{""window"": 10, ""buy_threshold"": 20, ""sell_threshold"": 70}",atr,"{""atr_window"": 14, ""sl_mult"": 1.0, ""tp_mult"": 2.0}",119,37.82,-23.69,-29.96,-3.937,0.562,0.847,-0.873
ADAUSDC,RSI,15m,"{""window"": 10, ""buy_threshold"": 20, ""sell_threshold"": 70}",atr,"{""atr_window"": 14, ""sl_mult"": 1.5, ""tp_mult"": 3.0}",107,31.78,-33.59,-38.66,-3.873,0.489,1.321,-1.164
ADAUSDC,RSI,15m,"{""window"": 10, ""buy_threshold"": 20, ""sell_threshold"": 70}",atr,"{""atr_window"": 14, ""sl_mult"": 2.0, ""tp_mult"": 4.0}",95,28.42,-39.11,-44.22,-3.764,0.482,1.92,-1.471
ADAUSDC,RSI,15m,"{""window"": 10, ""buy_threshold"": 20, ""sell_threshold"": 80}",flat,"{""sl_pct"": 2.0, ""tp_pct"": 4.0}",70,27.14,-40.13,-46.15,-3.018,0.529,3.592,-2.294
ADAUSDC,RSI,15m,"{""window"": 10, ""buy_threshold"": 20, ""sell_threshold"": 80}",flat,"{""sl_pct"": 1.0, ""tp_pct"": 2.0}",98,30.61,-31.84,-36.13,-3.664,0.548,1.694,-1.297
ADAUSDC,RSI,15m,"{""window"": 10, ""buy_threshold"": 20, ""sell_threshold"": 80}",flat,"{""sl_pct"": 3.0, ""tp_pct"": 6.0}",57,28.07,-40.81,-48.15,-2.195,0.572,5.443,-3.291
ADAUSDC,RSI,15m,"{""window"": 10, ""buy_threshold"": 20, ""sell_threshold"": 80}",atr,"{""atr_window"": 14, ""sl_mult"": 1.0, ""tp_mult"": 2.0}",119,37.82,-23.69,-29.96,-3.937,0.562,0.847,-0.873
ADAUSDC,RSI,15m,"{""window"": 10, ""buy_threshold"": 20, ""sell_threshold"": 80}",atr,"{""atr_window"": 14, ""sl_mult"": 1.5, ""tp_mult"": 3.0}",107,31.78,-33.59,-38.66,-3.873,0.489,1.321,-1.164
ADAUSDC,RSI,15m,"{""window"": 10, ""buy_threshold"": 20, ""sell_threshold"": 80}",atr,"{""atr_window"": 14, ""sl_mult"": 2.0, ""tp_mult"": 4.0}",95,28.42,-39.11,-44.22,-3.764,0.482,1.92,-1.471
ADAUSDC,RSI,15m,"{""window"": 10, ""buy_threshold"": 30, ""sell_threshold"": 70}",flat,"{""sl_pct"": 2.0, ""tp_pct"": 4.0}",176,28.41,-68.26,-69.89,-4.16,0.587,3.617,-2.294
ADAUSDC,RSI,15m,"{""window"": 10, ""buy_threshold"": 30, ""sell_threshold"": 70}",flat,"{""sl_pct"": 1.0, ""tp_pct"": 2.0}",322,31.06,-70.39,-72.98,-5.812,0.57,1.694,-1.297
ADAUSDC,RSI,15m,"{""window"": 10, ""buy_threshold"": 30, ""sell_threshold"": 70}",flat,"{""sl_pct"": 3.0, ""tp_pct"": 6.0}",108,26.85,-66.57,-71.35,-3.495,0.53,5.487,-3.291
ADAUSDC,RSI,15m,"{""window"": 10, ""buy_threshold"": 30, ""sell_threshold"": 70}",atr,"{""atr_window"": 14, ""sl_mult"": 1.0, ""tp_mult"": 2.0}",502,30.28,-80.38,-80.43,-10.21,0.451,0.845,-0.826
ADAUSDC,RSI,15m,"{""window"": 10, ""buy_threshold"": 30, ""sell_threshold"": 70}",atr,"{""atr_window"": 14, ""sl_mult"": 1.5, ""tp_mult"": 3.0}",384,24.74,-85.48,-85.58,-9.175,0.419,1.417,-1.122
ADAUSDC,RSI,15m,"{""window"": 10, ""buy_threshold"": 30, ""sell_threshold"": 70}",atr,"{""atr_window"": 14, ""sl_mult"": 2.0, ""tp_mult"": 4.0}",310,26.77,-80.7,-80.94,-6.758,0.497,1.914,-1.404
ADAUSDC,RSI,15m,"{""window"": 10, ""buy_threshold"": 30, ""sell_threshold"": 80}",flat,"{""sl_pct"": 2.0, ""tp_pct"": 4.0}",176,28.41,-68.26,-69.89,-4.16,0.587,3.617,-2.294
ADAUSDC,RSI,15m,"{""window"": 10, ""buy_threshold"": 30, ""sell_threshold"": 80}",flat,"{""sl_pct"": 1.0, ""tp_pct"": 2.0}",322,31.06,-70.39,-72.98,-5.812,0.57,1.694,-1.297
ADAUSDC,RSI,15m,"{""window"": 10, ""buy_threshold"": 30, ""sell_threshold"": 80}",flat,"{""sl_pct"": 3.0, ""tp_pct"": 6.0}",108,26.85,-66.57,-71.35,-3.495,0.53,5.487,-3.291
ADAUSDC,RSI,15m,"{""window"": 10, ""buy_threshold"": 30, ""sell_threshold"": 80}",atr,"{""atr_window"": 14, ""sl_mult"": 1.0, ""tp_mult"": 2.0}",502,30.28,-80.38,-80.43,-10.21,0.451,0.845,-0.826
ADAUSDC,RSI,15m,"{""window"": 10, ""buy_threshold"": 30, ""sell_threshold"": 80}",atr,"{""atr_window"": 14, ""sl_mult"": 1.5, ""tp_mult"": 3.0}",384,24.74,-85.48,-85.58,-9.175,0.419,1.417,-1.122
ADAUSDC,RSI,15m,"{""window"": 10, ""buy_threshold"": 30, ""sell_threshold"": 80}",atr,"{""atr_window"": 14, ""sl_mult"": 2.0, ""tp_mult"": 4.0}",310,26.77,-80.7,-80.94,-6.758,0.497,1.914,-1.404
ADAUSDC,RSI,15m,"{""window"": 14, ""buy_threshold"": 20, ""sell_threshold"": 70}",flat,"{""sl_pct"": 2.0, ""tp_pct"": 4.0}",33,27.27,-20.62,-32.46,-2.017,0.558,3.688,-2.294
ADAUSDC,RSI,15m,"{""window"": 14, ""buy_threshold"": 20, ""sell_threshold"": 70}",flat,"{""sl_pct"": 1.0, ""tp_pct"": 2.0}",40,32.5,-12.53,-19.05,-2.033,0.616,1.694,-1.297
ADAUSDC,RSI,15m,"{""window"": 14, ""buy_threshold"": 20, ""sell_threshold"": 70}",flat,"{""sl_pct"": 3.0, ""tp_pct"": 6.0}",28,28.57,-20.31,-33.17,-1.507,0.628,5.682,-3.291
ADAUSDC,RSI,15m,"{""window"": 14, ""buy_threshold"": 20, ""sell_threshold"": 70}",atr,"{""atr_window"": 14, ""sl_mult"": 1.0, ""tp_mult"": 2.0}",45,37.78,-9.73,-17.31,-2.39,0.604,0.978,-0.951
ADAUSDC,RSI,15m,"{""window"": 14, ""buy_threshold"": 20, ""sell_threshold"": 70}",atr,"{""atr_window"": 14, ""sl_mult"": 1.5, ""tp_mult"": 3.0}",40,35.0,-11.16,-17.88,-1.907,0.631,1.517,-1.254
ADAUSDC,RSI,15m,"{""window"": 14, ""buy_threshold"": 20, ""sell_threshold"": 70}",atr,"{""atr_window"": 14, ""sl_mult"": 2.0, ""tp_mult"": 4.0}",39,35.9,-7.95,-20.42,-1.015,0.781,2.248,-1.558
ADAUSDC,RSI,15m,"{""window"": 14, ""buy_threshold"": 20, ""sell_threshold"": 80}",flat,"{""sl_pct"": 2.0, ""tp_pct"": 4.0}",33,27.27,-20.62,-32.46,-2.017,0.558,3.688,-2.294
ADAUSDC,RSI,15m,"{""window"": 14, ""buy_threshold"": 20, ""sell_threshold"": 80}",flat,"{""sl_pct"": 1.0, ""tp_pct"": 2.0}",40,32.5,-12.53,-19.05,-2.033,0.616,1.694,-1.297
ADAUSDC,RSI,15m,"{""window"": 14, ""buy_threshold"": 20, ""sell_threshold"": 80}",flat,"{""sl_pct"": 3.0, ""tp_pct"": 6.0}",28,28.57,-20.31,-33.17,-1.507,0.628,5.682,-3.291
ADAUSDC,RSI,15m,"{""window"": 14, ""buy_threshold"": 20, ""sell_threshold"": 80}",atr,"{""atr_window"": 14, ""sl_mult"": 1.0, ""tp_mult"": 2.0}",45,37.78,-9.73,-17.31,-2.39,0.604,0.978,-0.951
ADAUSDC,RSI,15m,"{""window"": 14, ""buy_threshold"": 20, ""sell_threshold"": 80}",atr,"{""atr_window"": 14, ""sl_mult"": 1.5, ""tp_mult"": 3.0}",40,35.0,-11.16,-17.88,-1.907,0.631,1.517,-1.254
ADAUSDC,RSI,15m,"{""window"": 14, ""buy_threshold"": 20, ""sell_threshold"": 80}",atr,"{""atr_window"": 14, ""sl_mult"": 2.0, ""tp_mult"": 4.0}",39,35.9,-7.95,-20.42,-1.015,0.781,2.248,-1.558
ADAUSDC,RSI,15m,"{""window"": 14, ""buy_threshold"": 30, ""sell_threshold"": 70}",flat,"{""sl_pct"": 2.0, ""tp_pct"": 4.0}",143,29.37,-57.2,-61.31,-3.324,0.63,3.624,-2.294
ADAUSDC,RSI,15m,"{""window"": 14, ""buy_threshold"": 30, ""sell_threshold"": 70}",flat,"{""sl_pct"": 1.0, ""tp_pct"": 2.0}",221,28.96,-62.23,-64.38,-5.589,0.529,1.694,-1.297
ADAUSDC,RSI,15m,"{""window"": 14, ""buy_threshold"": 30, ""sell_threshold"": 70}",flat,"{""sl_pct"": 3.0, ""tp_pct"": 6.0}",92,31.52,-42.66,-48.61,-1.701,0.722,5.501,-3.291
ADAUSDC,RSI,15m,"{""window"": 14, ""buy_threshold"": 30, ""sell_threshold"": 70}",atr,"{""atr_window"": 14, ""sl_mult"": 1.0, ""tp_mult"": 2.0}",320,31.25,-64.7,-65.6,-8.066,0.44,0.854,-0.855
ADAUSDC,RSI,15m,"{""window"": 14, ""buy_threshold"": 30, ""sell_threshold"": 70}",atr,"{""atr_window"": 14, ""sl_mult"": 1.5, ""tp_mult"": 3.0}",255,26.27,-70.53,-70.75,-6.77,0.446,1.443,-1.151
ADAUSDC,RSI,15m,"{""window"": 14, ""buy_threshold"": 30, ""sell_threshold"": 70}",atr,"{""atr_window"": 14, ""sl_mult"": 2.0, ""tp_mult"": 4.0}",203,29.06,-59.6,-60.83,-4.24,0.58,2.02,-1.434
ADAUSDC,RSI,15m,"{""window"": 14, ""buy_threshold"": 30, ""sell_threshold"": 80}",flat,"{""sl_pct"": 2.0, ""tp_pct"": 4.0}",143,29.37,-57.2,-61.31,-3.324,0.63,3.624,-2.294
ADAUSDC,RSI,15m,"{""window"": 14, ""buy_threshold"": 30, ""sell_threshold"": 80}",flat,"{""sl_pct"": 1.0, ""tp_pct"": 2.0}",221,28.96,-62.23,-64.38,-5.589,0.529,1.694,-1.297
ADAUSDC,RSI,15m,"{""window"": 14, ""buy_threshold"": 30, ""sell_threshold"": 80}",flat,"{""sl_pct"": 3.0, ""tp_pct"": 6.0}",92,31.52,-42.66,-48.61,-1.701,0.722,5.501,-3.291
ADAUSDC,RSI,15m,"{""window"": 14, ""buy_threshold"": 30, ""sell_threshold"": 80}",atr,"{""atr_window"": 14, ""sl_mult"": 1.0, ""tp_mult"": 2.0}",320,31.25,-64.7,-65.6,-8.066,0.44,0.854,-0.855
ADAUSDC,RSI,15m,"{""window"": 14, ""buy_threshold"": 30, ""sell_threshold"": 80}",atr,"{""atr_window"": 14, ""sl_mult"": 1.5, ""tp_mult"": 3.0}",255,26.27,-70.53,-70.75,-6.77,0.446,1.443,-1.151
ADAUSDC,RSI,15m,"{""window"": 14, ""buy_threshold"": 30, ""sell_threshold"": 80}",atr,"{""atr_window"": 14, ""sl_mult"": 2.0, ""tp_mult"": 4.0}",203,29.06,-59.6,-60.83,-4.24,0.58,2.02,-1.434
ADAUSDC,EMA,15m,"{""short_span"": 5, ""long_span"": 20}",flat,"{""sl_pct"": 2.0, ""tp_pct"": 4.0}",190,27.89,-72.47,-73.14,-4.435,0.582,3.629,-2.294
ADAUSDC,EMA,15m,"{""short_span"": 5, ""long_span"": 20}",flat,"{""sl_pct"": 1.0, ""tp_pct"": 2.0}",332,30.12,-74.01,-74.58,-7.319,0.539,1.694,-1.297
ADAUSDC,EMA,15m,"{""short_span"": 5, ""long_span"": 20}",flat,"{""sl_pct"": 3.0, ""tp_pct"": 6.0}",111,26.13,-69.6,-70.42,-3.707,0.556,5.506,-3.291
ADAUSDC,EMA,15m,"{""short_span"": 5, ""long_span"": 20}",atr,"{""atr_window"": 14, ""sl_mult"": 1.0, ""tp_mult"": 2.0}",498,33.33,-79.02,-79.16,-12.247,0.424,0.689,-0.809
ADAUSDC,EMA,15m,"{""short_span"": 5, ""long_span"": 20}",atr,"{""atr_window"": 14, ""sl_mult"": 1.5, ""tp_mult"": 3.0}",421,31.35,-79.99,-80.16,-8.125,0.477,1.174,-1.082
ADAUSDC,EMA,15m,"{""short_span"": 5, ""long_span"": 20}",atr,"{""atr_window"": 14, ""sl_mult"": 2.0, ""tp_mult"": 4.0}",342,30.12,-79.39,-79.62,-6.822,0.536,1.679,-1.365
ADAUSDC,EMA,15m,"{""short_span"": 9, ""long_span"": 21}",flat,"{""sl_pct"": 2.0, ""tp_pct"": 4.0}",155,30.32,-56.63,-59.38,-3.052,0.649,3.619,-2.294
ADAUSDC,EMA,15m,"{""short_span"": 9, ""long_span"": 21}",flat,"{""sl_pct"": 1.0, ""tp_pct"": 2.0}",268,31.72,-61.71,-62.52,-5.06,0.585,1.694,-1.297
ADAUSDC,EMA,15m,"{""short_span"": 9, ""long_span"": 21}",flat,"{""sl_pct"": 3.0, ""tp_pct"": 6.0}",99,29.29,-54.63,-55.68,-2.476,0.642,5.501,-3.291
ADAUSDC,EMA,15m,"{""short_span"": 9, ""long_span"": 21}",atr,"{""atr_window"": 14, ""sl_mult"": 1.0, ""tp_mult"": 2.0}",364,36.81,-61.86,-62.07,-8.678,0.467,0.675,-0.807
ADAUSDC,EMA,15m,"{""short_span"": 9, ""long_span"": 21}",atr,"{""atr_window"": 14, ""sl_mult"": 1.5, ""tp_mult"": 3.0}",328,32.62,-69.78,-70.02,-6.815,0.485,1.139,-1.082
ADAUSDC,EMA,15m,"{""short_span"": 9, ""long_span"": 21}",atr,"{""atr_window"": 14, ""sl_mult"": 2.0, ""tp_mult"": 4.0}",280,32.14,-66.77,-67.09,-5.062,0.567,1.671,-1.352
ADAUSDC,EMA,15m,"{""short_span"": 12, ""long_span"": 26}",flat,"{""sl_pct"": 2.0, ""tp_pct"": 4.0}",140,30.0,-54.45,-55.75,-3.171,0.641,3.607,-2.294
ADAUSDC,EMA,15m,"{""short_span"": 12, ""long_span"": 26}",flat,"{""sl_pct"": 1.0, ""tp_pct"": 2.0}",236,32.63,-54.21,-55.06,-4.63,0.616,1.694,-1.297
ADAUSDC,EMA,15m,"{""short_span"": 12, ""long_span"": 26}",flat,"{""sl_pct"": 3.0, ""tp_pct"": 6.0}",89,30.34,-47.01,-49.77,-2.068,0.675,5.481,-3.291
ADAUSDC,EMA,15m,"{""short_span"": 12, ""long_span"": 26}",atr,"{""atr_window"": 14, ""sl_mult"": 1.0, ""tp_mult"": 2.0}",293,32.08,-60.51,-60.64,-9.242,0.394,0.684,-0.785
ADAUSDC,EMA,15m,"{""short_span"": 12, ""long_span"": 26}",atr,"{""atr_window"": 14, ""sl_mult"": 1.5, ""tp_mult"": 3.0}",277,32.85,-59.59,-59.8,-5.775,0.527,1.155,-1.042
ADAUSDC,EMA,15m,"{""short_span"": 12, ""long_span"": 26}",atr,"{""atr_window"": 14, ""sl_mult"": 2.0, ""tp_mult"": 4.0}",240,32.5,-55.82,-56.14,-4.534,0.618,1.66,-1.285
ADAUSDC,EMA,15m,"{""short_span"": 5, ""long_span"": 13}",flat,"{""sl_pct"": 2.0, ""tp_pct"": 4.0}",209,27.75,-76.14,-77.36,-4.497,0.563,3.635,-2.294
ADAUSDC,EMA,15m,"{""short_span"": 5, ""long_span"": 13}",flat,"{""sl_pct"": 1.0, ""tp_pct"": 2.0}",393,30.28,-79.33,-79.81,-7.172,0.54,1.694,-1.297
ADAUSDC,EMA,15m,"{""short_span"": 5, ""long_span"": 13}",flat,"{""sl_pct"": 3.0, ""tp_pct"": 6.0}",120,24.17,-77.49,-78.75,-4.307,0.49,5.508,-3.291
ADAUSDC,EMA,15m,"{""short_span"": 5, ""long_span"": 13}",atr,"{""atr_window"": 14, ""sl_mult"": 1.0, ""tp_mult"": 2.0}",632,31.8,-88.16,-88.23,-12.845,0.391,0.696,-0.814
ADAUSDC,EMA,15m,"{""short_span"": 5, ""long_span"": 13}",atr,"{""atr_window"": 14, ""sl_mult"": 1.5, ""tp_mult"": 3.0}",512,31.05,-86.05,-86.2,-8.462,0.493,1.2,-1.087
ADAUSDC,EMA,15m,"{""short_span"": 5, ""long_span"": 13}",atr,"{""atr_window"": 14, ""sl_mult"": 2.0, ""tp_mult"": 4.0}",392,30.36,-82.76,-82.99,-6.754,0.534,1.769,-1.395
ADAUSDC,MACD,15m,"{""fast"": 12, ""slow"": 26, ""signal"": 9}",flat,"{""sl_pct"": 2.0, ""tp_pct"": 4.0}",220,28.18,-76.67,-77.33,-4.439,0.594,3.631,-2.294
ADAUSDC,MACD,15m,"{""fast"": 12, ""slow"": 26, ""signal"": 9}",flat,"{""sl_pct"": 1.0, ""tp_pct"": 2.0}",433,28.87,-85.33,-85.67,-7.969,0.511,1.694,-1.297
ADAUSDC,MACD,15m,"{""fast"": 12, ""slow"": 26, ""signal"": 9}",flat,"{""sl_pct"": 3.0, ""tp_pct"": 6.0}",123,26.02,-73.56,-75.44,-3.795,0.536,5.509,-3.291
ADAUSDC,MACD,15m,"{""fast"": 12, ""slow"": 26, ""signal"": 9}",atr,"{""atr_window"": 14, ""sl_mult"": 1.0, ""tp_mult"": 2.0}",654,30.28,-89.66,-89.7,-13.247,0.405,0.731,-0.81
ADAUSDC,MACD,15m,"{""fast"": 12, ""slow"": 26, ""signal"": 9}",atr,"{""atr_window"": 14, ""sl_mult"": 1.5, ""tp_mult"": 3.0}",538,29.0,-89.68,-89.79,-9.528,0.45,1.236,-1.088
ADAUSDC,MACD,15m,"{""fast"": 12, ""slow"": 26, ""signal"": 9}",atr,"{""atr_window"": 14, ""sl_mult"": 2.0, ""tp_mult"": 4.0}",427,29.98,-85.14,-85.34,-6.998,0.541,1.811,-1.392
ADAUSDC,MACD,15m,"{""fast"": 5, ""slow"": 35, ""signal"": 5}",flat,"{""sl_pct"": 2.0, ""tp_pct"": 4.0}",249,28.11,-80.54,-80.98,-4.545,0.56,3.661,-2.294
ADAUSDC,MACD,15m,"{""fast"": 5, ""slow"": 35, ""signal"": 5}",flat,"{""sl_pct"": 1.0, ""tp_pct"": 2.0}",574,30.14,-90.14,-90.33,-8.739,0.519,1.694,-1.294
ADAUSDC,MACD,15m,"{""fast"": 5, ""slow"": 35, ""signal"": 5}",flat,"{""sl_pct"": 3.0, ""tp_pct"": 6.0}",129,27.91,-69.19,-74.25,-3.06,0.581,5.525,-3.291
ADAUSDC,MACD,15m,"{""fast"": 5, ""slow"": 35, ""signal"": 5}",atr,"{""atr_window"": 14, ""sl_mult"": 1.0, ""tp_mult"": 2.0}",1023,31.48,-97.12,-97.15,-15.209,0.391,0.721,-0.832
ADAUSDC,MACD,15m,"{""fast"": 5, ""slow"": 35, ""signal"": 5}",atr,"{""atr_window"": 14, ""sl_mult"": 1.5, ""tp_mult"": 3.0}",735,30.88,-94.19,-94.3,-9.383,0.472,1.289,-1.124
ADAUSDC,MACD,15m,"{""fast"": 5, ""slow"": 35, ""signal"": 5}",atr,"{""atr_window"": 14, ""sl_mult"": 2.0, ""tp_mult"": 4.0}",509,31.63,-85.52,-85.74,-6.256,0.602,1.898,-1.411
ADAUSDC,MACD,15m,"{""fast"": 8, ""slow"": 21, ""signal"": 5}",flat,"{""sl_pct"": 2.0, ""tp_pct"": 4.0}",240,27.92,-79.94,-80.39,-4.487,0.562,3.659,-2.294
ADAUSDC,MACD,15m,"{""fast"": 8, ""slow"": 21, ""signal"": 5}",flat,"{""sl_pct"": 1.0, ""tp_pct"": 2.0}",557,29.44,-90.62,-90.77,-9.001,0.494,1.694,-1.295
ADAUSDC,MACD,15m,"{""fast"": 8, ""slow"": 21, ""signal"": 5}",flat,"{""sl_pct"": 3.0, ""tp_pct"": 6.0}",126,26.98,-69.13,-71.23,-3.175,0.593,5.682,-3.265
ADAUSDC,MACD,15m,"{""fast"": 8, ""slow"": 21, ""signal"": 5}",atr,"{""atr_window"": 14, ""sl_mult"": 1.0, ""tp_mult"": 2.0}",939,31.74,-95.72,-95.74,-14.768,0.417,0.733,-0.827
ADAUSDC,MACD,15m,"{""fast"": 8, ""slow"": 21, ""signal"": 5}",atr,"{""atr_window"": 14, ""sl_mult"": 1.5, ""tp_mult"": 3.0}",701,31.24,-93.04,-93.07,-9.284,0.489,1.274,-1.12
ADAUSDC,MACD,15m,"{""fast"": 8, ""slow"": 21, ""signal"": 5}",atr,"{""atr_window"": 14, ""sl_mult"": 2.0, ""tp_mult"": 4.0}",499,31.26,-87.3,-87.37,-6.832,0.57,1.837,-1.416
ADAUSDC,MACD,15m,"{""fast"": 12, ""slow"": 26, ""signal"": 5}",flat,"{""sl_pct"": 2.0, ""tp_pct"": 4.0}",225,28.0,-77.96,-78.51,-4.58,0.595,3.631,-2.294
ADAUSDC,MACD,15m,"{""fast"": 12, ""slow"": 26, ""signal"": 5}",flat,"{""sl_pct"": 1.0, ""tp_pct"": 2.0}",498,29.52,-87.88,-88.14,-8.167,0.497,1.694,-1.297
ADAUSDC,MACD,15m,"{""fast"": 12, ""slow"": 26, ""signal"": 5}",flat,"{""sl_pct"": 3.0, ""tp_pct"": 6.0}",124,26.61,-71.57,-73.81,-3.528,0.543,5.567,-3.291
ADAUSDC,MACD,15m,"{""fast"": 12, ""slow"": 26, ""signal"": 5}",atr,"{""atr_window"": 14, ""sl_mult"": 1.0, ""tp_mult"": 2.0}",809,30.9,-93.97,-94.0,-13.556,0.413,0.719,-0.819
ADAUSDC,MACD,15m,"{""fast"": 12, ""slow"": 26, ""signal"": 5}",atr,"{""atr_window"": 14, ""sl_mult"": 1.5, ""tp_mult"": 3.0}",619,31.02,-90.38,-90.46,-8.909,0.493,1.254,-1.101
ADAUSDC,MACD,15m,"{""fast"": 12, ""slow"": 26, ""signal"": 5}",atr,"{""atr_window"": 14, ""sl_mult"": 2.0, ""tp_mult"": 4.0}",466,31.97,-83.19,-83.37,-6.31,0.61,1.801,-1.388
ADAUSDC,BOLL,15m,"{""window"": 14, ""window_dev"": 1.5}",flat,"{""sl_pct"": 2.0, ""tp_pct"": 4.0}",242,30.58,-70.95,-73.91,-3.551,0.621,3.663,-2.294
ADAUSDC,BOLL,15m,"{""window"": 14, ""window_dev"": 1.5}",flat,"{""sl_pct"": 1.0, ""tp_pct"": 2.0}",542,30.26,-88.67,-88.95,-8.48,0.542,1.694,-1.297
ADAUSDC,BOLL,15m,"{""window"": 14, ""window_dev"": 1.5}",flat,"{""sl_pct"": 3.0, ""tp_pct"": 6.0}",135,28.89,-66.88,-69.78,-2.931,0.601,5.554,-3.291
ADAUSDC,BOLL,15m,"{""window"": 14, ""window_dev"": 1.5}",atr,"{""atr_window"": 14, ""sl_mult"": 1.0, ""tp_mult"": 2.0}",994,29.48,-97.11,-97.11,-15.614,0.384,0.765,-0.82
ADAUSDC,BOLL,15m,"{""window"": 14, ""window_dev"": 1.5}",atr,"{""atr_window"": 14, ""sl_mult"": 1.5, ""tp_mult"": 3.0}",688,30.09,-93.46,-93.49,-9.714,0.473,1.282,-1.107
ADAUSDC,BOLL,15m,"{""window"": 14, ""window_dev"": 1.5}",atr,"{""atr_window"": 14, ""sl_mult"": 2.0, ""tp_mult"": 4.0}",484,30.37,-86.7,-86.8,-6.649,0.579,1.965,-1.433
ADAUSDC,BOLL,15m,"{""window"": 14, ""window_dev"": 2}",flat,"{""sl_pct"": 2.0, ""tp_pct"": 4.0}",191,27.23,-74.54,-75.1,-4.627,0.56,3.636,-2.294
ADAUSDC,BOLL,15m,"{""window"": 14, ""window_dev"": 2}",flat,"{""sl_pct"": 1.0, ""tp_pct"": 2.0}",358,30.17,-76.49,-76.57,-7.172,0.58,1.694,-1.297
ADAUSDC,BOLL,15m,"{""window"": 14, ""window_dev"": 2}",flat,"{""sl_pct"": 3.0, ""tp_pct"": 6.0}",117,29.06,-61.07,-63.91,-2.776,0.62,5.544,-3.291
ADAUSDC,BOLL,15m,"{""window"": 14, ""window_dev"": 2}",atr,"{""atr_window"": 14, ""sl_mult"": 1.0, ""tp_mult"": 2.0}",533,30.02,-85.06,-85.25,-13.032,0.416,0.723,-0.815
ADAUSDC,BOLL,15m,"{""window"": 14, ""window_dev"": 2}",atr,"{""atr_window"": 14, ""sl_mult"": 1.5, ""tp_mult"": 3.0}",448,30.36,-83.63,-83.76,-8.804,0.521,1.214,-1.098
ADAUSDC,BOLL,15m,"{""window"": 14, ""window_dev"": 2}",atr,"{""atr_window"": 14, ""sl_mult"": 2.0, ""tp_mult"": 4.0}",347,30.84,-77.75,-77.82,-6.095,0.562,1.786,-1.402
ADAUSDC,BOLL,15m,"{""window"": 14, ""window_dev"": 2.5}",flat,"{""sl_pct"": 2.0, ""tp_pct"": 4.0}",110,28.18,-52.13,-57.73,-3.474,0.583,3.601,-2.294
ADAUSDC,BOLL,15m,"{""window"": 14, ""window_dev"": 2.5}",flat,"{""sl_pct"": 1.0, ""tp_pct"": 2.0}",162,32.72,-41.25,-42.71,-3.971,0.626,1.694,-1.297
ADAUSDC,BOLL,15m,"{""window"": 14, ""window_dev"": 2.5}",flat,"{""sl_pct"": 3.0, ""tp_pct"": 6.0}",84,30.95,-42.25,-50.36,-1.868,0.68,5.502,-3.291
ADAUSDC,BOLL,15m,"{""window"": 14, ""window_dev"": 2.5}",atr,"{""atr_window"": 14, ""sl_mult"": 1.0, ""tp_mult"": 2.0}",193,30.57,-51.84,-52.75,-9.125,0.36,0.675,-0.837
ADAUSDC,BOLL,15m,"{""window"": 14, ""window_dev"": 2.5}",atr,"{""atr_window"": 14, ""sl_mult"": 1.5, ""tp_mult"": 3.0}",180,30.56,-51.97,-53.13,-6.319,0.46,1.203,-1.105
ADAUSDC,BOLL,15m,"{""window"": 14, ""window_dev"": 2.5}",atr,"{""atr_window"": 14, ""sl_mult"": 2.0, ""tp_mult"": 4.0}",162,33.95,-36.48,-38.26,-2.722,0.695,1.858,-1.355
ADAUSDC,BOLL,15m,"{""window"": 20, ""window_dev"": 1.5}",flat,"{""sl_pct"": 2.0, ""tp_pct"": 4.0}",236,27.54,-80.48,-80.85,-4.792,0.547,3.656,-2.294
ADAUSDC,BOLL,15m,"{""window"": 20, ""window_dev"": 1.5}",flat,"{""sl_pct"": 1.0, ""tp_pct"": 2.0}",522,29.31,-89.4,-89.67,-8.035,0.519,1.694,-1.297
ADAUSDC,BOLL,15m,"{""window"": 20, ""window_dev"": 1.5}",flat,"{""sl_pct"": 3.0, ""tp_pct"": 6.0}",126,26.19,-73.64,-74.27,-3.698,0.537,5.54,-3.291
ADAUSDC,BOLL,15m,"{""window"": 20, ""window_dev"": 1.5}",atr,"{""atr_window"": 14, ""sl_mult"": 1.0, ""tp_mult"": 2.0}",945,29.21,-96.72,-96.73,-14.524,0.418,0.777,-0.826
ADAUSDC,BOLL,15m,"{""window"": 20, ""window_dev"": 1.5}",atr,"{""atr_window"": 14, ""sl_mult"": 1.5, ""tp_mult"": 3.0}",655,28.7,-94.12,-94.15,-10.347,0.453,1.292,-1.115
ADAUSDC,BOLL,15m,"{""window"": 20, ""window_dev"": 1.5}",atr,"{""atr_window"": 14, ""sl_mult"": 2.0, ""tp_mult"": 4.0}",475,29.89,-87.6,-87.69,-6.944,0.544,1.921,-1.424
ADAUSDC,BOLL,15m,"{""window"": 20, ""window_dev"": 2}",flat,"{""sl_pct"": 2.0, ""tp_pct"": 4.0}",191,26.7,-76.21,-76.74,-4.94,0.52,3.619,-2.294
ADAUSDC,BOLL,15m,"{""window"": 20, ""window_dev"": 2}",flat,"{""sl_pct"": 1.0, ""tp_pct"": 2.0}",353,30.31,-75.65,-75.72,-6.213,0.557,1.694,-1.297
ADAUSDC,BOLL,15m,"{""window"": 20, ""window_dev"": 2}",flat,"{""sl_pct"": 3.0, ""tp_pct"": 6.0}",115,27.83,-65.15,-65.91,-3.107,0.584,5.536,-3.291
ADAUSDC,BOLL,15m,"{""window"": 20, ""window_dev"": 2}",atr,"{""atr_window"": 14, ""sl_mult"": 1.0, ""tp_mult"": 2.0}",544,30.15,-85.94,-86.15,-11.919,0.394,0.726,-0.824
ADAUSDC,BOLL,15m,"{""window"": 20, ""window_dev"": 2}",atr,"{""atr_window"": 14, ""sl_mult"": 1.5, ""tp_mult"": 3.0}",430,29.3,-84.3,-84.43,-9.093,0.466,1.24,-1.112
ADAUSDC,BOLL,15m,"{""window"": 20, ""window_dev"": 2}",atr,"{""atr_window"": 14, ""sl_mult"": 2.0, ""tp_mult"": 4.0}",340,31.18,-76.32,-76.57,-5.68,0.57,1.798,-1.409
ADAUSDC,BOLL,15m,"{""window"": 20, ""window_dev"": 2.5}",flat,"{""sl_pct"": 2.0, ""tp_pct"": 4.0}",118,25.42,-62.53,-64.95,-4.305,0.492,3.598,-2.294
ADAUSDC,BOLL,15m,"{""window"": 20, ""window_dev"": 2.5}",flat,"{""sl_pct"": 1.0, ""tp_pct"": 2.0}",193,32.64,-47.16,-48.5,-4.396,0.618,1.694,-1.297
ADAUSDC,BOLL,15m,"{""window"": 20, ""window_dev"": 2.5}",flat,"{""sl_pct"": 3.0, ""tp_pct"": 6.0}",85,29.41,-48.9,-51.69,-2.35,0.663,5.495,-3.291
ADAUSDC,BOLL,15m,"{""window"": 20, ""window_dev"": 2.5}",atr,"{""atr_window"": 14, ""sl_mult"": 1.0, ""tp_mult"": 2.0}",237,31.22,-55.56,-56.37,-8.553,0.409,0.718,-0.818
ADAUSDC,BOLL,15m,"{""window"": 20, ""window_dev"": 2.5}",atr,"{""atr_window"": 14, ""sl_mult"": 1.5, ""tp_mult"": 3.0}",219,29.68,-57.99,-58.73,-6.476,0.489,1.255,-1.081
ADAUSDC,BOLL,15m,"{""window"": 20, ""window_dev"": 2.5}",atr,"{""atr_window"": 14, ""sl_mult"": 2.0, ""tp_mult"": 4.0}",197,29.95,-57.96,-58.87,-4.896,0.54,1.698,-1.334
ADAUSDC,MOM,15m,"{""window"": 5, ""buy_threshold"": 2, ""sell_threshold"": -2}",flat,"{""sl_pct"": 2.0, ""tp_pct"": 4.0}",116,30.17,-45.76,-47.57,-2.734,0.682,3.688,-2.294
ADAUSDC,MOM,15m,"{""window"": 5, ""buy_threshold"": 2, ""sell_threshold"": -2}",flat,"{""sl_pct"": 1.0, ""tp_pct"": 2.0}",160,30.63,-46.49,-47.78,-3.935,0.582,1.694,-1.297
ADAUSDC,MOM,15m,"{""window"": 5, ""buy_threshold"": 2, ""sell_threshold"": -2}",flat,"{""sl_pct"": 3.0, ""tp_pct"": 6.0}",83,25.3,-59.9,-63.45,-3.072,0.551,5.682,-3.291
ADAUSDC,MOM,15m,"{""window"": 5, ""buy_threshold"": 2, ""sell_threshold"": -2}",atr,"{""atr_window"": 14, ""sl_mult"": 1.0, ""tp_mult"": 2.0}",167,29.34,-50.6,-52.05,-5.237,0.501,1.296,-1.125
ADAUSDC,MOM,15m,"{""window"": 5, ""buy_threshold"": 2, ""sell_threshold"": -2}",atr,"{""atr_window"": 14, ""sl_mult"": 1.5, ""tp_mult"": 3.0}",145,31.72,-45.63,-46.91,-3.308,0.608,2.064,-1.549
ADAUSDC,MOM,15m,"{""window"": 5, ""buy_threshold"": 2, ""sell_threshold"": -2}",atr,"{""atr_window"": 14, ""sl_mult"": 2.0, ""tp_mult"": 4.0}",124,28.23,-52.9,-53.15,-3.569,0.571,2.902,-1.945
ADAUSDC,MOM,15m,"{""window"": 5, ""buy_threshold"": 3, ""sell_threshold"": -3}",flat,"{""sl_pct"": 2.0, ""tp_pct"": 4.0}",40,30.0,-19.35,-28.76,-1.547,0.68,3.688,-2.294
ADAUSDC,MOM,15m,"{""window"": 5, ""buy_threshold"": 3, ""sell_threshold"": -3}",flat,"{""sl_pct"": 1.0, ""tp_pct"": 2.0}",49,30.61,-17.44,-21.26,-2.551,0.565,1.694,-1.297
ADAUSDC,MOM,15m,"{""window"": 5, ""buy_threshold"": 3, ""sell_threshold"": -3}",flat,"{""sl_pct"": 3.0, ""tp_pct"": 6.0}",36,27.78,-27.19,-37.96,-1.671,0.63,5.682,-3.291
ADAUSDC,MOM,15m,"{""window"": 5, ""buy_threshold"": 3, ""sell_threshold"": -3}",atr,"{""atr_window"": 14, ""sl_mult"": 1.0, ""tp_mult"": 2.0}",52,36.54,-11.32,-19.75,-1.27,0.724,1.571,-1.251
ADAUSDC,MOM,15m,"{""window"": 5, ""buy_threshold"": 3, ""sell_threshold"": -3}",atr,"{""atr_window"": 14, ""sl_mult"": 1.5, ""tp_mult"": 3.0}",43,32.56,-14.22,-20.71,-1.231,0.708,2.569,-1.732
ADAUSDC,MOM,15m,"{""window"": 5, ""buy_threshold"": 3, ""sell_threshold"": -3}",atr,"{""atr_window"": 14, ""sl_mult"": 2.0, ""tp_mult"": 4.0}",41,34.15,-14.2,-25.25,-1.022,0.746,3.389,-2.256
ADAUSDC,MOM,15m,"{""window"": 5, ""buy_threshold"": 5, ""sell_threshold"": -5}",flat,"{""sl_pct"": 2.0, ""tp_pct"": 4.0}",5,40.0,0.28,-8.02,0.107,1.041,3.688,-2.294
ADAUSDC,MOM,15m,"{""window"": 5, ""buy_threshold"": 5, ""sell_threshold"": -5}",flat,"{""sl_pct"": 1.0, ""tp_pct"": 2.0}",6,33.33,-1.84,-5.18,-0.911,0.645,1.694,-1.297
ADAUSDC,MOM,15m,"{""window"": 5, ""buy_threshold"": 5, ""sell_threshold"": -5}",flat,"{""sl_pct"": 3.0, ""tp_pct"": 6.0}",5,20.0,-7.56,-13.74,-1.267,0.429,5.682,-3.291
ADAUSDC,MOM,15m,"{""window"": 5, ""buy_threshold"": 5, ""sell_threshold"": -5}",atr,"{""atr_window"": 14, ""sl_mult"": 1.0, ""tp_mult"": 2.0}",6,50.0,3.01,-3.5,0.763,1.605,2.626,-1.575
ADAUSDC,MOM,15m,"{""window"": 5, ""buy_threshold"": 5, ""sell_threshold"": -5}",atr,"{""atr_window"": 14, ""sl_mult"": 1.5, ""tp_mult"": 3.0}",5,40.0,3.69,-7.41,0.631,1.56,5.12,-2.075
ADAUSDC,MOM,15m,"{""window"": 5, ""buy_threshold"": 5, ""sell_threshold"": -5}",atr,"{""atr_window"": 14, ""sl_mult"": 2.0, ""tp_mult"": 4.0}",5,40.0,5.29,-9.08,0.687,1.613,6.927,-2.667
ADAUSDC,MOM,15m,"{""window"": 10, ""buy_threshold"": 2, ""sell_threshold"": -2}",flat,"{""sl_pct"": 2.0, ""tp_pct"": 4.0}",126,35.71,-22.08,-41.87,-0.888,0.872,3.688,-2.294
ADAUSDC,MOM,15m,"{""window"": 10, ""buy_threshold"": 2, ""sell_threshold"": -2}",flat,"{""sl_pct"": 1.0, ""tp_pct"": 2.0}",199,35.68,-37.96,-39.72,-3.023,0.719,1.694,-1.297
ADAUSDC,MOM,15m,"{""window"": 10, ""buy_threshold"": 2, ""sell_threshold"": -2}",flat,"{""sl_pct"": 3.0, ""tp_pct"": 6.0}",93,29.03,-51.13,-59.83,-2.189,0.694,5.682,-3.291
ADAUSDC,MOM,15m,"{""window"": 10, ""buy_threshold"": 2, ""sell_threshold"": -2}",atr,"{""atr_window"": 14, ""sl_mult"": 1.0, ""tp_mult"": 2.0}",241,36.1,-45.38,-50.94,-3.843,0.648,1.187,-1.053
ADAUSDC,MOM,15m,"{""window"": 10, ""buy_threshold"": 2, ""sell_threshold"": -2}",atr,"{""atr_window"": 14, ""sl_mult"": 1.5, ""tp_mult"": 3.0}",185,34.05,-43.91,-47.29,-3.055,0.689,1.856,-1.411
ADAUSDC,MOM,15m,"{""window"": 10, ""buy_threshold"": 2, ""sell_threshold"": -2}",atr,"{""atr_window"": 14, ""sl_mult"": 2.0, ""tp_mult"": 4.0}",155,32.9,-46.42,-50.57,-3.029,0.696,2.508,-1.793
ADAUSDC,MOM,15m,"{""window"": 10, ""buy_threshold"": 3, ""sell_threshold"": -3}",flat,"{""sl_pct"": 2.0, ""tp_pct"": 4.0}",66,25.76,-40.62,-47.4,-3.101,0.585,3.688,-2.294
ADAUSDC,MOM,15m,"{""window"": 10, ""buy_threshold"": 3, ""sell_threshold"": -3}",flat,"{""sl_pct"": 1.0, ""tp_pct"": 2.0}",90,34.44,-22.05,-26.97,-2.576,0.676,1.694,-1.297
ADAUSDC,MOM,15m,"{""window"": 10, ""buy_threshold"": 3, ""sell_threshold"": -3}",flat,"{""sl_pct"": 3.0, ""tp_pct"": 6.0}",51,25.49,-42.48,-50.47,-2.51,0.577,5.682,-3.291
ADAUSDC,MOM,15m,"{""window"": 10, ""buy_threshold"": 3, ""sell_threshold"": -3}",atr,"{""atr_window"": 14, ""sl_mult"": 1.0, ""tp_mult"": 2.0}",106,33.96,-29.75,-36.41,-3.013,0.597,1.341,-1.181
ADAUSDC,MOM,15m,"{""window"": 10, ""buy_threshold"": 3, ""sell_threshold"": -3}",atr,"{""atr_window"": 14, ""sl_mult"": 1.5, ""tp_mult"": 3.0}",79,37.97,-14.41,-23.29,-1.138,0.813,2.176,-1.619
ADAUSDC,MOM,15m,"{""window"": 10, ""buy_threshold"": 3, ""sell_threshold"": -3}",atr,"{""atr_window"": 14, ""sl_mult"": 2.0, ""tp_mult"": 4.0}",70,32.86,-23.51,-33.8,-1.64,0.74,3.13,-2.051
ADAUSDC,MOM,15m,"{""window"": 10, ""buy_threshold"": 5, ""sell_threshold"": -5}",flat,"{""sl_pct"": 2.0, ""tp_pct"": 4.0}",18,27.78,-11.36,-13.8,-1.861,0.605,3.688,-2.294
ADAUSDC,MOM,15m,"{""window"": 10, ""buy_threshold"": 5, ""sell_threshold"": -5}",flat,"{""sl_pct"": 1.0, ""tp_pct"": 2.0}",22,36.36,-4.71,-8.45,-0.956,0.731,1.694,-1.297
ADAUSDC,MOM,15m,"{""window"": 10, ""buy_threshold"": 5, ""sell_threshold"": -5}",flat,"{""sl_pct"": 3.0, ""tp_pct"": 6.0}",16,37.5,-0.3,-16.66,0.077,0.991,5.682,-3.291
ADAUSDC,MOM,15m,"{""window"": 10, ""buy_threshold"": 5, ""sell_threshold"": -5}",atr,"{""atr_window"": 14, ""sl_mult"": 1.0, ""tp_mult"": 2.0}",22,27.27,-9.05,-12.83,-2.131,0.55,1.924,-1.297
ADAUSDC,MOM,15m,"{""window"": 10, ""buy_threshold"": 5, ""sell_threshold"": -5}",atr,"{""atr_window"": 14, ""sl_mult"": 1.5, ""tp_mult"": 3.0}",17,35.29,-2.11,-11.97,-0.265,0.893,3.017,-1.791
ADAUSDC,MOM,15m,"{""window"": 10, ""buy_threshold"": 5, ""sell_threshold"": -5}",atr,"{""atr_window"": 14, ""sl_mult"": 2.0, ""tp_mult"": 4.0}",18,27.78,-9.87,-16.25,-1.181,0.675,4.212,-2.346
ADAUSDC,RSI,1h,"{""window"": 10, ""buy_threshold"": 20, ""sell_threshold"": 70}",flat,"{""sl_pct"": 2.0, ""tp_pct"": 4.0}",56,35.71,-12.83,-22.81,-0.519,0.826,3.553,-2.294
ADAUSDC,RSI,1h,"{""window"": 10, ""buy_threshold"": 20, ""sell_threshold"": 70}",flat,"{""sl_pct"": 1.0, ""tp_pct"": 2.0}",66,31.82,-20.9,-22.6,-1.766,0.598,1.694,-1.297
ADAUSDC,RSI,1h,"{""window"": 10, ""buy_threshold"": 20, ""sell_threshold"": 70}",flat,"{""sl_pct"": 3.0, ""tp_pct"": 6.0}",52,34.62,-17.16,-29.97,-0.454,0.822,5.421,-3.291
ADAUSDC,RSI,1h,"{""window"": 10, ""buy_threshold"": 20, ""sell_threshold"": 70}",atr,"{""atr_window"": 14, ""sl_mult"": 1.0, ""tp_mult"": 2.0}",61,31.15,-20.71,-33.96,-0.915,0.699,3.001,-1.849
ADAUSDC,RSI,1h,"{""window"": 10, ""buy_threshold"": 20, ""sell_threshold"": 70}",atr,"{""atr_window"": 14, ""sl_mult"": 1.5, ""tp_mult"": 3.0}",55,30.91,-42.03,-47.4,-1.557,0.468,3.387,-2.852
ADAUSDC,RSI,1h,"{""window"": 10, ""buy_threshold"": 20, ""sell_threshold"": 70}",atr,"{""atr_window"": 14, ""sl_mult"": 2.0, ""tp_mult"": 4.0}",49,28.57,-48.64,-56.29,-1.689,0.438,4.247,-3.471
ADAUSDC,RSI,1h,"{""window"": 10, ""buy_threshold"": 20, ""sell_threshold"": 80}",flat,"{""sl_pct"": 2.0, ""tp_pct"": 4.0}",56,35.71,-12.83,-22.81,-0.519,0.826,3.553,-2.294
ADAUSDC,RSI,1h,"{""window"": 10, ""buy_threshold"": 20, ""sell_threshold"": 80}",flat,"{""sl_pct"": 1.0, ""tp_pct"": 2.0}",66,31.82,-20.9,-22.6,-1.766,0.598,1.694,-1.297
ADAUSDC,RSI,1h,"{""window"": 10, ""buy_threshold"": 20, ""sell_threshold"": 80}",flat,"{""sl_pct"": 3.0, ""tp_pct"": 6.0}",52,34.62,-17.16,-29.97,-0.454,0.822,5.421,-3.291
ADAUSDC,RSI,1h,"{""window"": 10, ""buy_threshold"": 20, ""sell_threshold"": 80}",atr,"{""atr_window"": 14, ""sl_mult"": 1.0, ""tp_mult"": 2.0}",61,31.15,-20.71,-33.96,-0.915,0.699,3.001,-1.849
ADAUSDC,RSI,1h,"{""window"": 10, ""buy_threshold"": 20, ""sell_threshold"": 80}",atr,"{""atr_window"": 14, ""sl_mult"": 1.5, ""tp_mult"": 3.0}",55,30.91,-42.03,-47.4,-1.557,0.468,3.387,-2.852
ADAUSDC,RSI,1h,"{""window"": 10, ""buy_threshold"": 20, ""sell_threshold"": 80}",atr,"{""atr_window"": 14, ""sl_mult"": 2.0, ""tp_mult"": 4.0}",49,28.57,-48.64,-56.29,-1.689,0.438,4.247,-3.471
ADAUSDC,RSI,1h,"{""window"": 10, ""buy_threshold"": 30, ""sell_threshold"": 70}",flat,"{""sl_pct"": 2.0, ""tp_pct"": 4.0}",199,28.14,-72.93,-77.59,-2.942,0.594,3.657,-2.294
ADAUSDC,RSI,1h,"{""window"": 10, ""buy_threshold"": 30, ""sell_threshold"": 70}",flat,"{""sl_pct"": 1.0, ""tp_pct"": 2.0}",309,31.39,-67.92,-69.29,-3.917,0.623,1.694,-1.297
ADAUSDC,RSI,1h,"{""window"": 10, ""buy_threshold"": 30, ""sell_threshold"": 70}",flat,"{""sl_pct"": 3.0, ""tp_pct"": 6.0}",150,28.0,-74.01,-77.98,-2.322,0.613,5.547,-3.291
ADAUSDC,RSI,1h,"{""window"": 10, ""buy_threshold"": 30, ""sell_threshold"": 70}",atr,"{""atr_window"": 14, ""sl_mult"": 1.0, ""tp_mult"": 2.0}",275,27.64,-74.91,-75.79,-3.596,0.574,2.342,-1.56
ADAUSDC,RSI,1h,"{""window"": 10, ""buy_threshold"": 30, ""sell_threshold"": 70}",atr,"{""atr_window"": 14, ""sl_mult"": 1.5, ""tp_mult"": 3.0}",196,28.06,-76.64,-79.76,-2.948,0.582,3.256,-2.247
ADAUSDC,RSI,1h,"{""window"": 10, ""buy_threshold"": 30, ""sell_threshold"": 70}",atr,"{""atr_window"": 14, ""sl_mult"": 2.0, ""tp_mult"": 4.0}",157,27.39,-79.5,-83.87,-2.729,0.496,4.412,-2.956
ADAUSDC,RSI,1h,"{""window"": 10, ""buy_threshold"": 30, ""sell_threshold"": 80}",flat,"{""sl_pct"": 2.0, ""tp_pct"": 4.0}",199,28.14,-72.93,-77.59,-2.942,0.594,3.657,-2.294
ADAUSDC,RSI,1h,"{""window"": 10, ""buy_threshold"": 30, ""sell_threshold"": 80}",flat,"{""sl_pct"": 1.0, ""tp_pct"": 2.0}",309,31.39,-67.92,-69.29,-3.917,0.623,1.694,-1.297
ADAUSDC,RSI,1h,"{""window"": 10, ""buy_threshold"": 30, ""sell_threshold"": 80}",flat,"{""sl_pct"": 3.0, ""tp_pct"": 6.0}",150,28.0,-74.01,-77.98,-2.322,0.613,5.547,-3.291
ADAUSDC,RSI,1h,"{""window"": 10, ""buy_threshold"": 30, ""sell_threshold"": 80}",atr,"{""atr_window"": 14, ""sl_mult"": 1.0, ""tp_mult"": 2.0}",275,27.64,-74.91,-75.79,-3.596,0.574,2.342,-1.56
ADAUSDC,RSI,1h,"{""window"": 10, ""buy_threshold"": 30, ""sell_threshold"": 80}",atr,"{""atr_window"": 14, ""sl_mult"": 1.5, ""tp_mult"": 3.0}",196,28.06,-76.64,-79.76,-2.948,0.582,3.256,-2.247
ADAUSDC,RSI,1h,"{""window"": 10, ""buy_threshold"": 30, ""sell_threshold"": 80}",atr,"{""atr_window"": 14, ""sl_mult"": 2.0, ""tp_mult"": 4.0}",157,27.39,-79.5,-83.87,-2.729,0.496,4.412,-2.956
ADAUSDC,RSI,1h,"{""window"": 14, ""buy_threshold"": 20, ""sell_threshold"": 70}",flat,"{""sl_pct"": 2.0, ""tp_pct"": 4.0}",24,25.0,-18.15,-21.9,-1.398,0.498,3.688,-2.294
ADAUSDC,RSI,1h,"{""window"": 14, ""buy_threshold"": 20, ""sell_threshold"": 70}",flat,"{""sl_pct"": 1.0, ""tp_pct"": 2.0}",25,24.0,-13.68,-14.01,-1.801,0.401,1.694,-1.297
ADAUSDC,RSI,1h,"{""window"": 14, ""buy_threshold"": 20, ""sell_threshold"": 70}",flat,"{""sl_pct"": 3.0, ""tp_pct"": 6.0}",22,31.82,-10.86,-16.84,-0.529,0.76,5.682,-3.291
ADAUSDC,RSI,1h,"{""window"": 14, ""buy_threshold"": 20, ""sell_threshold"": 70}",atr,"{""atr_window"": 14, ""sl_mult"": 1.0, ""tp_mult"": 2.0}",23,30.43,-2.25,-13.93,-0.092,0.926,4.162,-1.866
ADAUSDC,RSI,1h,"{""window"": 14, ""buy_threshold"": 20, ""sell_threshold"": 70}",atr,"{""atr_window"": 14, ""sl_mult"": 1.5, ""tp_mult"": 3.0}",23,21.74,-32.33,-40.99,-1.45,0.295,3.793,-3.122
ADAUSDC,RSI,1h,"{""window"": 14, ""buy_threshold"": 20, ""sell_threshold"": 70}",atr,"{""atr_window"": 14, ""sl_mult"": 2.0, ""tp_mult"": 4.0}",22,22.73,-42.32,-49.17,-1.853,0.226,3.961,-4.229
ADAUSDC,RSI,1h,"{""window"": 14, ""buy_threshold"": 20, ""sell_threshold"": 80}",flat,"{""sl_pct"": 2.0, ""tp_pct"": 4.0}",24,25.0,-18.15,-21.9,-1.398,0.498,3.688,-2.294
ADAUSDC,RSI,1h,"{""window"": 14, ""buy_threshold"": 20, ""sell_threshold"": 80}",flat,"{""sl_pct"": 1.0, ""tp_pct"": 2.0}",25,24.0,-13.68,-14.01,-1.801,0.401,1.694,-1.297
ADAUSDC,RSI,1h,"{""window"": 14, ""buy_threshold"": 20, ""sell_threshold"": 80}",flat,"{""sl_pct"": 3.0, ""tp_pct"": 6.0}",22,31.82,-10.86,-16.84,-0.529,0.76,5.682,-3.291
ADAUSDC,RSI,1h,"{""window"": 14, ""buy_threshold"": 20, ""sell_threshold"": 80}",atr,"{""atr_window"": 14, ""sl_mult"": 1.0, ""tp_mult"": 2.0}",23,30.43,-2.25,-13.93,-0.092,0.926,4.162,-1.866
ADAUSDC,RSI,1h,"{""window"": 14, ""buy_threshold"": 20, ""sell_threshold"": 80}",atr,"{""atr_window"": 14, ""sl_mult"": 1.5, ""tp_mult"": 3.0}",23,21.74,-32.33,-40.99,-1.45,0.295,3.793,-3.122
ADAUSDC,RSI,1h,"{""window"": 14, ""buy_threshold"": 20, ""sell_threshold"": 80}",atr,"{""atr_window"": 14, ""sl_mult"": 2.0, ""tp_mult"": 4.0}",22,22.73,-42.32,-49.17,-1.853,0.226,3.961,-4.229
ADAUSDC,RSI,1h,"{""window"": 14, ""buy_threshold"": 30, ""sell_threshold"": 70}",flat,"{""sl_pct"": 2.0, ""tp_pct"": 4.0}",132,33.33,-38.31,-48.54,-1.247,0.783,3.607,-2.294
ADAUSDC,RSI,1h,"{""window"": 14, ""buy_threshold"": 30, ""sell_threshold"": 70}",flat,"{""sl_pct"": 1.0, ""tp_pct"": 2.0}",193,35.75,-36.8,-41.33,-1.771,0.724,1.694,-1.297
ADAUSDC,RSI,1h,"{""window"": 14, ""buy_threshold"": 30, ""sell_threshold"": 70}",flat,"{""sl_pct"": 3.0, ""tp_pct"": 6.0}",104,31.73,-45.43,-51.75,-1.203,0.758,5.514,-3.291
ADAUSDC,RSI,1h,"{""window"": 14, ""buy_threshold"": 30, ""sell_threshold"": 70}",atr,"{""atr_window"": 14, ""sl_mult"": 1.0, ""tp_mult"": 2.0}",166,32.53,-44.05,-56.39,-1.803,0.703,2.396,-1.636
ADAUSDC,RSI,1h,"{""window"": 14, ""buy_threshold"": 30, ""sell_threshold"": 70}",atr,"{""atr_window"": 14, ""sl_mult"": 1.5, ""tp_mult"": 3.0}",126,32.54,-51.18,-59.75,-1.632,0.654,3.357,-2.392
ADAUSDC,RSI,1h,"{""window"": 14, ""buy_threshold"": 30, ""sell_threshold"": 70}",atr,"{""atr_window"": 14, ""sl_mult"": 2.0, ""tp_mult"": 4.0}",107,28.04,-66.75,-69.47,-2.176,0.516,4.509,-3.072
ADAUSDC,RSI,1h,"{""window"": 14, ""buy_threshold"": 30, ""sell_threshold"": 80}",flat,"{""sl_pct"": 2.0, ""tp_pct"": 4.0}",132,33.33,-38.31,-48.54,-1.247,0.783,3.607,-2.294
ADAUSDC,RSI,1h,"{""window"": 14, ""buy_threshold"": 30, ""sell_threshold"": 80}",flat,"{""sl_pct"": 1.0, ""tp_pct"": 2.0}",193,35.75,-36.8,-41.33,-1.771,0.724,1.694,-1.297
ADAUSDC,RSI,1h,"{""window"": 14, ""buy_threshold"": 30, ""sell_threshold"": 80}",flat,"{""sl_pct"": 3.0, ""tp_pct"": 6.0}",104,31.73,-45.43,-51.75,-1.203,0.758,5.514,-3.291
ADAUSDC,RSI,1h,"{""window"": 14, ""buy_threshold"": 30, ""sell_threshold"": 80}",atr,"{""atr_window"": 14, ""sl_mult"": 1.0, ""tp_mult"": 2.0}",166,32.53,-44.05,-56.39,-1.803,0.703,2.396,-1.636
ADAUSDC,RSI,1h,"{""window"": 14, ""buy_threshold"": 30, ""sell_threshold"": 80}",atr,"{""atr_window"": 14, ""sl_mult"": 1.5, ""tp_mult"": 3.0}",126,32.54,-51.18,-59.75,-1.632,0.654,3.357,-2.392
ADAUSDC,RSI,1h,"{""window"": 14, ""buy_threshold"": 30, ""sell_threshold"": 80}",atr,"{""atr_window"": 14, ""sl_mult"": 2.0, ""tp_mult"": 4.0}",107,28.04,-66.75,-69.47,-2.176,0.516,4.509,-3.072
ADAUSDC,EMA,1h,"{""short_span"": 5, ""long_span"": 20}",flat,"{""sl_pct"": 2.0, ""tp_pct"": 4.0}",187,29.41,-66.92,-69.28,-2.756,0.627,3.623,-2.294
ADAUSDC,EMA,1h,"{""short_span"": 5, ""long_span"": 20}",flat,"{""sl_pct"": 1.0, ""tp_pct"": 2.0}",249,31.73,-59.64,-62.75,-3.792,0.604,1.674,-1.297
ADAUSDC,EMA,1h,"{""short_span"": 5, ""long_span"": 20}",flat,"{""sl_pct"": 3.0, ""tp_pct"": 6.0}",136,28.68,-68.17,-72.07,-2.219,0.622,5.538,-3.291
ADAUSDC,EMA,1h,"{""short_span"": 5, ""long_span"": 20}",atr,"{""atr_window"": 14, ""sl_mult"": 1.0, ""tp_mult"": 2.0}",244,30.33,-66.45,-69.65,-3.915,0.57,1.867,-1.435
ADAUSDC,EMA,1h,"{""short_span"": 5, ""long_span"": 20}",atr,"{""atr_window"": 14, ""sl_mult"": 1.5, ""tp_mult"": 3.0}",206,31.55,-61.49,-65.55,-2.406,0.647,3.019,-2.022
ADAUSDC,EMA,1h,"{""short_span"": 5, ""long_span"": 20}",atr,"{""atr_window"": 14, ""sl_mult"": 2.0, ""tp_mult"": 4.0}",165,27.88,-68.75,-73.02,-2.416,0.585,4.231,-2.538
ADAUSDC,EMA,1h,"{""short_span"": 9, ""long_span"": 21}",flat,"{""sl_pct"": 2.0, ""tp_pct"": 4.0}",148,28.38,-60.14,-64.06,-2.647,0.618,3.688,-2.276
ADAUSDC,EMA,1h,"{""short_span"": 9, ""long_span"": 21}",flat,"{""sl_pct"": 1.0, ""tp_pct"": 2.0}",183,36.61,-31.6,-40.39,-1.816,0.764,1.694,-1.29
ADAUSDC,EMA,1h,"{""short_span"": 9, ""long_span"": 21}",flat,"{""sl_pct"": 3.0, ""tp_pct"": 6.0}",119,30.25,-53.18,-61.4,-1.542,0.719,5.682,-3.257
ADAUSDC,EMA,1h,"{""short_span"": 9, ""long_span"": 21}",atr,"{""atr_window"": 14, ""sl_mult"": 1.0, ""tp_mult"": 2.0}",184,32.61,-48.3,-56.29,-2.756,0.624,1.861,-1.412
ADAUSDC,EMA,1h,"{""short_span"": 9, ""long_span"": 21}",atr,"{""atr_window"": 14, ""sl_mult"": 1.5, ""tp_mult"": 3.0}",162,32.72,-50.68,-59.06,-2.124,0.674,2.885,-2.007
ADAUSDC,EMA,1h,"{""short_span"": 9, ""long_span"": 21}",atr,"{""atr_window"": 14, ""sl_mult"": 2.0, ""tp_mult"": 4.0}",139,31.65,-55.37,-67.16,-1.81,0.644,4.003,-2.625
ADAUSDC,EMA,1h,"{""short_span"": 12, ""long_span"": 26}",flat,"{""sl_pct"": 2.0, ""tp_pct"": 4.0}",121,28.93,-50.71,-57.22,-2.232,0.65,3.688,-2.27
ADAUSDC,EMA,1h,"{""short_span"": 12, ""long_span"": 26}",flat,"{""sl_pct"": 1.0, ""tp_pct"": 2.0}",144,31.94,-39.1,-41.38,-2.922,0.613,1.694,-1.286
ADAUSDC,EMA,1h,"{""short_span"": 12, ""long_span"": 26}",flat,"{""sl_pct"": 3.0, ""tp_pct"": 6.0}",98,31.63,-39.22,-48.3,-1.085,0.779,5.682,-3.246
ADAUSDC,EMA,1h,"{""short_span"": 12, ""long_span"": 26}",atr,"{""atr_window"": 14, ""sl_mult"": 1.0, ""tp_mult"": 2.0}",148,35.14,-39.25,-44.3,-2.509,0.645,1.733,-1.437
ADAUSDC,EMA,1h,"{""short_span"": 12, ""long_span"": 26}",atr,"{""atr_window"": 14, ""sl_mult"": 1.5, ""tp_mult"": 3.0}",137,33.58,-40.82,-48.77,-1.728,0.718,2.927,-2.01
ADAUSDC,EMA,1h,"{""short_span"": 12, ""long_span"": 26}",atr,"{""atr_window"": 14, ""sl_mult"": 2.0, ""tp_mult"": 4.0}",115,29.57,-55.39,-63.14,-2.115,0.618,4.036,-2.616
ADAUSDC,EMA,1h,"{""short_span"": 5, ""long_span"": 13}",flat,"{""sl_pct"": 2.0, ""tp_pct"": 4.0}",211,27.49,-77.3,-79.5,-3.454,0.58,3.629,-2.294
ADAUSDC,EMA,1h,"{""short_span"": 5, ""long_span"": 13}",flat,"{""sl_pct"": 1.0, ""tp_pct"": 2.0}",295,30.17,-70.1,-70.54,-4.593,0.568,1.678,-1.297
ADAUSDC,EMA,1h,"{""short_span"": 5, ""long_span"": 13}",flat,"{""sl_pct"": 3.0, ""tp_pct"": 6.0}",153,28.1,-74.25,-78.14,-2.445,0.615,5.556,-3.291
ADAUSDC,EMA,1h,"{""short_span"": 5, ""long_span"": 13}",atr,"{""atr_window"": 14, ""sl_mult"": 1.0, ""tp_mult"": 2.0}",296,29.73,-73.01,-77.51,-4.106,0.618,1.941,-1.431
ADAUSDC,EMA,1h,"{""short_span"": 5, ""long_span"": 13}",atr,"{""atr_window"": 14, ""sl_mult"": 1.5, ""tp_mult"": 3.0}",234,30.34,-69.95,-73.62,-2.651,0.641,3.11,-2.045
ADAUSDC,EMA,1h,"{""short_span"": 5, ""long_span"": 13}",atr,"{""atr_window"": 14, ""sl_mult"": 2.0, ""tp_mult"": 4.0}",176,28.41,-68.61,-72.42,-2.279,0.631,4.432,-2.596
ADAUSDC,MACD,1h,"{""fast"": 12, ""slow"": 26, ""signal"": 9}",flat,"{""sl_pct"": 2.0, ""tp_pct"": 4.0}",237,31.65,-65.8,-73.21,-2.293,0.705,3.647,-2.294
ADAUSDC,MACD,1h,"{""fast"": 12, ""slow"": 26, ""signal"": 9}",flat,"{""sl_pct"": 1.0, ""tp_pct"": 2.0}",306,31.37,-67.62,-69.7,-4.294,0.605,1.694,-1.297
ADAUSDC,MACD,1h,"{""fast"": 12, ""slow"": 26, ""signal"": 9}",flat,"{""sl_pct"": 3.0, ""tp_pct"": 6.0}",172,26.16,-83.67,-86.3,-3.083,0.61,5.568,-3.291
ADAUSDC,MACD,1h,"{""fast"": 12, ""slow"": 26, ""signal"": 9}",atr,"{""atr_window"": 14, ""sl_mult"": 1.0, ""tp_mult"": 2.0}",305,29.18,-77.67,-79.04,-4.74,0.541,1.951,-1.476
ADAUSDC,MACD,1h,"{""fast"": 12, ""slow"": 26, ""signal"": 9}",atr,"{""atr_window"": 14, ""sl_mult"": 1.5, ""tp_mult"": 3.0}",257,33.07,-65.31,-69.5,-2.229,0.694,3.168,-2.127
ADAUSDC,MACD,1h,"{""fast"": 12, ""slow"": 26, ""signal"": 9}",atr,"{""atr_window"": 14, ""sl_mult"": 2.0, ""tp_mult"": 4.0}",194,28.87,-79.58,-82.25,-2.86,0.593,4.259,-2.791
ADAUSDC,MACD,1h,"{""fast"": 5, ""slow"": 35, ""signal"": 5}",flat,"{""sl_pct"": 2.0, ""tp_pct"": 4.0}",320,30.94,-79.2,-83.93,-2.842,0.713,3.659,-2.294
ADAUSDC,MACD,1h,"{""fast"": 5, ""slow"": 35, ""signal"": 5}",flat,"{""sl_pct"": 1.0, ""tp_pct"": 2.0}",485,30.52,-85.21,-85.73,-5.959,0.559,1.694,-1.297
ADAUSDC,MACD,1h,"{""fast"": 5, ""slow"": 35, ""signal"": 5}",flat,"{""sl_pct"": 3.0, ""tp_pct"": 6.0}",204,27.45,-84.98,-88.84,-2.812,0.614,5.611,-3.291
ADAUSDC,MACD,1h,"{""fast"": 5, ""slow"": 35, ""signal"": 5}",atr,"{""atr_window"": 14, ""sl_mult"": 1.0, ""tp_mult"": 2.0}",468,32.05,-84.17,-85.88,-4.417,0.651,1.962,-1.482
ADAUSDC,MACD,1h,"{""fast"": 5, ""slow"": 35, ""signal"": 5}",atr,"{""atr_window"": 14, ""sl_mult"": 1.5, ""tp_mult"": 3.0}",322,30.75,-83.8,-85.18,-3.271,0.591,3.036,-2.114
ADAUSDC,MACD,1h,"{""fast"": 5, ""slow"": 35, ""signal"": 5}",atr,"{""atr_window"": 14, ""sl_mult"": 2.0, ""tp_mult"": 4.0}",226,30.97,-81.04,-84.59,-2.551,0.59,4.213,-2.86
ADAUSDC,MACD,1h,"{""fast"": 8, ""slow"": 21, ""signal"": 5}",flat,"{""sl_pct"": 2.0, ""tp_pct"": 4.0}",312,29.81,-82.47,-86.59,-3.298,0.689,3.657,-2.294
ADAUSDC,MACD,1h,"{""fast"": 8, ""slow"": 21, ""signal"": 5}",flat,"{""sl_pct"": 1.0, ""tp_pct"": 2.0}",442,29.19,-85.3,-85.81,-6.44,0.532,1.694,-1.297
ADAUSDC,MACD,1h,"{""fast"": 8, ""slow"": 21, ""signal"": 5}",flat,"{""sl_pct"": 3.0, ""tp_pct"": 6.0}",198,28.79,-79.93,-85.09,-2.381,0.652,5.612,-3.291
ADAUSDC,MACD,1h,"{""fast"": 8, ""slow"": 21, ""signal"": 5}",atr,"{""atr_window"": 14, ""sl_mult"": 1.0, ""tp_mult"": 2.0}",439,30.52,-85.12,-87.15,-5.019,0.638,2.001,-1.481
ADAUSDC,MACD,1h,"{""fast"": 8, ""slow"": 21, ""signal"": 5}",atr,"{""atr_window"": 14, ""sl_mult"": 1.5, ""tp_mult"": 3.0}",319,30.72,-82.57,-84.3,-3.274,0.631,3.055,-2.096
ADAUSDC,MACD,1h,"{""fast"": 8, ""slow"": 21, ""signal"": 5}",atr,"{""atr_window"": 14, ""sl_mult"": 2.0, ""tp_mult"": 4.0}",220,30.45,-78.87,-81.82,-2.419,0.64,4.268,-2.791
ADAUSDC,MACD,1h,"{""fast"": 12, ""slow"": 26, ""signal"": 5}",flat,"{""sl_pct"": 2.0, ""tp_pct"": 4.0}",283,30.04,-78.69,-80.72,-3.052,0.673,3.652,-2.294
ADAUSDC,MACD,1h,"{""fast"": 12, ""slow"": 26, ""signal"": 5}",flat,"{""sl_pct"": 1.0, ""tp_pct"": 2.0}",376,30.05,-78.42,-79.55,-5.37,0.557,1.694,-1.297
ADAUSDC,MACD,1h,"{""fast"": 12, ""slow"": 26, ""signal"": 5}",flat,"{""sl_pct"": 3.0, ""tp_pct"": 6.0}",185,26.49,-84.76,-87.7,-2.922,0.594,5.601,-3.291
ADAUSDC,MACD,1h,"{""fast"": 12, ""slow"": 26, ""signal"": 5}",atr,"{""atr_window"": 14, ""sl_mult"": 1.0, ""tp_mult"": 2.0}",381,29.92,-79.64,-80.64,-4.312,0.611,2.056,-1.45
ADAUSDC,MACD,1h,"{""fast"": 12, ""slow"": 26, ""signal"": 5}",atr,"{""atr_window"": 14, ""sl_mult"": 1.5, ""tp_mult"": 3.0}",281,30.25,-79.86,-81.49,-3.019,0.59,3.136,-2.126
ADAUSDC,MACD,1h,"{""fast"": 12, ""slow"": 26, ""signal"": 5}",atr,"{""atr_window"": 14, ""sl_mult"": 2.0, ""tp_mult"": 4.0}",209,30.14,-77.41,-80.98,-2.375,0.623,4.389,-2.818
ADAUSDC,BOLL,1h,"{""window"": 14, ""window_dev"": 1.5}",flat,"{""sl_pct"": 2.0, ""tp_pct"": 4.0}",343,30.61,-82.38,-85.26,-2.997,0.699,3.672,-2.294
ADAUSDC,BOLL,1h,"{""window"": 14, ""window_dev"": 1.5}",flat,"{""sl_pct"": 1.0, ""tp_pct"": 2.0}",557,30.52,-88.85,-89.6,-5.782,0.607,1.694,-1.297
ADAUSDC,BOLL,1h,"{""window"": 14, ""window_dev"": 1.5}",flat,"{""sl_pct"": 3.0, ""tp_pct"": 6.0}",212,26.89,-87.64,-89.47,-3.059,0.637,5.583,-3.291
ADAUSDC,BOLL,1h,"{""window"": 14, ""window_dev"": 1.5}",atr,"{""atr_window"": 14, ""sl_mult"": 1.0, ""tp_mult"": 2.0}",517,30.37,-90.53,-91.38,-5.031,0.627,2.051,-1.524
ADAUSDC,BOLL,1h,"{""window"": 14, ""window_dev"": 1.5}",atr,"{""atr_window"": 14, ""sl_mult"": 1.5, ""tp_mult"": 3.0}",331,29.91,-87.26,-88.96,-3.484,0.634,3.148,-2.179
ADAUSDC,BOLL,1h,"{""window"": 14, ""window_dev"": 1.5}",atr,"{""atr_window"": 14, ""sl_mult"": 2.0, ""tp_mult"": 4.0}",238,28.15,-87.82,-90.29,-3.208,0.601,4.382,-2.855
ADAUSDC,BOLL,1h,"{""window"": 14, ""window_dev"": 2}",flat,"{""sl_pct"": 2.0, ""tp_pct"": 4.0}",235,29.79,-73.02,-76.59,-2.87,0.674,3.663,-2.294
ADAUSDC,BOLL,1h,"{""window"": 14, ""window_dev"": 2}",flat,"{""sl_pct"": 1.0, ""tp_pct"": 2.0}",318,31.13,-69.72,-71.55,-4.448,0.61,1.694,-1.297
ADAUSDC,BOLL,1h,"{""window"": 14, ""window_dev"": 2}",flat,"{""sl_pct"": 3.0, ""tp_pct"": 6.0}",160,25.62,-81.48,-84.31,-2.97,0.585,5.682,-3.266
ADAUSDC,BOLL,1h,"{""window"": 14, ""window_dev"": 2}",atr,"{""atr_window"": 14, ""sl_mult"": 1.0, ""tp_mult"": 2.0}",309,33.01,-58.94,-65.61,-2.414,0.746,2.256,-1.511
ADAUSDC,BOLL,1h,"{""window"": 14, ""window_dev"": 2}",atr,"{""atr_window"": 14, ""sl_mult"": 1.5, ""tp_mult"": 3.0}",230,29.13,-78.15,-81.92,-3.161,0.6,3.206,-2.197
ADAUSDC,BOLL,1h,"{""window"": 14, ""window_dev"": 2}",atr,"{""atr_window"": 14, ""sl_mult"": 2.0, ""tp_mult"": 4.0}",187,25.13,-87.06,-89.16,-3.593,0.495,4.325,-2.826
ADAUSDC,BOLL,1h,"{""window"": 14, ""window_dev"": 2.5}",flat,"{""sl_pct"": 2.0, ""tp_pct"": 4.0}",112,30.36,-45.84,-51.33,-1.89,0.646,3.584,-2.294
ADAUSDC,BOLL,1h,"{""window"": 14, ""window_dev"": 2.5}",flat,"{""sl_pct"": 1.0, ""tp_pct"": 2.0}",125,31.2,-37.31,-40.32,-2.895,0.587,1.694,-1.297
ADAUSDC,BOLL,1h,"{""window"": 14, ""window_dev"": 2.5}",flat,"{""sl_pct"": 3.0, ""tp_pct"": 6.0}",95,27.37,-60.38,-66.57,-2.021,0.607,5.469,-3.291
ADAUSDC,BOLL,1h,"{""window"": 14, ""window_dev"": 2.5}",atr,"{""atr_window"": 14, ""sl_mult"": 1.0, ""tp_mult"": 2.0}",125,32.0,-35.92,-41.04,-2.028,0.643,2.182,-1.525
ADAUSDC,BOLL,1h,"{""window"": 14, ""window_dev"": 2.5}",atr,"{""atr_window"": 14, ""sl_mult"": 1.5, ""tp_mult"": 3.0}",116,27.59,-55.04,-58.25,-2.462,0.551,3.354,-2.178
ADAUSDC,BOLL,1h,"{""window"": 14, ""window_dev"": 2.5}",atr,"{""atr_window"": 14, ""sl_mult"": 2.0, ""tp_mult"": 4.0}",98,26.53,-60.45,-67.55,-2.342,0.52,4.398,-2.792
ADAUSDC,BOLL,1h,"{""window"": 20, ""window_dev"": 1.5}",flat,"{""sl_pct"": 2.0, ""tp_pct"": 4.0}",312,29.81,-82.27,-84.11,-3.145,0.671,3.669,-2.294
ADAUSDC,BOLL,1h,"{""window"": 20, ""window_dev"": 1.5}",flat,"{""sl_pct"": 1.0, ""tp_pct"": 2.0}",516,30.23,-87.47,-87.93,-5.634,0.585,1.694,-1.297
ADAUSDC,BOLL,1h,"{""window"": 20, ""window_dev"": 1.5}",flat,"{""sl_pct"": 3.0, ""tp_pct"": 6.0}",203,27.59,-83.37,-86.54,-2.613,0.663,5.682,-3.271
ADAUSDC,BOLL,1h,"{""window"": 20, ""window_dev"": 1.5}",atr,"{""atr_window"": 14, ""sl_mult"": 1.0, ""tp_mult"": 2.0}",468,31.2,-83.91,-86.01,-3.869,0.67,2.178,-1.527
ADAUSDC,BOLL,1h,"{""window"": 20, ""window_dev"": 1.5}",atr,"{""atr_window"": 14, ""sl_mult"": 1.5, ""tp_mult"": 3.0}",302,27.48,-88.92,-91.1,-3.775,0.605,3.301,-2.202
ADAUSDC,BOLL,1h,"{""window"": 20, ""window_dev"": 1.5}",atr,"{""atr_window"": 14, ""sl_mult"": 2.0, ""tp_mult"": 4.0}",218,28.9,-85.46,-87.72,-2.983,0.598,4.258,-2.88
ADAUSDC,BOLL,1h,"{""window"": 20, ""window_dev"": 2}",flat,"{""sl_pct"": 2.0, ""tp_pct"": 4.0}",214,28.04,-76.19,-78.19,-3.288,0.614,3.629,-2.294
ADAUSDC,BOLL,1h,"{""window"": 20, ""window_dev"": 2}",flat,"{""sl_pct"": 1.0, ""tp_pct"": 2.0}",303,28.71,-74.26,-75.74,-5.172,0.553,1.694,-1.297
ADAUSDC,BOLL,1h,"{""window"": 20, ""window_dev"": 2}",flat,"{""sl_pct"": 3.0, ""tp_pct"": 6.0}",153,27.45,-76.47,-79.19,-2.529,0.597,5.55,-3.291
ADAUSDC,BOLL,1h,"{""window"": 20, ""window_dev"": 2}",atr,"{""atr_window"": 14, ""sl_mult"": 1.0, ""tp_mult"": 2.0}",286,31.12,-66.74,-69.91,-3.231,0.664,2.231,-1.537
ADAUSDC,BOLL,1h,"{""window"": 20, ""window_dev"": 2}",atr,"{""atr_window"": 14, ""sl_mult"": 1.5, ""tp_mult"": 3.0}",212,29.25,-75.66,-79.7,-2.992,0.586,3.206,-2.213
ADAUSDC,BOLL,1h,"{""window"": 20, ""window_dev"": 2}",atr,"{""atr_window"": 14, ""sl_mult"": 2.0, ""tp_mult"": 4.0}",161,24.22,-85.0,-85.71,-3.4,0.436,4.416,-2.878
ADAUSDC,BOLL,1h,"{""window"": 20, ""window_dev"": 2.5}",flat,"{""sl_pct"": 2.0, ""tp_pct"": 4.0}",113,21.24,-69.75,-71.45,-3.719,0.385,3.688,-2.294
ADAUSDC,BOLL,1h,"{""window"": 20, ""window_dev"": 2.5}",flat,"{""sl_pct"": 1.0, ""tp_pct"": 2.0}",136,25.0,-53.23,-54.57,-4.397,0.41,1.694,-1.297
ADAUSDC,BOLL,1h,"{""window"": 20, ""window_dev"": 2.5}",flat,"{""sl_pct"": 3.0, ""tp_pct"": 6.0}",95,26.32,-61.73,-67.95,-2.188,0.613,5.682,-3.291
ADAUSDC,BOLL,1h,"{""window"": 20, ""window_dev"": 2.5}",atr,"{""atr_window"": 14, ""sl_mult"": 1.0, ""tp_mult"": 2.0}",134,24.63,-52.0,-52.6,-2.97,0.526,2.581,-1.538
ADAUSDC,BOLL,1h,"{""window"": 20, ""window_dev"": 2.5}",atr,"{""atr_window"": 14, ""sl_mult"": 1.5, ""tp_mult"": 3.0}",107,24.3,-63.25,-64.69,-2.646,0.403,3.406,-2.272
ADAUSDC,BOLL,1h,"{""window"": 20, ""window_dev"": 2.5}",atr,"{""atr_window"": 14, ""sl_mult"": 2.0, ""tp_mult"": 4.0}",94,26.6,-62.88,-68.92,-2.235,0.502,4.559,-2.982
ADAUSDC,MOM,1h,"{""window"": 5, ""buy_threshold"": 2, ""sell_threshold"": -2}",flat,"{""sl_pct"": 2.0, ""tp_pct"": 4.0}",230,30.0,-70.96,-75.86,-2.776,0.679,3.688,-2.294
ADAUSDC,MOM,1h,"{""window"": 5, ""buy_threshold"": 2, ""sell_threshold"": -2}",flat,"{""sl_pct"": 1.0, ""tp_pct"": 2.0}",337,33.23,-65.16,-67.95,-3.889,0.631,1.694,-1.297
ADAUSDC,MOM,1h,"{""window"": 5, ""buy_threshold"": 2, ""sell_threshold"": -2}",flat,"{""sl_pct"": 3.0, ""tp_pct"": 6.0}",156,32.05,-54.31,-73.02,-1.255,0.797,5.682,-3.291
ADAUSDC,MOM,1h,"{""window"": 5, ""buy_threshold"": 2, ""sell_threshold"": -2}",atr,"{""atr_window"": 14, ""sl_mult"": 1.0, ""tp_mult"": 2.0}",281,32.03,-70.48,-73.42,-3.467,0.613,2.262,-1.675
ADAUSDC,MOM,1h,"{""window"": 5, ""buy_threshold"": 2, ""sell_threshold"": -2}",atr,"{""atr_window"": 14, ""sl_mult"": 1.5, ""tp_mult"": 3.0}",213,34.74,-52.07,-64.17,-1.464,0.758,3.494,-2.321
ADAUSDC,MOM,1h,"{""window"": 5, ""buy_threshold"": 2, ""sell_threshold"": -2}",atr,"{""atr_window"": 14, ""sl_mult"": 2.0, ""tp_mult"": 4.0}",146,32.19,-56.82,-71.26,-1.454,0.723,4.868,-3.039
ADAUSDC,MOM,1h,"{""window"": 5, ""buy_threshold"": 3, ""sell_threshold"": -3}",flat,"{""sl_pct"": 2.0, ""tp_pct"": 4.0}",141,31.21,-48.16,-55.5,-1.946,0.713,3.688,-2.294
ADAUSDC,MOM,1h,"{""window"": 5, ""buy_threshold"": 3, ""sell_threshold"": -3}",flat,"{""sl_pct"": 1.0, ""tp_pct"": 2.0}",182,32.42,-45.87,-47.58,-3.183,0.605,1.694,-1.297
ADAUSDC,MOM,1h,"{""window"": 5, ""buy_threshold"": 3, ""sell_threshold"": -3}",flat,"{""sl_pct"": 3.0, ""tp_pct"": 6.0}",111,27.03,-65.08,-73.64,-2.293,0.668,5.682,-3.291
ADAUSDC,MOM,1h,"{""window"": 5, ""buy_threshold"": 3, ""sell_threshold"": -3}",atr,"{""atr_window"": 14, ""sl_mult"": 1.0, ""tp_mult"": 2.0}",155,34.19,-40.57,-48.54,-1.817,0.733,2.523,-1.784
ADAUSDC,MOM,1h,"{""window"": 5, ""buy_threshold"": 3, ""sell_threshold"": -3}",atr,"{""atr_window"": 14, ""sl_mult"": 1.5, ""tp_mult"": 3.0}",125,33.6,-41.03,-51.76,-1.275,0.745,3.824,-2.492
ADAUSDC,MOM,1h,"{""window"": 5, ""buy_threshold"": 3, ""sell_threshold"": -3}",atr,"{""atr_window"": 14, ""sl_mult"": 2.0, ""tp_mult"": 4.0}",97,29.9,-52.93,-64.08,-1.531,0.659,5.283,-3.227
ADAUSDC,MOM,1h,"{""window"": 5, ""buy_threshold"": 5, ""sell_threshold"": -5}",flat,"{""sl_pct"": 2.0, ""tp_pct"": 4.0}",40,35.0,-9.17,-19.62,-0.56,0.851,3.688,-2.294
ADAUSDC,MOM,1h,"{""window"": 5, ""buy_threshold"": 5, ""sell_threshold"": -5}",flat,"{""sl_pct"": 1.0, ""tp_pct"": 2.0}",49,40.82,-4.15,-12.42,-0.342,0.888,1.694,-1.297
ADAUSDC,MOM,1h,"{""window"": 5, ""buy_threshold"": 5, ""sell_threshold"": -5}",flat,"{""sl_pct"": 3.0, ""tp_pct"": 6.0}",35,28.57,-24.71,-36.0,-1.207,0.703,5.682,-3.291
ADAUSDC,MOM,1h,"{""window"": 5, ""buy_threshold"": 5, ""sell_threshold"": -5}",atr,"{""atr_window"": 14, ""sl_mult"": 1.0, ""tp_mult"": 2.0}",42,35.71,-11.56,-17.99,-0.789,0.787,2.89,-2.009
ADAUSDC,MOM,1h,"{""window"": 5, ""buy_threshold"": 5, ""sell_threshold"": -5}",atr,"{""atr_window"": 14, ""sl_mult"": 1.5, ""tp_mult"": 3.0}",34,35.29,-10.63,-28.97,-0.326,0.827,4.428,-2.81
ADAUSDC,MOM,1h,"{""window"": 5, ""buy_threshold"": 5, ""sell_threshold"": -5}",atr,"{""atr_window"": 14, ""sl_mult"": 2.0, ""tp_mult"": 4.0}",32,25.0,-34.6,-42.55,-1.277,0.546,6.105,-3.638
ADAUSDC,MOM,1h,"{""window"": 10, ""buy_threshold"": 2, ""sell_threshold"": -2}",flat,"{""sl_pct"": 2.0, ""tp_pct"": 4.0}",244,31.15,-67.6,-74.06,-2.575,0.73,3.688,-2.283
ADAUSDC,MOM,1h,"{""window"": 10, ""buy_threshold"": 2, ""sell_threshold"": -2}",flat,"{""sl_pct"": 1.0, ""tp_pct"": 2.0}",429,31.47,-78.99,-80.67,-5.659,0.602,1.694,-1.294
ADAUSDC,MOM,1h,"{""window"": 10, ""buy_threshold"": 2, ""sell_threshold"": -2}",flat,"{""sl_pct"": 3.0, ""tp_pct"": 6.0}",170,28.24,-75.35,-83.98,-2.416,0.672,5.682,-3.268
ADAUSDC,MOM,1h,"{""window"": 10, ""buy_threshold"": 2, ""sell_threshold"": -2}",atr,"{""atr_window"": 14, ""sl_mult"": 1.0, ""tp_mult"": 2.0}",354,32.77,-73.14,-77.42,-3.791,0.658,2.173,-1.585
ADAUSDC,MOM,1h,"{""window"": 10, ""buy_threshold"": 2, ""sell_threshold"": -2}",atr,"{""atr_window"": 14, ""sl_mult"": 1.5, ""tp_mult"": 3.0}",249,32.53,-66.58,-75.23,-2.158,0.692,3.344,-2.207
ADAUSDC,MOM,1h,"{""window"": 10, ""buy_threshold"": 2, ""sell_threshold"": -2}",atr,"{""atr_window"": 14, ""sl_mult"": 2.0, ""tp_mult"": 4.0}",174,31.03,-63.52,-74.03,-1.773,0.728,4.641,-2.828
ADAUSDC,MOM,1h,"{""window"": 10, ""buy_threshold"": 3, ""sell_threshold"": -3}",flat,"{""sl_pct"": 2.0, ""tp_pct"": 4.0}",174,30.46,-58.85,-64.8,-2.594,0.697,3.688,-2.294
ADAUSDC,MOM,1h,"{""window"": 10, ""buy_threshold"": 3, ""sell_threshold"": -3}",flat,"{""sl_pct"": 1.0, ""tp_pct"": 2.0}",261,33.33,-55.47,-58.85,-3.454,0.63,1.694,-1.297
ADAUSDC,MOM,1h,"{""window"": 10, ""buy_threshold"": 3, ""sell_threshold"": -3}",flat,"{""sl_pct"": 3.0, ""tp_pct"": 6.0}",130,28.46,-65.59,-73.55,-2.202,0.684,5.682,-3.291
ADAUSDC,MOM,1h,"{""window"": 10, ""buy_threshold"": 3, ""sell_threshold"": -3}",atr,"{""atr_window"": 14, ""sl_mult"": 1.0, ""tp_mult"": 2.0}",211,31.28,-64.73,-68.5,-3.559,0.547,2.249,-1.713
ADAUSDC,MOM,1h,"{""window"": 10, ""buy_threshold"": 3, ""sell_threshold"": -3}",atr,"{""atr_window"": 14, ""sl_mult"": 1.5, ""tp_mult"": 3.0}",163,36.2,-36.27,-55.83,-1.026,0.813,3.536,-2.369
ADAUSDC,MOM,1h,"{""window"": 10, ""buy_threshold"": 3, ""sell_threshold"": -3}",atr,"{""atr_window"": 14, ""sl_mult"": 2.0, ""tp_mult"": 4.0}",124,33.06,-47.48,-62.25,-1.185,0.765,4.854,-3.055
ADAUSDC,MOM,1h,"{""window"": 10, ""buy_threshold"": 5, ""sell_threshold"": -5}",flat,"{""sl_pct"": 2.0, ""tp_pct"": 4.0}",65,33.85,-18.2,-24.44,-0.947,0.81,3.688,-2.294
ADAUSDC,MOM,1h,"{""window"": 10, ""buy_threshold"": 5, ""sell_threshold"": -5}",flat,"{""sl_pct"": 1.0, ""tp_pct"": 2.0}",93,32.26,-27.25,-28.62,-2.311,0.615,1.694,-1.297
ADAUSDC,MOM,1h,"{""window"": 10, ""buy_threshold"": 5, ""sell_threshold"": -5}",flat,"{""sl_pct"": 3.0, ""tp_pct"": 6.0}",54,24.07,-47.97,-52.88,-2.233,0.554,5.682,-3.291
ADAUSDC,MOM,1h,"{""window"": 10, ""buy_threshold"": 5, ""sell_threshold"": -5}",atr,"{""atr_window"": 14, ""sl_mult"": 1.0, ""tp_mult"": 2.0}",72,29.17,-32.74,-35.31,-2.409,0.601,2.719,-1.861
ADAUSDC,MOM,1h,"{""window"": 10, ""buy_threshold"": 5, ""sell_threshold"": -5}",atr,"{""atr_window"": 14, ""sl_mult"": 1.5, ""tp_mult"": 3.0}",59,37.29,-9.86,-27.43,-0.249,0.894,4.119,-2.633
ADAUSDC,MOM,1h,"{""window"": 10, ""buy_threshold"": 5, ""sell_threshold"": -5}",atr,"{""atr_window"": 14, ""sl_mult"": 2.0, ""tp_mult"": 4.0}",50,24.0,-45.43,-51.93,-1.678,0.51,5.854,-3.315
